,Dothideomycetes,Unclassified,Sordariomycetes,Monocotyledonae,Tremellomycetes,Leotiomycetes,Eurotiomycetes,Saccharomycetes,Lecanoromycetes,Pezizomycetes,Eudicotyledonae,Agaricomycetes,Microbotryomycetes,Arthoniomycetes,Basidiobolomycetes,Cystobasidiomycetes,Lichinomycetes,Atractiellomycetes,Orbiliomycetes,Taphrinomycetes,Wallemiomycetes,Mortierellomycetes,Agaricostilbomycetes,Archaeorhizomycetes,Sareomycetes,Blastocladiomycetes,Mucoromycetes,Schizosaccharomycetes,Candelariomycetes,Calcarisporiellomycetes,Xylonomycetes,Glomeromycetes,Arachnida,Myxogastrea,Archaeosporomycetes,Spiculogloeomycetes,Tritirachiomycetes,Polypodiopsida,Pucciniomycetes,Geoglossomycetes
SL1501,76,1646,15,0,0,0,9,3,2,0,0,4,1,0,0,0,0,0,0,0,0,0,0,0,0,0,0,0,0,0,0,0,0,0,0,0,0,0,0,0
SL1502,67,1006,11,5,3,3,41,2,1,0,0,6,2,0,0,0,0,0,0,0,0,0,0,0,0,0,0,0,0,0,0,0,0,0,0,0,0,0,0,0
SL1503,67,4446,63,0,11,1,28,11,7,2,0,23,2,2,2,2,1,0,0,0,0,5,0,0,0,0,0,0,0,0,0,0,0,0,0,0,0,0,0,0
SL1504,94,1104,10,1,16,1,8,8,6,0,0,12,3,2,7,3,1,0,0,0,2,0,0,0,0,0,0,0,0,0,0,0,0,0,0,0,0,0,0,0
SL1505,121,1847,11,1,23,0,11,7,0,1,0,22,1,3,0,3,0,0,1,0,0,0,0,0,0,0,0,0,0,0,0,0,0,0,0,0,0,0,0,0
SL1506,84,1770,18,2,7,0,69,11,3,1,0,8,1,0,0,0,2,2,0,0,0,0,0,0,0,0,0,0,1,0,0,0,0,0,0,0,0,0,0,0
SL1507,28,988,17,1,7,0,69,5,1,0,0,9,1,0,0,1,0,0,0,0,0,1,0,0,0,0,0,0,0,0,0,0,0,0,0,0,0,0,0,0
SL1508,103,2535,33,3,17,0,79,10,4,0,0,21,1,0,0,3,2,3,1,1,2,0,0,0,0,0,0,0,0,0,0,0,0,0,0,0,0,0,0,0
SL1509,91,1431,24,1,12,0,126,6,4,2,1,7,1,1,0,3,0,0,0,0,0,0,0,0,0,0,0,0,0,0,0,0,0,0,0,0,0,0,0,0
SL1510,36,1009,28,2,11,0,11,7,2,1,0,13,2,0,1,2,0,0,0,0,1,0,0,0,0,0,0,0,0,0,0,0,0,0,0,0,0,0,0,0
SL1511,40,1396,23,1,6,0,60,5,2,1,0,12,3,0,0,3,1,0,0,0,0,0,0,0,0,0,0,0,0,0,0,0,0,0,0,0,0,0,0,0
SL1512,87,2400,4,4,5,5,8,9,16,1,1,13,1,0,28,6,1,0,0,0,0,1,0,0,0,0,0,0,0,0,0,0,0,0,0,0,0,0,0,0
SL1513,99,2111,11,2,18,0,9,7,4,0,0,18,2,1,0,1,1,0,0,1,0,0,0,0,0,0,0,0,0,0,0,0,0,0,0,0,0,0,0,0
SL1514,71,2370,18,4,10,0,4,5,9,0,1,5,2,0,0,1,2,0,0,0,0,0,0,0,0,1,0,0,0,0,0,0,0,0,0,0,0,0,0,0
SL1515,139,2215,13,2,14,0,26,7,16,0,0,13,1,4,0,5,3,0,0,0,0,0,0,0,0,0,0,0,0,0,0,0,0,0,0,0,0,0,0,0
SL1516,157,3752,46,6,15,7,43,15,13,2,0,35,1,8,0,4,2,0,2,0,3,5,0,0,0,0,0,0,0,0,0,0,0,0,1,0,0,0,0,0
SL1517,128,1075,19,1,18,0,73,1,2,0,0,9,1,3,0,2,1,1,0,0,0,0,0,0,0,0,0,0,0,0,0,0,0,0,0,0,0,0,0,0
SL1518,69,1923,15,4,9,0,7,8,34,0,0,21,2,0,3,5,0,0,0,0,0,0,0,0,0,0,0,0,0,0,0,0,0,0,0,0,0,0,0,0
SL1519,5,1174,1,0,8,0,1,12,1,0,0,4,0,1,0,1,0,0,0,0,0,0,0,0,0,0,0,0,0,0,0,0,0,0,0,0,0,0,0,0
SL1520,74,1058,3,4,2,0,3,3,0,1,0,4,1,0,1,0,0,0,0,0,0,0,0,0,0,0,0,0,0,0,0,0,0,0,1,0,0,0,0,0
SL1521,144,1594,25,1,15,1,4,7,2,0,0,30,0,2,0,3,0,0,0,0,0,0,0,0,0,0,0,0,0,0,0,0,0,0,0,0,0,0,0,0
SL1522,92,1805,3,3,5,0,4,7,4,0,0,6,1,1,0,5,1,0,0,0,0,0,0,0,0,0,0,0,0,0,0,0,0,0,0,0,0,0,0,0
SL1523,120,2600,22,2,17,2,28,9,3,0,0,11,2,1,3,2,0,2,0,3,0,0,0,0,0,0,0,0,0,0,0,0,0,0,0,0,0,0,0,0
SL1524,141,2388,37,2,15,2,101,5,3,5,0,20,2,1,0,5,1,2,1,0,2,1,0,0,0,0,0,0,0,0,0,0,0,0,0,0,0,0,0,0
SL1525,49,1400,16,1,3,2,165,5,2,0,0,19,1,1,2,1,0,0,1,0,0,0,0,0,0,0,0,0,0,0,0,0,0,0,0,0,0,0,0,0
SL1526,65,1006,11,6,2,1,59,5,12,0,0,10,0,0,1,2,0,0,3,0,0,0,0,0,0,0,0,0,0,0,0,0,0,0,0,0,0,0,0,0
SL1527,14,1133,1,1,1,4,1,5,1,0,0,4,1,0,0,1,0,0,0,0,0,0,0,0,0,0,0,0,0,0,0,0,0,0,0,0,0,0,0,0
SL1528,25,623,7,0,5,0,6,3,1,1,2,10,1,0,12,0,0,1,0,0,0,0,0,0,0,0,0,0,0,0,0,0,0,0,0,0,0,0,0,0
SL1529,130,1887,23,2,24,3,6,11,7,0,1,39,1,1,2,5,0,0,0,2,0,0,0,0,0,0,0,0,0,0,0,0,0,0,0,0,0,1,0,0
SL1530,17,1702,18,0,5,0,6,8,1,1,0,1,1,0,0,1,0,0,0,0,0,0,0,0,0,0,0,1,0,0,0,0,0,0,0,0,0,0,0,0
SL1531,78,1047,9,1,2,1,2,8,2,0,2,7,0,0,0,0,0,0,0,0,0,0,0,0,0,0,0,0,0,0,0,0,0,0,0,0,0,0,0,0
SL1532,122,2451,16,3,15,0,92,10,2,1,0,22,2,0,0,5,2,2,3,0,0,0,0,0,0,0,0,0,0,0,0,0,0,0,0,0,0,0,0,0
SL1533,70,1528,114,1,3,1,40,6,2,1,0,8,1,0,0,2,0,0,0,0,0,0,0,0,0,0,0,0,0,0,0,0,0,0,0,0,0,0,0,0
SL1534,27,2258,190,0,1,1,8,6,29,0,0,6,1,0,1,2,0,0,0,0,0,1,0,0,0,0,0,0,0,0,0,0,0,0,1,0,0,0,0,0
SL1535,26,1046,46,2,6,2,70,4,0,0,0,9,1,0,0,2,0,1,0,0,0,0,0,3,0,0,0,0,0,0,0,0,0,0,0,0,0,0,0,0
SL1536,25,520,10,2,8,0,11,4,3,1,0,13,2,1,0,2,0,0,0,0,0,0,0,0,0,0,0,0,0,0,0,0,0,0,0,0,0,0,0,0
SL1537,126,2245,114,0,29,5,7,7,0,1,0,26,2,2,2,1,0,0,0,0,0,1,0,0,0,0,0,0,0,0,0,0,0,0,0,0,0,0,0,0
SL1538,98,1863,83,0,14,0,12,6,0,0,0,7,2,0,0,8,0,0,0,0,0,0,0,0,0,0,0,0,0,0,0,0,0,0,0,0,0,0,0,0
SL1539,57,1303,3,0,14,0,17,4,0,0,0,25,2,1,2,5,0,0,0,0,1,0,0,0,0,0,0,0,0,0,0,0,0,0,0,0,0,0,0,0
SL1540,8,236,1,0,0,0,5,0,3,0,0,1,1,0,0,1,0,0,0,0,0,0,0,0,0,0,0,0,0,0,0,0,0,0,0,0,0,0,0,0
SL1541,24,1210,13,3,4,0,9,5,0,0,0,6,5,0,0,1,0,0,0,0,0,0,0,0,0,0,0,0,0,0,0,1,0,0,0,0,0,0,0,0
SL1542,81,1405,18,2,7,0,5,2,1,1,0,8,1,3,0,3,0,0,0,0,0,0,0,0,0,0,0,0,0,0,0,0,0,0,0,0,0,0,0,0
SL1543,8,1213,3,0,7,0,1,11,2,0,0,4,1,0,0,2,0,0,0,0,0,0,0,0,0,0,0,0,0,0,0,0,0,0,0,0,0,0,0,0
SL1544,40,1243,162,0,1,0,1,4,1,0,2,3,1,3,7,2,1,0,0,0,0,0,0,0,0,0,0,0,0,0,0,0,0,0,0,0,0,0,0,0
SL1545,145,1951,68,0,37,1,18,3,3,0,0,49,3,4,7,6,0,0,0,0,0,0,1,0,0,0,1,0,0,0,0,0,0,0,0,0,0,0,0,0
SL1546,68,1606,156,0,2,0,19,6,4,0,0,17,1,0,0,1,5,0,0,0,6,0,0,0,0,0,0,0,0,0,0,0,0,0,0,0,0,0,0,0
SL1547,122,2530,72,1,4,0,7,14,20,2,0,11,1,0,0,6,1,0,0,0,0,0,0,0,0,0,0,0,0,0,0,0,0,0,0,0,0,0,0,0
SL1548,83,3279,28,2,11,3,50,12,8,1,0,11,2,0,3,3,3,1,0,0,1,0,0,0,0,0,0,0,0,0,0,0,0,0,1,0,0,0,0,0
SL1549,64,1412,78,6,5,0,5,3,0,0,0,8,2,0,15,3,0,0,0,0,0,0,0,0,0,0,0,0,0,0,0,0,0,0,0,0,0,0,0,0
SL1550,59,1895,175,0,1,9,22,8,3,0,2,29,3,0,32,2,0,0,0,0,0,0,0,5,0,0,0,0,0,0,0,0,0,0,0,0,0,0,0,0
SL1551,32,1140,179,0,5,0,3,3,2,0,1,3,1,1,9,2,0,0,0,0,0,2,0,0,0,0,0,0,0,0,0,0,0,0,0,0,0,0,0,0
SL1552,7,13,4,0,4,0,0,0,0,0,0,1,0,0,0,1,0,0,0,0,0,0,0,0,0,0,0,0,0,0,0,0,0,0,0,0,0,0,0,0
SL1553,27,406,9,0,6,0,6,0,3,0,0,4,4,0,0,0,0,0,0,0,0,0,0,0,0,0,0,0,0,0,0,0,0,0,0,0,0,0,0,0
SL1554,51,715,113,1,4,0,70,10,0,0,0,7,0,0,2,1,5,3,0,0,0,0,0,0,0,0,0,0,0,0,0,0,0,0,0,0,0,0,0,0
SL1555,70,1387,10,0,13,0,9,3,2,1,0,16,1,3,2,4,0,0,0,0,0,0,0,0,0,0,0,0,0,0,0,0,0,0,0,0,0,0,0,0
SL1556,90,3623,62,0,4,2,21,10,7,6,0,17,2,0,0,3,4,0,1,0,0,0,0,0,0,0,0,0,0,0,0,0,0,0,0,0,0,0,0,0
SL1557,36,1253,162,0,7,0,4,17,1,1,3,4,1,1,3,2,0,0,0,0,0,0,0,0,0,0,0,0,0,0,0,0,0,0,0,0,0,0,0,0
SL1558,38,2200,196,1,0,0,2,8,10,0,0,2,1,1,3,1,3,0,0,0,0,0,0,1,0,0,0,0,0,0,0,0,0,0,0,0,0,0,0,0
SL1559,55,1289,186,4,8,2,5,4,4,0,0,4,0,0,1,1,0,0,0,1,0,0,0,0,0,0,0,0,0,0,0,0,0,0,0,0,0,0,0,0
SL1560,47,422,4,0,13,0,2,1,0,0,0,3,0,0,0,1,0,0,0,0,0,1,0,0,0,0,0,0,0,0,0,0,0,0,0,0,0,0,0,0
SL1561,145,1765,73,0,26,4,27,7,18,7,1,53,3,5,24,3,3,0,2,2,0,2,0,0,0,0,1,1,0,1,0,1,0,0,0,0,0,0,0,0
SL1562,111,1634,32,4,22,0,7,11,0,0,1,25,1,0,0,5,3,0,0,1,0,0,0,0,0,0,0,0,0,0,0,0,0,0,0,0,0,0,0,0
SL1563,82,918,19,2,6,1,180,8,4,0,0,19,1,0,0,2,0,1,3,0,0,0,0,0,0,0,0,0,0,0,0,0,0,0,0,0,0,0,0,0
SL1564,58,1381,5,1,11,1,15,4,1,0,0,15,2,0,0,1,0,0,0,1,1,0,0,0,0,0,0,0,0,0,0,0,0,0,0,0,0,0,0,0
SL1565,66,1780,60,0,7,0,17,8,3,0,0,2,1,0,1,2,0,0,0,0,0,0,0,0,0,0,0,0,0,0,0,0,0,0,0,0,0,0,0,0
SL1566,80,911,127,0,4,0,21,6,0,0,2,7,0,3,0,1,0,0,1,0,0,0,0,0,0,0,0,0,0,0,0,0,0,0,0,0,0,0,0,0
SL1567,52,1499,147,1,1,1,108,7,6,2,0,12,1,0,6,2,1,0,0,1,0,0,0,0,0,0,0,0,0,0,0,0,0,0,0,0,0,0,0,0
SL1568,86,2381,84,3,8,2,11,8,4,1,0,4,2,0,1,1,0,0,0,0,1,1,0,0,0,0,0,0,0,0,0,0,0,0,1,0,0,0,0,0
SL1569,126,2207,170,0,42,5,18,8,2,2,0,34,4,2,1,1,0,0,0,2,0,1,0,0,0,0,1,0,0,0,0,0,0,0,0,0,0,0,0,0
SL1570,73,2885,185,0,6,0,12,8,8,0,0,9,1,0,4,4,0,0,0,0,0,2,0,0,0,0,0,0,0,0,0,0,0,0,0,0,0,0,0,0
SL1571,121,1672,53,2,26,1,16,8,1,0,0,17,3,1,0,5,0,0,0,0,1,0,0,0,0,0,0,1,0,0,0,0,0,0,0,0,0,0,0,0
SL1572,43,3733,77,0,6,1,15,12,5,1,1,13,1,0,0,3,0,0,0,0,0,0,0,0,0,0,0,0,0,0,0,0,0,0,1,0,0,0,0,0
SL1573,49,1744,192,0,2,0,30,4,0,1,0,3,2,0,5,0,0,2,0,0,0,0,0,0,0,0,0,0,0,0,0,0,0,0,0,0,0,0,0,0
SL1574,27,1480,4,0,2,0,7,5,3,1,0,3,2,0,1,1,0,1,0,0,1,0,0,0,0,0,0,0,0,0,0,0,0,0,0,0,0,0,0,0
SL1575,65,954,173,0,7,0,5,3,5,0,0,2,0,0,7,2,0,0,0,0,0,0,0,0,0,0,0,0,0,0,0,0,0,0,0,0,0,0,0,0
SL1576,34,1450,183,1,0,0,63,2,2,0,0,17,2,0,4,0,0,5,0,0,0,2,0,0,0,0,0,0,0,0,0,0,0,0,0,0,0,0,0,0
SL1577,94,1567,135,2,20,1,16,6,2,0,0,32,2,0,0,1,0,0,0,0,0,0,0,0,0,0,0,0,0,0,0,0,0,0,0,0,0,0,0,0
SL1578,95,1301,132,2,14,1,13,6,1,0,0,29,1,2,9,3,0,0,2,0,2,1,0,0,0,0,0,0,0,0,0,0,0,0,0,0,0,0,0,0
SL1579,108,1375,51,3,12,0,13,8,1,0,0,12,1,0,0,2,1,0,3,0,0,0,0,0,0,0,0,0,0,0,0,0,0,0,0,0,0,0,0,0
SL1580,111,2384,29,1,6,0,9,6,2,1,0,9,2,1,0,3,1,0,0,0,0,1,0,0,0,0,0,0,0,0,0,0,0,0,0,0,0,0,0,0
SL1581,31,1667,184,1,0,0,51,6,0,0,0,4,3,0,7,3,0,3,0,0,0,3,0,0,0,0,0,0,0,0,0,0,0,0,0,0,0,0,0,0
SL1582,64,1012,118,5,5,2,4,3,3,3,0,10,1,0,0,1,1,0,0,2,0,0,0,0,0,1,0,0,0,0,0,0,0,0,0,0,0,0,0,0
SL1583,63,1565,100,4,9,3,6,5,2,1,0,7,1,0,2,3,1,0,0,0,1,0,0,0,0,0,0,0,0,0,0,0,0,0,0,0,0,0,0,0
SL1584,125,1494,10,2,13,0,4,8,1,4,0,18,1,0,1,4,1,0,0,0,1,0,0,0,0,0,0,0,0,0,0,0,0,1,0,0,0,0,0,0
SL1585,95,831,72,0,33,2,10,3,3,1,0,30,1,3,1,3,1,0,0,0,0,0,0,0,0,0,0,0,0,0,0,0,0,0,0,0,0,0,0,0
SL1586,166,1291,28,3,38,3,12,7,0,0,0,36,2,2,0,2,0,0,0,1,0,0,0,0,0,0,0,0,0,0,0,0,0,0,0,0,0,0,0,0
SL1587,58,2749,173,0,1,2,11,10,3,0,0,16,1,1,6,3,0,0,0,0,0,2,0,0,0,0,0,0,0,0,0,0,0,0,0,0,0,0,0,0
SL1588,67,3515,34,1,3,0,18,7,7,2,0,11,1,1,1,2,4,0,0,0,1,1,0,0,0,0,0,0,0,0,0,0,0,0,0,0,0,0,0,0
SL1589,86,971,93,3,7,4,84,3,1,0,0,12,1,0,0,1,0,1,1,0,0,0,0,0,0,0,0,0,0,0,0,0,0,0,0,0,0,0,0,0
SL1590,13,1367,186,0,3,1,1,4,7,0,0,5,1,0,3,0,1,0,0,0,0,5,0,0,0,0,0,0,0,0,0,0,0,0,0,0,0,0,0,0
SL1591,55,1043,102,9,1,1,6,6,0,0,0,5,1,0,1,0,0,0,0,0,0,1,0,0,0,0,0,0,0,0,0,0,0,0,0,0,0,0,0,0
SL1592,77,1353,182,0,5,0,2,7,2,0,0,5,0,2,1,1,0,0,0,0,0,0,0,0,0,0,0,0,0,0,0,0,0,0,0,0,0,0,0,0
SL1593,100,1792,157,0,14,0,12,3,27,5,0,21,0,2,3,4,0,0,0,0,0,0,0,1,0,0,0,0,0,0,0,0,0,0,0,0,0,0,0,0
SL1594,44,2632,189,0,15,0,6,6,9,1,0,16,1,0,1,2,4,0,0,0,0,1,0,0,0,0,0,0,0,0,0,0,0,0,0,0,0,0,0,0
SL1595,44,1340,181,1,0,0,48,3,2,0,0,11,0,0,0,0,0,0,0,0,0,0,0,0,0,0,0,0,0,0,0,0,0,0,0,0,0,0,0,0
SL1596,105,3945,45,4,8,5,113,12,15,63,0,22,3,0,1,3,4,0,0,0,0,0,0,0,0,0,0,0,0,0,0,0,0,0,0,0,0,0,0,0
SL1597,165,1305,11,8,14,1,54,13,16,2,0,13,0,0,0,0,1,2,0,1,0,0,1,0,0,0,0,0,0,0,0,0,0,0,0,0,1,0,0,0
SL1598,64,740,8,5,9,2,9,4,30,3,11,19,0,1,0,0,3,0,0,2,0,2,0,0,0,0,0,0,0,0,0,0,0,0,0,0,0,0,0,0
SL1599,143,1681,4,5,17,3,12,2,3,4,0,23,0,0,1,6,5,0,1,2,0,0,0,0,0,0,0,0,0,0,0,0,0,0,0,0,1,0,0,0
SL1600,60,569,10,8,4,1,76,0,0,1,0,5,1,0,0,0,1,2,0,2,1,0,0,0,0,1,0,0,0,0,0,0,0,0,0,0,0,0,0,0
SL1601,119,820,10,3,6,2,14,1,2,1,10,9,0,0,0,2,2,0,0,1,2,0,0,0,0,0,0,0,0,0,0,0,0,0,0,0,0,0,0,0
SL1602,90,735,4,5,6,1,10,0,2,0,6,26,0,1,1,3,2,0,0,1,0,1,0,0,0,0,0,0,0,0,0,0,0,0,0,0,1,0,0,0
SL1603,59,760,17,10,3,2,145,1,1,1,0,11,0,0,0,0,3,0,2,0,0,0,0,0,0,0,0,0,0,0,0,0,0,0,0,0,0,0,0,1
SL1604,10,41,1,0,5,0,0,0,0,0,1,0,1,0,0,0,0,0,0,0,0,0,0,0,0,0,0,0,0,0,0,0,0,0,0,0,0,0,0,0
SL1605,126,1117,18,0,22,3,21,6,19,1,6,17,1,0,0,3,2,0,0,2,0,0,0,0,0,0,0,0,0,0,0,0,0,0,0,0,1,0,0,0
SL1606,168,1024,13,9,27,2,31,2,3,1,4,21,0,3,0,4,2,0,2,1,0,0,0,0,0,0,0,0,0,0,0,0,0,0,0,0,1,0,0,0
SL1607,90,809,4,2,14,4,18,3,58,40,16,9,2,5,5,0,1,0,0,0,5,3,0,0,0,0,0,0,0,0,0,0,0,0,0,0,1,0,0,0
SL1608,88,1115,8,1,1,2,11,0,5,0,3,5,0,2,0,0,1,0,0,1,0,0,0,0,0,0,0,0,0,0,0,0,0,0,0,0,1,0,0,0
SL1609,88,811,0,6,0,1,23,0,4,2,16,19,0,0,0,0,8,0,0,0,0,0,0,0,0,0,0,0,0,0,0,0,0,0,0,0,0,0,0,0
SL1610,4,586,0,0,0,4,6,0,1,2,0,0,2,0,0,0,0,0,0,0,0,0,0,0,0,0,0,0,0,0,0,0,0,0,0,0,1,0,0,0
SL1611,38,626,17,0,6,1,10,0,1,2,22,11,0,1,1,0,4,0,0,0,0,0,0,0,0,0,0,0,0,0,0,0,0,0,0,0,1,0,0,0
SL1612,142,1084,4,2,20,0,12,0,3,0,0,13,0,1,0,3,2,0,0,0,0,0,0,0,0,0,0,0,0,0,0,0,0,0,0,0,1,0,0,0
SL1613,68,989,22,6,3,1,46,2,8,1,0,11,0,0,0,0,2,0,1,0,0,0,0,0,0,0,0,0,0,0,0,0,0,0,0,0,0,0,0,0
SL1614,35,427,21,1,15,0,10,1,2,0,1,4,0,0,0,1,1,0,0,3,0,0,0,0,0,0,0,1,0,0,0,0,0,0,0,0,1,0,0,0
SL1615,180,1668,4,5,13,1,29,2,9,5,5,12,0,7,0,2,2,0,1,0,2,0,0,0,0,0,1,0,0,0,0,0,0,0,0,0,1,0,0,0
SL1616,161,1443,5,9,30,1,16,0,3,2,0,25,0,6,0,3,1,1,0,0,0,0,0,0,0,0,0,0,0,0,0,0,0,0,0,0,1,0,0,0
SL1617,38,380,8,0,2,1,130,0,9,1,0,12,0,0,0,0,3,0,0,0,0,0,0,0,0,0,0,0,0,0,0,0,0,0,0,0,0,0,0,0
SL1618,60,612,17,2,2,8,13,1,2,2,14,21,0,1,0,3,1,0,0,0,0,0,0,0,0,0,0,0,0,0,0,0,0,0,0,0,1,0,0,0
SL1619,102,864,3,2,6,1,8,1,0,2,6,6,0,0,0,0,2,0,0,0,0,0,0,0,0,0,0,0,0,0,0,0,0,0,0,0,1,0,0,0
SL1620,74,1642,36,0,7,1,15,2,4,1,0,16,1,0,0,0,11,2,0,0,2,1,0,0,0,0,0,0,0,0,0,0,0,0,0,0,1,0,0,0
SL1621,73,793,20,0,4,1,37,0,108,56,0,7,0,1,2,0,3,4,0,2,0,0,0,0,0,1,0,0,0,0,0,0,0,0,0,0,1,0,0,0
SL1622,117,1147,10,3,9,3,19,1,53,8,4,32,0,0,0,1,1,0,0,3,1,1,0,0,0,0,0,1,0,0,0,0,0,0,0,0,1,0,0,0
SL1623,137,1003,7,0,8,1,11,0,3,1,0,11,0,1,0,1,3,1,0,0,0,0,0,0,0,0,0,1,0,0,0,0,0,0,0,0,0,0,0,0
SL1624,93,692,13,4,8,1,10,0,0,0,4,14,1,8,1,1,2,0,1,0,0,0,0,0,0,0,0,0,0,0,0,0,0,0,0,0,0,0,0,0
SL1625,0,2,0,0,0,0,1,0,0,0,0,0,0,0,0,0,0,0,0,0,0,0,0,0,0,0,0,0,0,0,0,0,0,0,0,0,0,0,0,0
SL1626,140,1298,13,3,16,1,18,2,3,1,0,20,0,2,1,1,2,1,1,0,0,0,0,0,0,0,0,0,0,0,0,0,0,0,0,0,1,0,0,0
SL1627,116,834,3,3,21,0,17,0,1,0,11,20,3,2,0,0,14,0,0,0,0,0,0,0,0,0,0,0,0,0,0,0,0,0,0,0,0,0,0,0
SL1628,43,321,6,1,6,2,16,1,0,1,1,9,0,0,0,0,0,1,1,1,0,0,0,0,0,0,0,0,0,0,0,0,0,0,0,0,0,0,0,0
SL1629,89,1320,4,5,26,1,17,0,17,2,1,24,1,1,0,0,1,0,0,0,0,0,0,0,0,0,0,1,0,0,0,0,0,0,0,0,1,0,0,0
SL1630,118,502,9,6,25,3,13,0,45,2,2,34,0,0,0,9,1,0,0,2,0,0,0,0,0,0,0,0,0,0,0,0,0,0,0,0,0,0,0,0
SL1631,110,853,7,0,17,1,25,1,58,82,9,8,3,1,0,0,3,0,0,6,0,0,0,0,0,0,0,0,0,0,0,0,0,0,0,0,1,0,0,0
SL1632,29,470,19,1,0,2,31,0,8,0,0,5,0,0,0,1,0,0,0,0,0,0,1,0,0,0,0,0,0,0,0,0,0,0,0,0,0,0,0,0
SL1633,88,1010,9,0,1,1,7,0,2,1,6,6,0,1,0,1,2,1,0,0,0,0,0,0,0,0,0,0,0,0,0,0,0,0,0,0,1,0,0,0
SL1634,57,538,7,5,6,0,16,0,1,1,0,13,1,0,0,1,3,0,0,0,0,0,0,0,0,0,0,0,0,0,0,0,0,0,0,0,1,0,0,0
SL1635,83,869,6,5,10,1,13,0,2,1,0,12,0,1,5,0,2,0,0,0,0,0,0,0,0,0,0,0,0,0,0,0,0,0,0,0,1,0,0,0
SL1636,113,1253,11,4,13,1,11,1,1,1,1,6,0,1,0,0,3,0,0,0,0,0,0,0,0,0,0,0,0,0,0,0,0,0,0,0,1,0,0,0
SL1637,71,1020,17,1,4,2,114,0,21,12,0,4,0,1,3,0,1,2,0,0,0,0,0,0,0,0,0,0,0,0,0,0,0,0,0,0,1,0,0,0
SL1638,247,2099,62,1,26,15,67,0,8,44,1,136,0,6,0,2,21,0,0,0,0,0,0,0,0,2,0,0,0,0,0,0,0,2,0,0,1,0,0,0
SL1639,134,724,7,8,21,3,17,0,10,0,0,52,0,1,0,4,3,0,0,1,0,0,0,0,0,0,0,0,0,0,0,0,0,0,0,3,1,1,0,0
SL1640,70,635,7,0,1,1,61,1,1,1,0,7,0,0,0,0,2,0,0,0,0,0,0,0,0,0,0,0,0,0,0,0,0,0,0,0,1,0,0,0
SL1641,20,710,11,0,1,0,20,1,1,0,0,4,0,0,0,1,2,4,0,0,1,0,0,0,0,0,0,0,0,0,0,0,0,0,0,0,1,0,0,0
SL1642,49,620,15,2,5,1,38,2,0,2,0,4,0,0,0,0,2,0,0,0,0,0,0,0,0,0,0,0,0,0,0,0,0,0,0,0,0,0,0,0
SL1643,128,1109,10,6,27,1,25,0,1,1,2,41,0,1,0,2,3,0,0,1,2,0,0,0,0,0,0,0,0,0,0,0,0,0,0,1,1,0,0,0
SL1644,0,3,0,0,0,0,0,0,0,0,0,0,0,0,0,0,0,0,0,0,0,0,0,0,0,0,0,0,0,0,0,0,0,0,0,0,0,0,0,0
SL1645,129,1012,14,7,15,2,151,3,6,0,0,15,0,1,0,0,2,2,1,0,0,0,0,0,0,0,0,0,0,0,0,0,0,0,0,0,1,0,0,0
SL1646,63,905,5,3,7,3,12,0,27,3,2,14,1,2,0,0,5,1,0,0,1,1,0,0,0,0,0,0,0,0,0,0,0,0,0,0,1,0,0,0
SL1647,1,1,0,0,0,0,0,0,0,0,0,0,0,0,0,0,0,0,0,0,0,0,0,0,0,0,0,0,0,0,0,0,0,0,0,0,0,0,0,0
SL1648,39,266,11,1,2,1,13,0,7,0,1,2,0,1,0,0,2,0,0,0,0,0,0,0,0,0,0,0,0,0,0,0,0,0,0,0,1,0,0,0
SL1649,116,669,7,3,24,1,19,0,1,1,2,31,0,3,2,3,1,0,0,2,0,0,0,0,0,0,0,0,0,0,0,0,0,0,0,0,0,0,0,0
SL1650,108,622,5,3,12,1,14,2,3,1,5,13,0,2,1,1,2,0,0,0,0,0,0,0,0,0,0,0,0,0,0,0,0,0,0,0,1,0,0,0
SL1651,49,791,23,0,1,7,71,0,0,3,0,11,0,0,0,0,8,0,0,0,0,0,0,0,0,0,0,0,0,0,0,0,0,0,0,0,1,0,0,0
SL1652,87,995,7,1,8,0,10,0,1,0,0,9,1,0,0,1,1,0,0,0,0,0,0,0,0,0,0,0,0,0,0,0,0,0,0,0,1,0,0,0
SL1653,133,1365,4,4,8,1,12,0,2,0,0,6,0,0,0,0,2,0,0,0,0,0,0,0,0,0,0,0,0,0,0,0,0,0,0,0,1,0,0,0
SL1654,167,1064,11,3,29,3,16,0,3,3,0,38,0,0,0,4,1,0,0,3,0,0,0,0,0,0,0,0,0,0,0,0,0,0,0,0,1,0,0,0
SL1655,0,0,1,0,0,0,0,0,0,0,0,0,0,0,0,0,0,0,0,0,0,0,0,0,0,0,0,0,0,0,0,0,0,0,0,0,0,0,0,0
SL1656,53,647,4,0,5,0,8,0,0,1,1,3,0,4,0,0,2,0,0,0,0,0,0,0,0,0,0,0,0,0,0,0,0,0,0,0,1,0,0,0
SL1657,108,704,6,4,9,1,10,0,1,1,1,7,1,0,0,1,1,0,0,0,1,0,0,0,0,0,0,0,0,0,0,0,0,0,0,0,1,0,0,0
SL1658,43,381,11,0,6,0,14,0,0,0,0,4,2,0,0,0,3,0,0,0,0,0,0,0,0,0,0,0,0,0,0,0,0,0,0,0,0,0,0,0
SL1659,85,971,28,8,1,1,14,1,4,3,2,19,0,0,0,0,11,0,0,0,0,0,0,0,0,0,0,0,0,0,0,0,0,0,0,0,0,0,0,0
SL1660,77,1679,17,0,1,1,25,0,1,1,0,12,0,1,0,0,9,1,0,0,0,0,0,0,0,0,0,0,0,0,0,0,0,0,0,0,1,0,0,0
SL1661,50,815,19,0,21,0,17,4,167,4,1,37,1,2,0,0,3,0,0,1,0,0,0,0,0,0,0,0,0,0,0,0,0,0,0,0,1,0,0,0
SL1662,102,508,9,2,12,0,5,3,40,7,9,37,2,1,3,3,2,0,0,0,1,0,0,0,0,0,0,0,0,0,0,0,0,0,0,0,1,0,0,0
SL1663,113,793,8,4,12,0,8,0,2,1,0,7,0,3,0,1,2,0,0,0,1,0,0,0,0,0,0,0,0,0,0,0,0,0,0,0,1,0,0,0
SL1664,79,2321,22,3,15,3,24,3,3,1,1,12,0,1,4,1,4,1,0,0,0,0,0,0,0,1,0,0,0,0,0,0,0,0,0,0,1,0,0,0
SL1665,100,512,7,4,1,2,7,0,1,2,0,7,1,0,1,1,1,0,0,0,0,0,0,0,0,0,0,0,0,0,0,0,0,0,0,0,1,0,0,0
SL1666,60,510,1,0,8,1,11,2,1,1,1,21,0,4,0,3,3,0,0,0,3,0,0,0,0,0,0,0,0,0,0,0,0,0,0,0,0,0,0,0
SL1667,108,804,9,2,34,1,16,0,7,1,0,38,0,1,1,10,2,0,0,1,0,0,0,0,0,0,0,0,0,0,0,0,0,0,0,1,1,0,0,0
SL1668,92,494,7,5,7,1,11,1,2,1,1,6,0,0,0,1,1,1,0,0,0,0,0,0,0,0,0,0,0,0,0,0,0,0,0,0,1,0,0,0
SL1669,130,975,6,2,38,0,12,0,89,44,5,39,2,1,1,5,2,0,0,4,0,0,0,0,0,0,0,3,0,0,0,0,0,0,0,0,1,0,0,0
SL1670,84,700,10,5,9,2,10,0,31,0,8,4,0,1,0,0,4,0,0,0,0,0,0,0,0,0,0,0,0,0,0,0,0,0,0,0,0,0,0,0
SL1671,101,414,4,2,17,1,15,0,28,37,1,8,1,0,0,2,2,0,0,4,0,0,0,0,0,0,0,0,0,0,0,0,1,0,0,0,1,0,0,0
SL1672,96,547,6,6,7,1,8,1,0,1,7,23,0,1,0,2,2,0,0,0,0,1,0,0,0,0,0,0,0,0,0,0,0,0,0,0,0,0,0,0
SL1673,103,417,2,2,12,5,20,0,7,3,8,18,0,0,0,0,0,0,2,0,0,0,0,0,0,0,0,0,0,0,0,0,0,0,0,0,0,0,0,0
SL1674,111,1019,6,1,8,1,12,4,0,1,1,13,0,2,0,1,2,0,0,0,0,0,0,0,0,0,0,0,0,0,0,0,0,0,0,0,1,0,0,0
SL1675,23,815,32,2,0,1,56,0,1,0,0,8,0,2,0,0,9,5,0,0,0,0,0,0,0,0,0,0,0,0,0,0,0,0,0,0,1,0,0,0
SL1676,45,441,6,8,0,1,17,0,1,2,0,5,0,0,0,0,1,0,1,0,0,0,0,0,0,0,0,0,0,0,0,0,0,0,0,0,0,0,0,0
SL1677,74,3037,52,0,14,4,37,2,13,37,0,19,0,3,0,1,8,1,0,2,1,0,0,0,0,1,0,1,0,0,0,0,0,0,0,0,1,0,0,0
SL1678,81,835,7,4,14,4,10,0,4,1,0,16,0,0,2,1,1,0,0,1,0,0,0,0,0,0,0,0,0,0,0,0,0,0,0,1,1,0,0,0
SL1679,70,483,5,3,3,1,6,0,7,2,3,5,0,0,0,0,1,0,0,0,0,0,0,0,0,0,0,0,0,0,0,0,0,0,0,0,0,0,0,0
SL1680,88,1087,10,3,3,1,13,0,0,1,0,5,1,0,0,0,2,0,0,0,0,0,0,0,0,0,0,0,0,0,0,0,0,0,0,0,1,0,0,0
SL1681,108,477,3,3,9,0,8,2,0,1,0,11,0,0,0,0,3,0,0,0,0,0,0,0,0,0,0,0,0,0,0,0,0,0,0,0,0,0,0,0
SL1682,5,461,2,0,7,1,4,8,1,0,0,3,0,0,0,0,0,0,0,0,0,0,0,0,0,0,0,0,0,0,0,0,0,0,0,0,0,0,0,0
SL1683,23,351,4,2,3,2,7,1,2,0,0,2,0,1,0,0,2,0,0,0,0,0,0,0,0,0,0,0,0,0,0,0,0,0,0,0,0,0,0,0
SL1684,54,297,9,0,9,1,8,0,4,1,2,6,1,1,0,0,8,0,0,0,0,0,0,0,0,0,0,0,0,0,0,0,0,0,0,0,0,0,0,0
SL1685,96,1112,15,7,24,2,14,0,7,1,0,27,0,4,1,2,6,1,0,1,1,1,0,0,0,0,0,0,0,0,0,0,0,0,0,0,1,0,0,0
SL1686,85,697,15,0,0,0,16,0,0,0,0,3,0,0,0,0,1,0,0,0,0,0,0,0,0,0,0,0,0,0,0,0,0,0,0,0,1,0,0,0
SL1687,153,1059,7,2,7,2,14,0,1,1,0,4,0,2,0,0,3,0,0,0,0,2,0,0,0,0,0,0,0,0,0,0,0,0,0,0,1,0,0,0
SL1688,85,466,9,2,22,5,14,0,30,0,4,25,1,1,0,2,1,0,0,0,0,0,0,0,0,0,0,0,0,0,0,0,0,0,0,0,0,2,0,0
SL1689,112,777,10,4,23,4,17,0,2,1,1,29,0,0,1,2,3,0,4,0,0,0,0,0,0,0,0,0,0,0,0,0,0,0,0,0,1,1,0,0
SL1690,14,810,18,0,2,0,8,0,2,1,1,3,0,1,0,0,2,0,0,0,0,0,0,0,0,0,0,0,0,0,0,0,0,0,0,0,1,0,0,0
SL1691,89,687,5,1,3,1,9,3,3,2,7,12,0,0,0,0,1,1,0,0,1,0,0,0,0,0,0,0,0,0,0,0,0,0,0,0,1,0,0,0
SL1692,104,2122,6,3,1,0,3,10,7,0,0,1,1,1,0,2,0,0,0,0,0,0,0,0,0,0,0,0,0,0,0,0,0,0,0,0,0,0,0,0
SL1693,97,2284,4,0,15,0,25,3,58,5,8,18,1,2,19,1,0,0,0,0,0,0,0,0,0,0,0,0,0,0,0,0,0,0,0,0,0,0,0,0
SL1694,53,2841,10,6,3,1,6,1,55,33,5,17,2,0,3,0,8,0,0,0,0,0,0,0,0,0,0,0,0,0,0,0,0,0,0,0,0,0,0,0
SL1695,46,1486,19,2,2,0,9,4,1,0,0,7,0,0,1,0,1,0,0,0,0,0,0,0,0,0,0,0,0,0,0,0,0,0,0,0,0,0,0,0
SL1696,73,2281,8,4,30,0,16,2,6,3,0,19,2,3,0,1,0,0,1,0,1,0,0,0,0,0,0,0,0,0,0,0,0,0,0,0,0,0,0,0
SL1697,35,3915,17,0,0,0,2,4,24,3,0,11,0,1,0,0,0,0,0,5,0,0,0,0,0,0,1,0,0,0,0,0,0,0,1,0,0,0,0,0
SL1698,79,1673,8,2,9,2,10,1,3,3,4,13,0,0,2,1,4,0,0,4,0,0,0,0,0,0,0,0,0,0,0,0,0,0,0,0,0,0,0,0
SL1699,109,2142,11,4,22,0,7,2,4,0,2,10,3,1,0,2,3,0,0,1,0,0,0,0,0,0,1,0,0,0,0,0,0,0,0,0,0,0,0,0
SL1700,77,1693,16,3,11,0,10,5,2,0,1,15,0,0,0,2,10,0,0,0,0,0,0,0,0,0,1,0,0,0,0,0,0,0,0,0,0,0,0,0
SL1701,112,3502,25,0,35,9,20,1,34,7,3,33,0,1,0,2,1,0,0,0,2,0,0,0,0,1,0,0,0,0,0,0,0,0,0,0,0,0,0,0
SL1702,138,2809,12,7,9,0,8,0,81,4,6,38,0,2,0,1,8,0,2,0,0,0,0,0,0,0,1,0,0,0,0,0,0,0,0,0,0,0,0,0
SL1703,74,1508,15,4,11,2,116,2,3,0,1,6,0,0,0,0,0,0,3,0,0,0,0,0,0,0,0,0,0,0,0,0,0,0,0,0,0,0,0,0
SL1704,87,2712,57,0,19,0,17,0,1,0,5,4,0,0,0,2,0,0,5,0,0,0,0,0,2,0,0,0,0,0,0,0,0,0,0,0,0,0,0,0
SL1705,102,2253,8,4,1,1,34,2,3,2,1,5,0,0,0,1,0,0,0,0,0,1,0,0,0,0,0,0,0,0,0,0,0,0,0,0,0,0,0,0
SL1706,47,1315,16,1,0,1,9,0,0,0,0,2,0,0,0,0,0,0,0,0,0,0,0,0,0,0,0,0,0,0,0,0,0,0,0,0,0,0,0,0
SL1707,82,1903,24,3,30,0,12,0,2,1,0,20,0,0,1,3,0,0,1,0,2,0,0,0,0,0,0,0,0,0,0,0,0,0,0,0,0,0,0,0
SL1708,54,2888,4,0,2,0,8,3,13,1,1,12,0,2,0,0,0,0,0,0,0,0,0,0,0,0,0,0,0,0,0,0,1,0,0,1,0,0,0,0
SL1709,69,1599,9,1,7,0,8,0,12,0,1,3,1,0,0,1,0,0,0,0,0,0,0,0,0,0,0,0,0,0,0,0,0,0,0,0,0,0,0,0
SL1710,41,681,27,5,3,0,49,3,40,9,0,14,0,0,0,0,3,0,0,2,0,1,0,0,0,0,0,0,0,0,0,0,0,1,0,0,0,0,0,0
SL1711,77,2310,12,3,29,1,14,1,14,5,2,19,1,1,0,2,1,0,0,0,0,0,0,0,0,0,0,0,0,0,0,0,0,0,0,0,0,0,0,0
SL1712,93,3840,6,7,1,0,6,1,6,0,3,9,0,2,0,0,0,0,0,0,0,0,0,1,0,0,1,0,0,0,0,0,0,0,0,0,0,0,0,0
SL1713,96,2376,10,0,4,0,5,0,0,0,0,3,0,0,0,0,0,0,0,0,0,0,0,0,0,0,0,0,0,0,0,0,0,0,1,0,0,0,0,0
SL1714,103,1208,16,1,1,0,2,3,9,4,2,2,0,0,0,0,1,0,0,0,0,0,0,0,0,0,0,0,0,0,0,0,0,0,0,0,0,0,0,0
SL1715,94,1645,7,4,21,1,14,0,6,0,0,13,2,1,0,2,0,0,0,2,2,1,0,1,0,0,0,0,0,0,0,0,0,0,0,0,0,1,0,0
SL1716,116,3915,26,8,8,0,62,5,4,2,0,16,0,0,0,0,11,0,0,0,0,0,1,0,0,0,0,0,0,0,0,0,0,0,0,0,0,0,0,0
SL1717,118,2392,12,0,31,0,29,0,52,44,5,23,4,11,0,1,5,0,0,0,0,0,1,0,0,0,0,3,0,0,0,0,0,0,0,0,0,0,0,0
SL1718,92,2648,6,0,3,0,7,0,12,3,0,7,0,0,1,0,0,0,0,0,0,0,0,0,0,0,1,1,0,0,0,0,0,0,0,0,0,0,0,0
SL1719,106,3536,2,8,19,1,12,4,13,0,3,14,2,1,0,3,0,0,1,3,3,1,0,0,0,0,0,0,0,0,0,0,0,0,0,0,0,0,0,0
SL1720,76,2040,1,0,7,1,7,2,1,1,0,9,0,4,0,1,1,0,0,0,0,0,0,0,0,0,0,0,0,0,0,0,0,0,0,0,0,0,0,0
SL1721,7,70,1,1,0,1,0,0,0,0,0,0,0,0,0,0,0,0,0,0,0,0,0,0,0,0,0,0,0,0,0,0,0,0,0,0,0,0,0,0
SL1722,38,2912,22,0,8,1,8,0,1,2,2,12,1,2,0,0,0,0,0,0,0,0,0,0,0,0,0,0,0,0,0,0,0,0,0,0,0,0,0,0
SL1723,63,1379,14,2,3,0,97,1,1,2,0,10,0,0,0,0,2,0,2,1,0,0,1,0,0,0,0,0,0,0,0,0,0,0,0,0,0,0,0,0
SL1724,93,3065,9,2,33,1,8,1,1,0,0,11,0,0,0,3,5,0,0,0,0,0,0,0,0,0,0,0,0,0,0,0,0,0,0,0,0,0,0,0
SL1725,95,2166,11,0,0,0,3,0,1,0,0,0,0,1,0,0,1,0,0,0,0,0,0,0,0,0,0,0,0,0,0,0,0,0,0,0,0,0,0,0
SL1726,16,235,5,2,7,0,10,0,0,0,0,4,0,0,0,0,0,1,0,0,0,0,0,0,0,0,0,0,0,0,0,0,0,0,0,0,0,0,0,0
SL1727,122,2125,13,4,28,0,20,0,54,70,2,9,5,0,1,2,1,0,0,0,0,0,0,0,0,0,1,0,0,0,0,0,0,0,0,0,0,0,0,0
SL1728,74,1058,5,1,8,0,72,0,1,1,0,6,0,1,0,1,0,0,5,1,0,0,0,0,0,1,0,0,0,0,0,0,0,0,0,0,0,0,0,0
SL1729,76,1795,13,0,5,4,3,1,0,0,3,11,0,0,0,1,0,0,0,0,0,0,0,0,0,1,0,0,0,0,0,0,0,0,0,0,0,0,0,0
SL1730,76,1519,17,0,11,1,20,0,0,0,0,10,0,4,0,0,0,0,0,0,0,1,0,0,0,0,0,0,0,0,0,0,0,0,0,0,0,0,0,0
SL1731,35,2371,23,3,1,3,49,2,2,6,0,13,0,0,5,0,4,0,0,3,0,0,0,0,0,0,0,0,0,0,0,0,0,0,0,0,0,0,0,1
SL1732,66,1872,16,3,9,1,4,1,2,0,0,11,0,0,0,3,2,0,0,0,0,0,0,0,0,0,0,0,0,0,0,0,0,0,0,0,0,0,0,0
SL1733,67,1428,13,0,7,6,24,3,39,31,0,27,2,6,1,1,0,0,0,0,0,0,0,0,0,0,0,2,0,0,0,0,0,0,0,0,0,0,0,0
SL1734,197,3134,46,0,15,6,66,0,10,39,0,114,1,9,1,1,12,1,0,0,0,0,0,0,0,3,0,0,0,0,0,0,0,2,0,0,0,0,0,0
SL1735,109,1767,10,3,18,3,5,0,3,0,1,19,0,0,0,1,0,0,1,0,0,0,0,0,0,0,0,0,0,0,0,0,0,0,0,0,0,0,0,0
SL1736,40,1731,8,0,0,0,15,1,4,1,0,8,0,1,0,1,0,0,0,0,0,0,0,0,0,0,0,0,0,0,0,0,0,0,0,0,0,0,0,0
SL1737,133,2927,18,1,6,0,28,1,3,4,0,37,0,0,0,0,16,0,0,0,0,0,0,0,0,0,0,0,0,0,0,0,0,0,0,0,0,0,0,0
SL1738,100,1677,3,3,15,0,6,0,2,0,0,10,0,1,0,2,0,0,1,0,1,0,0,0,0,0,0,0,0,0,0,0,0,0,0,0,0,0,0,0
SL1739,95,2866,13,5,8,0,98,1,5,2,0,7,0,0,0,0,0,0,2,1,0,0,0,0,0,0,0,0,0,0,0,0,0,0,0,0,0,0,0,0
SL1740,94,1249,15,2,6,3,157,0,4,0,0,21,1,0,0,2,0,2,3,2,0,0,0,0,0,0,0,0,0,0,0,0,0,0,0,0,0,0,0,0
SL1741,100,3304,24,0,14,0,15,3,28,6,2,12,3,0,0,0,0,0,0,0,0,0,0,0,0,0,0,3,0,0,0,0,0,0,0,0,0,0,0,0
SL1742,138,2925,14,2,28,2,2,4,14,45,4,24,3,0,1,2,7,0,1,3,0,1,0,0,0,0,0,0,0,0,0,0,0,0,0,0,0,0,0,0
SL1743,6,74,0,1,1,0,1,1,0,0,0,0,0,0,0,0,0,0,0,0,0,0,0,0,0,0,0,0,0,0,0,0,0,0,0,0,0,0,0,0
SL1744,71,1834,18,2,3,0,45,0,1,0,1,10,0,0,0,1,0,0,0,0,0,0,0,0,0,0,0,0,0,0,0,0,0,0,0,0,0,0,0,0
SL1745,16,2148,14,0,0,0,3,1,4,0,1,7,0,0,0,0,0,0,0,0,0,0,0,0,0,0,0,0,0,0,0,0,0,0,0,0,0,0,0,0
SL1746,21,939,4,0,2,0,1,8,1,1,3,10,0,0,0,0,2,0,0,0,0,0,0,0,0,0,0,0,0,0,0,0,0,0,0,0,0,0,0,0
SL1747,85,1955,21,6,10,1,110,0,1,3,0,12,0,0,0,1,1,1,0,0,0,0,0,0,0,2,0,0,0,0,0,0,0,0,0,0,0,0,0,0
SL1748,86,2154,8,0,4,0,6,1,2,2,2,10,3,1,0,0,6,0,0,0,0,0,0,0,0,0,0,0,0,0,0,0,0,0,0,0,0,0,0,0
SL1749,101,2106,4,1,14,0,10,1,3,2,0,9,0,5,0,1,0,0,0,0,1,0,0,0,0,0,0,0,0,0,0,0,0,0,0,0,0,0,0,0
SL1750,8,356,17,0,2,0,6,2,2,0,0,3,1,0,0,1,0,0,0,0,6,0,0,0,0,0,0,0,0,0,0,0,0,0,0,0,0,0,0,0
SL1751,4,34,0,1,1,0,2,0,0,0,0,0,0,0,0,0,0,0,0,0,0,0,0,0,0,0,0,0,0,0,0,0,0,0,0,0,0,0,0,0
SL1752,115,2330,5,5,0,2,5,2,2,4,3,6,0,1,0,1,0,0,0,0,0,0,0,0,0,0,0,0,0,0,0,0,0,0,0,0,0,0,0,0
SL1753,124,1862,4,3,19,3,12,0,25,1,1,25,0,1,0,0,6,0,0,0,0,0,0,0,0,0,0,0,0,0,0,0,0,0,0,0,0,0,0,1
SL1754,74,2635,11,1,7,2,24,1,2,0,0,6,0,1,0,1,2,0,0,0,0,0,0,0,0,0,0,0,0,0,0,0,0,0,0,0,0,0,0,0
SL1755,77,1753,6,1,4,2,15,3,4,3,0,13,3,0,0,0,2,0,5,0,0,0,0,0,0,0,0,0,0,0,0,0,0,0,0,0,0,0,0,0
SL1756,96,2299,11,1,12,0,10,1,2,0,1,8,1,8,3,0,1,0,0,1,0,0,0,0,0,0,0,0,0,0,0,0,0,0,0,0,0,0,0,0
SL1757,68,1961,9,1,20,0,15,0,164,4,0,38,1,0,1,0,0,0,0,0,0,0,0,0,0,0,0,3,0,0,0,0,0,0,0,0,0,0,0,0
SL1758,72,1805,10,1,7,1,66,1,22,2,0,19,0,0,0,1,0,2,2,1,1,0,0,0,0,0,0,0,0,0,0,0,0,0,0,0,0,0,0,0
SL1759,85,4955,19,2,11,1,15,0,14,4,0,11,2,0,0,1,5,0,1,0,0,1,0,0,0,0,1,0,0,0,0,0,0,0,0,0,0,0,0,0
SL1760,65,2882,7,0,13,1,3,0,2,2,0,18,0,1,0,2,2,0,0,0,0,0,0,0,0,0,0,0,0,0,0,0,0,0,0,0,0,0,0,0
SL1761,67,1527,9,5,2,1,38,1,2,5,0,11,0,2,0,0,3,0,1,0,0,0,0,0,0,0,0,0,0,0,0,0,0,0,0,0,0,0,0,0
SL1762,86,2636,12,4,19,0,15,0,1,0,1,5,0,0,0,1,3,0,0,0,0,0,0,0,0,0,0,0,0,0,0,0,0,0,0,0,0,0,0,0
SL1763,130,2499,11,5,12,0,15,1,4,0,1,12,0,0,1,1,1,0,3,1,0,0,0,0,0,0,0,0,0,0,0,0,0,0,0,0,0,1,0,0
SL1764,75,2541,11,1,3,2,20,8,2,0,0,3,0,0,0,0,6,2,0,1,0,0,0,0,0,0,0,0,0,0,0,0,0,0,0,0,0,0,0,0
SL1765,98,1599,13,1,9,1,111,0,9,2,0,9,0,0,1,0,0,1,2,0,0,2,0,0,0,0,0,2,0,0,0,0,0,0,0,0,0,0,0,0
SL1766,75,2634,8,4,7,0,5,1,2,0,1,20,0,2,0,1,1,0,0,1,0,0,0,0,0,0,0,0,0,0,0,0,0,0,0,0,0,0,0,0
SL1767,51,1083,9,1,9,1,116,0,9,26,0,14,0,0,0,0,3,0,0,0,0,0,0,0,0,0,0,0,0,0,0,0,0,0,0,0,0,0,0,0
SL1768,90,2217,14,4,9,0,4,3,4,0,3,4,0,0,1,0,1,0,1,0,0,0,0,0,0,0,0,0,0,0,0,0,0,0,0,0,0,0,0,0
SL1769,95,2552,28,0,3,0,11,3,37,0,6,41,0,0,0,0,12,0,0,0,0,0,0,0,0,1,0,0,0,0,0,0,0,0,0,0,0,0,0,0
SL1770,85,1875,11,7,1,0,31,3,1,1,0,8,0,0,0,6,0,0,1,0,0,0,0,0,0,0,0,0,0,0,0,0,0,0,0,0,0,0,0,0
SL1771,63,1517,17,6,29,0,6,4,2,0,2,18,4,1,0,4,0,0,0,0,1,0,0,0,1,0,0,0,0,0,0,0,0,0,0,0,0,0,0,0
SL1772,179,1798,16,4,9,5,28,0,6,1,1,29,2,1,0,3,1,0,0,0,2,0,0,0,0,0,0,0,0,0,0,0,0,0,0,0,0,0,0,0
SL1773,79,5455,40,1,6,3,13,3,61,0,0,21,1,1,1,0,1,0,0,1,0,0,0,0,0,0,1,2,0,0,0,0,0,0,0,0,0,0,0,0
SL1774,73,3479,18,0,0,0,4,0,2,0,0,34,0,1,12,0,0,0,0,4,0,0,0,0,0,0,0,1,0,0,0,0,0,0,0,0,0,0,0,0
SL1775,55,998,14,9,3,1,16,2,3,0,0,10,0,0,0,0,0,0,0,0,0,1,0,0,0,0,0,0,0,0,0,0,0,0,0,0,0,0,0,0
SL1776,47,2127,13,0,1,1,17,1,7,0,0,9,0,1,0,1,0,0,0,0,0,0,0,0,0,0,0,0,0,0,0,0,0,0,0,0,0,0,0,0
SL1777,62,534,9,0,1,0,14,2,1,0,1,9,1,1,0,1,3,0,0,1,0,0,0,0,0,0,0,0,0,0,0,0,0,0,0,0,0,0,0,0
SL1778,65,2899,7,5,9,1,12,1,4,1,1,8,1,1,0,0,1,0,1,0,0,1,0,0,0,0,0,0,0,0,0,0,0,0,0,0,0,0,0,0
SL1779,101,2100,12,1,22,3,14,0,3,8,0,47,1,1,0,2,11,0,0,0,2,0,0,0,0,0,0,0,0,0,0,0,0,0,1,0,0,0,0,0
SL1780,113,1565,6,3,7,1,6,0,1,0,0,2,0,2,0,0,0,0,0,0,0,0,0,0,0,0,0,0,0,0,0,0,0,0,0,0,0,0,0,0
SL1781,71,1473,5,0,18,0,15,0,61,4,1,12,2,1,0,5,0,0,0,2,0,0,0,0,0,1,0,2,0,0,0,0,0,0,0,0,0,0,0,0
SL1782,40,1581,18,4,1,0,7,2,2,0,6,11,0,0,0,0,0,0,0,0,0,0,0,0,0,0,0,0,0,0,0,0,0,0,0,0,0,0,0,0
SL1783,70,1526,4,2,15,1,3,0,4,11,1,13,4,3,2,2,1,0,0,1,0,2,0,0,0,0,0,0,0,0,0,0,0,0,0,0,0,0,0,0
SL1784,9,1500,0,0,7,1,0,8,1,0,0,4,0,0,0,0,0,0,0,0,0,0,0,0,0,0,0,0,0,0,0,0,0,0,0,0,0,0,0,0
SL1785,52,1921,17,5,4,0,21,10,2,1,0,13,0,2,0,1,2,2,0,0,0,0,0,0,0,0,0,0,0,0,0,0,0,0,0,0,0,0,0,0
SL1786,131,1297,12,3,12,1,23,1,1,0,1,15,2,0,0,2,0,0,1,1,0,0,0,0,0,0,0,0,0,0,0,0,0,0,0,0,0,0,0,0
SL1787,63,1923,19,4,22,0,11,1,11,1,2,13,0,2,0,1,0,0,0,0,0,0,0,0,0,0,0,0,0,0,0,0,0,0,0,0,0,0,0,0
SL1788,85,2519,9,2,15,1,4,0,2,0,0,12,3,1,0,2,0,0,0,0,0,0,0,0,0,0,0,0,0,0,0,0,0,0,0,0,0,0,0,0
SL1789,73,2930,6,0,0,1,1,0,2,0,1,10,0,0,0,2,0,0,0,0,0,0,0,0,0,0,0,0,0,0,0,0,0,0,0,0,0,0,0,0
SL1790,55,2363,14,1,5,4,24,0,2,0,0,9,0,1,3,0,1,0,0,0,3,0,0,0,0,0,0,0,0,0,0,0,0,0,0,0,0,0,0,0
SL1791,51,2240,30,0,11,0,7,0,1,1,0,6,0,2,0,0,0,3,2,0,0,0,0,0,0,0,0,0,0,0,0,0,0,0,0,0,0,0,0,0
SL1792,98,3788,14,0,4,2,21,3,3,6,1,15,0,1,4,1,2,0,1,0,1,1,0,0,0,1,0,0,0,0,0,0,0,0,0,0,0,0,0,0
SL1793,138,2885,27,0,43,3,21,2,3,0,0,29,1,1,7,3,0,0,1,0,0,0,2,0,0,0,0,0,0,0,0,0,0,0,0,0,0,0,1,0
SL1794,145,2818,5,5,12,0,3,4,6,0,0,11,2,3,0,3,2,0,0,0,0,1,0,0,0,0,0,0,0,0,0,0,0,0,0,0,0,0,0,0
SL1795,108,2773,11,0,23,2,13,1,3,2,2,18,3,0,5,0,0,0,1,0,0,4,0,0,0,0,0,1,0,0,0,0,0,0,1,0,0,0,0,0
SL1796,51,3169,35,0,2,0,13,0,3,3,0,11,1,0,0,1,1,0,1,0,0,0,0,0,0,1,0,0,0,0,0,0,0,0,0,0,0,0,0,0
SL1797,132,1030,8,3,14,1,10,0,2,0,0,17,1,0,0,1,0,0,0,1,0,0,0,0,0,0,0,0,0,0,0,0,0,1,0,0,0,0,0,0
SL1798,75,1074,11,1,3,0,150,6,13,1,1,10,0,0,0,3,1,0,0,0,0,0,0,0,0,0,0,0,0,0,0,0,0,0,0,0,0,0,0,0
SL1799,123,2021,3,3,7,0,9,0,0,0,0,11,0,0,0,1,0,0,2,0,1,0,0,0,0,0,0,0,0,0,0,0,0,0,0,0,0,0,0,0
SL1800,37,723,7,1,5,1,48,3,0,0,0,6,0,0,2,0,0,2,0,1,0,0,0,0,0,0,0,0,0,0,0,0,0,0,0,0,0,0,0,0
SL1801,92,1624,1,2,18,0,2,0,3,0,0,6,0,0,0,0,0,0,0,0,0,0,0,0,0,0,0,0,0,0,0,0,0,0,0,0,0,0,0,0
SL1802,112,1932,8,2,4,0,5,0,13,0,2,5,0,5,1,1,0,0,0,0,0,0,0,0,0,0,0,0,0,0,0,0,0,0,0,0,0,0,0,0
SL1803,80,1195,3,3,5,0,8,1,2,0,1,10,0,0,0,2,0,0,0,0,0,0,0,0,0,0,0,0,0,0,0,0,0,0,0,0,0,0,0,0
SL1804,126,3198,28,1,3,6,14,1,11,4,0,13,0,3,1,0,2,0,1,0,0,2,0,0,0,0,0,0,0,0,0,0,0,0,1,0,0,0,0,0
SL1805,20,1213,15,0,7,2,5,0,0,0,0,4,0,0,0,0,0,0,0,0,0,0,0,0,0,0,0,0,0,0,0,0,0,0,0,0,0,0,0,0
SL1806,84,2580,14,1,21,0,4,3,32,0,3,11,0,0,1,2,0,0,0,0,0,0,0,0,0,0,0,0,0,0,0,0,0,0,0,0,0,0,0,0
SL1807,99,1664,6,2,16,0,6,0,2,2,0,6,2,0,0,1,0,1,0,0,0,0,0,0,0,1,0,0,0,0,0,0,0,0,0,0,0,0,0,0
SL1808,46,752,4,0,7,0,7,0,1,0,1,16,0,3,8,1,3,0,0,0,0,1,0,0,0,0,0,0,0,0,0,0,0,0,0,0,0,0,0,0
SL1809,111,1964,34,0,11,2,9,1,8,0,0,29,0,4,0,0,0,0,0,1,0,0,0,0,0,0,0,0,0,0,0,0,0,0,0,0,0,0,0,0
SL1810,99,1425,3,1,11,1,3,1,1,0,1,15,2,0,0,2,1,0,0,0,0,0,0,0,0,0,0,1,0,0,0,0,0,0,0,1,0,0,0,0
SL1811,62,1982,10,0,6,0,6,0,1,0,0,6,5,1,0,0,0,2,0,0,0,0,0,0,0,0,0,0,0,0,0,0,0,0,0,0,0,0,0,0
SL1812,98,3653,25,0,7,3,10,0,3,4,0,21,0,3,0,0,4,0,0,0,0,0,0,0,0,1,0,0,0,0,0,0,0,0,1,0,0,0,0,0
SL1813,75,1257,4,4,13,0,6,0,1,0,0,20,0,1,0,1,0,0,0,0,0,0,0,0,0,0,0,0,0,0,0,0,0,0,0,0,0,0,0,0
SL1814,33,1118,12,1,16,1,6,1,4,0,1,12,3,0,1,2,0,0,0,0,0,0,0,0,0,0,0,0,0,0,0,0,0,0,0,0,0,0,0,0
SL1815,55,1308,13,7,2,0,17,1,4,0,1,4,0,2,3,0,0,1,1,0,0,0,0,0,0,0,0,0,0,0,0,0,0,0,0,0,0,0,0,0
SL1816,81,2374,3,1,1,7,4,2,2,0,2,12,0,0,10,0,5,0,0,0,0,2,0,0,0,0,0,0,0,0,0,0,0,0,0,0,0,0,0,0
SL1817,111,1719,14,1,22,3,9,0,5,0,0,10,0,4,0,1,0,0,0,0,0,0,0,0,0,0,0,0,0,0,0,0,0,0,0,0,0,0,0,0
SL1818,70,2039,7,8,4,0,4,3,1,1,1,8,0,1,0,0,1,0,0,0,1,1,0,0,0,0,0,0,0,0,0,0,0,0,0,0,0,0,0,0
SL1819,92,963,7,0,4,0,4,1,0,1,1,5,0,0,0,1,0,0,0,0,0,0,0,0,0,0,0,0,0,0,0,0,0,0,0,0,0,0,0,0
SL1820,79,3700,23,1,3,0,44,2,1,0,0,5,0,0,0,1,3,0,1,0,0,1,0,0,0,0,0,0,0,0,0,0,0,0,0,0,0,0,0,0
SL1821,61,882,12,0,4,1,2,0,1,0,0,4,0,0,0,0,0,0,0,0,0,0,0,0,0,0,0,0,0,0,0,0,0,0,0,0,0,0,0,0
SL1822,44,644,51,2,5,1,6,1,0,0,1,10,0,1,0,2,0,0,0,0,0,0,0,0,0,0,0,0,0,0,0,0,0,0,0,0,0,0,0,0
SL1823,108,1063,24,2,10,1,13,0,0,0,0,10,1,2,1,0,0,0,1,0,0,0,0,2,0,0,0,0,0,0,0,0,0,0,0,0,0,0,0,0
SL1824,90,1262,51,0,5,0,1,0,2,0,3,4,1,1,0,0,0,0,0,0,0,0,0,0,0,0,0,0,0,0,0,0,0,0,0,0,0,0,0,0
SL1825,65,1304,14,6,15,0,20,0,2,0,0,10,0,1,0,0,0,0,0,0,0,1,0,0,0,0,0,0,0,0,0,0,0,0,0,0,0,0,0,0
SL1826,80,1529,15,3,16,0,7,0,3,1,0,12,0,0,1,0,0,0,0,0,0,0,0,0,0,0,0,0,0,0,0,0,0,0,0,0,0,0,0,0
SL1827,92,1009,7,3,8,0,8,1,10,0,1,10,0,8,1,1,0,0,0,2,0,0,0,0,0,0,0,0,0,0,0,0,0,0,0,0,0,0,0,0
SL1828,47,2403,15,0,0,0,24,1,3,0,0,4,1,0,1,0,0,0,0,0,0,0,0,0,0,1,0,0,0,0,0,0,0,0,0,0,0,0,0,0
SL1829,70,2165,181,0,8,0,12,4,3,5,4,18,0,0,1,0,1,0,0,0,2,1,0,0,0,0,1,0,0,0,0,0,0,0,0,0,0,0,0,0
SL1830,81,971,75,2,13,6,13,6,13,1,1,18,3,0,0,3,1,0,0,0,2,0,0,0,0,0,0,0,0,0,0,0,0,0,0,0,0,0,0,0
SL1831,98,917,43,2,12,4,12,0,4,1,0,12,0,0,1,2,0,0,1,1,0,1,0,0,0,1,1,0,0,0,0,0,1,0,0,0,0,0,0,0
SL1832,92,1654,18,1,36,1,30,0,7,0,0,35,0,4,0,6,0,0,4,0,0,0,1,0,0,0,0,0,0,0,0,0,0,0,0,0,0,0,0,0
SL1833,128,1227,51,5,36,0,16,0,0,1,2,44,0,9,4,6,2,0,0,0,0,0,0,1,0,0,0,0,0,0,0,0,0,0,0,0,0,0,0,0
SL1834,49,1082,119,0,9,0,3,1,2,0,4,7,0,0,0,0,3,0,0,0,0,1,0,0,1,0,0,0,0,0,0,0,0,0,0,0,0,0,0,0
SL1835,87,3198,177,0,1,2,10,4,39,2,3,18,0,2,0,1,1,0,0,2,2,0,0,0,0,0,0,0,0,0,0,0,0,0,0,0,0,0,0,0
SL1836,42,1888,20,0,4,1,7,0,0,1,0,9,1,0,0,0,1,0,0,0,0,0,0,0,1,0,0,0,0,0,0,0,0,0,0,0,0,0,0,0
SL1837,162,1449,50,3,28,0,31,1,4,0,0,21,0,12,13,1,0,0,0,1,0,0,2,0,0,0,0,0,0,0,0,0,0,0,0,1,0,0,0,0
SL1838,83,1835,139,0,0,5,19,2,4,1,0,26,0,1,23,1,0,0,1,0,0,0,0,4,0,0,0,0,0,0,0,0,0,0,0,0,0,0,0,0
SL1839,11,1203,40,0,2,1,7,2,2,0,0,4,0,0,0,0,0,0,0,1,1,0,0,0,0,0,0,0,0,0,0,0,0,0,0,0,0,0,0,0
SL1840,110,1312,117,0,16,0,12,0,2,1,3,19,3,4,8,1,2,0,0,1,0,0,0,0,0,0,0,0,0,0,0,0,0,0,0,0,0,0,0,0
SL1841,78,2498,151,0,28,0,10,0,6,1,3,21,0,0,5,0,2,0,0,0,0,0,0,0,0,0,0,0,0,0,0,0,0,0,0,0,0,0,0,0
SL1842,63,1987,17,2,7,1,13,0,3,3,0,3,0,1,0,1,0,0,0,0,0,2,0,0,0,0,0,0,0,0,0,0,0,0,0,0,0,0,0,0
SL1843,74,2626,171,8,5,1,4,0,0,0,1,5,0,0,23,0,1,0,0,0,0,1,0,0,0,0,0,0,0,0,0,0,0,0,0,0,0,0,0,0
SL1844,106,3181,27,2,14,0,9,1,2,0,0,23,0,1,0,7,1,0,0,0,0,0,0,0,0,0,0,0,0,0,0,0,0,0,0,0,0,0,0,0
SL1845,117,2259,14,2,16,1,14,0,3,0,0,13,0,2,0,2,2,0,0,0,0,0,0,0,0,0,0,0,0,0,0,0,0,0,0,0,0,0,0,0
SL1846,59,1104,99,3,15,3,10,0,0,0,0,6,1,1,2,2,0,0,0,1,0,0,0,0,0,0,0,0,0,0,0,0,0,0,0,0,0,0,0,0
SL1847,118,998,122,5,9,0,3,2,4,0,3,14,0,0,1,2,0,0,0,0,1,2,0,0,0,0,0,0,0,0,0,0,0,0,0,0,0,0,0,0
SL1848,26,760,148,0,3,2,7,0,1,0,0,4,0,0,3,0,0,0,0,0,0,0,0,0,0,0,0,0,0,0,0,0,0,0,0,0,0,0,0,0
SL1849,125,1751,58,0,25,4,26,2,19,12,0,57,1,3,20,0,2,0,3,4,1,0,0,0,0,0,3,0,0,0,0,0,0,0,0,0,0,0,0,0
SL1850,100,1734,11,7,16,0,6,0,4,0,0,10,2,0,0,3,0,0,0,0,0,0,0,0,0,0,0,0,0,0,0,0,0,0,0,0,0,0,0,0
SL1851,84,2115,47,3,8,0,6,1,20,1,0,11,0,0,0,1,0,0,0,0,0,0,0,0,0,0,1,0,0,0,0,0,0,0,0,0,0,0,0,0
SL1852,86,4946,44,1,9,1,25,0,7,2,0,14,0,1,1,0,2,0,1,1,0,0,0,0,0,0,0,0,0,0,0,0,0,0,0,0,0,0,0,0
SL1853,123,2199,135,2,14,1,7,1,3,0,3,13,2,5,4,3,1,0,0,0,2,0,0,0,0,0,0,0,0,0,0,0,0,0,0,0,0,0,0,0
SL1854,73,1153,6,4,15,1,2,0,1,0,0,14,0,0,0,1,0,0,0,0,0,0,0,0,0,0,0,0,0,0,0,0,0,0,0,0,0,0,0,0
SL1855,18,1047,23,0,0,0,2,2,2,0,0,3,0,0,0,0,0,1,0,0,1,0,0,0,0,0,0,0,0,0,0,0,0,0,0,0,0,0,0,0
SL1856,4,41,1,1,0,0,0,2,0,0,0,0,0,0,0,0,0,0,0,0,0,0,0,0,0,0,0,0,0,0,0,0,0,0,0,0,0,0,0,0
SL1857,43,2757,24,0,8,0,5,0,1,0,0,6,2,0,1,0,3,0,0,0,1,0,0,0,2,0,1,0,0,0,0,0,0,0,0,0,0,0,0,0
SL1858,66,1664,11,0,3,0,0,0,2,0,0,6,0,1,0,0,0,0,0,0,0,0,0,0,0,0,0,0,0,0,0,0,0,0,0,0,0,0,0,0
SL1859,78,1104,61,2,9,0,12,0,4,0,1,13,0,8,0,2,3,1,0,0,2,0,0,0,0,0,0,0,0,0,0,0,0,0,0,0,0,0,0,0
SL1860,64,4238,47,0,12,2,11,0,3,4,0,5,1,1,1,1,1,0,0,0,0,0,0,0,0,0,0,0,0,0,0,0,0,0,0,0,0,0,0,0
SL1861,63,1309,8,3,7,0,6,0,1,1,0,3,0,0,0,0,0,0,0,0,0,0,0,0,0,0,0,0,0,0,0,0,0,0,0,0,0,0,0,0
SL1862,29,640,9,1,11,0,2,3,1,0,0,4,1,0,0,0,0,0,0,0,0,0,0,0,0,0,0,0,0,0,0,0,0,0,0,0,0,0,0,0
SL1863,24,1423,201,2,0,4,19,0,1,0,0,6,0,1,9,0,0,0,1,0,0,0,0,0,0,2,0,0,0,0,0,0,0,0,0,0,0,0,0,0
SL1864,136,1143,6,3,18,0,7,0,2,0,0,16,0,0,0,1,0,0,0,3,0,0,0,0,0,0,0,0,0,0,0,0,0,0,0,0,0,0,0,0
SL1865,74,1583,126,2,13,1,11,4,1,0,3,28,1,3,0,0,2,0,0,0,0,0,0,0,0,0,0,0,0,0,0,0,0,0,0,0,0,0,0,0
SL1866,108,1478,22,1,4,0,0,0,0,2,0,2,0,0,0,0,1,0,0,0,0,0,0,0,0,0,0,0,0,0,0,0,0,0,0,0,0,0,0,0
SL1867,107,1520,9,4,8,0,2,0,0,1,0,5,0,3,0,0,0,0,1,0,0,0,0,0,0,0,0,0,0,0,0,0,0,0,0,0,0,0,0,0
SL1868,83,1830,42,1,7,1,20,0,1,0,0,12,0,0,2,1,3,0,9,0,0,1,0,0,0,0,0,0,0,0,0,0,0,0,0,0,0,0,0,0
SL1869,81,1270,32,5,3,1,5,0,3,1,0,4,0,1,0,0,1,0,0,0,0,0,0,0,0,1,0,0,0,0,0,0,0,0,0,0,0,0,0,0
SL1870,67,519,45,1,10,0,12,0,0,0,0,12,0,7,1,3,0,0,0,0,0,0,0,0,0,0,0,0,0,0,0,0,0,0,0,0,0,0,0,0
SL1871,67,2862,187,2,2,0,6,0,2,1,4,14,0,0,10,2,1,0,0,0,2,0,0,0,0,0,0,0,0,0,0,0,0,0,0,0,0,0,0,0
SL1872,1,19,0,0,0,0,0,0,0,0,0,0,0,0,0,0,0,0,0,0,0,0,0,0,0,0,0,0,0,0,0,0,0,0,0,0,0,0,0,0
SL1873,105,886,63,0,20,1,10,0,2,0,1,23,0,1,3,0,0,0,0,0,0,0,0,0,0,0,0,0,0,0,0,0,0,0,0,0,0,0,0,0
SL1874,83,1094,7,2,14,0,6,0,1,2,1,12,0,3,0,4,0,0,0,0,0,0,0,0,0,0,0,0,0,0,0,0,0,0,0,0,0,0,0,0
SL1875,82,1500,12,0,1,0,6,0,1,0,0,2,0,1,0,0,0,0,0,0,0,0,0,0,0,0,0,0,0,0,0,0,0,0,0,0,0,0,0,0
SL1876,61,3949,38,0,5,5,16,0,2,1,0,14,0,0,2,0,4,0,0,0,0,2,0,0,0,0,0,0,0,0,0,0,1,0,0,0,0,0,0,0
SL1877,128,1018,55,3,23,0,22,0,0,0,0,32,2,1,0,4,1,0,2,0,0,1,0,0,0,0,0,0,0,0,0,0,1,0,0,0,0,0,0,0
SL1878,44,768,23,1,2,0,122,0,1,0,0,10,0,0,0,0,1,0,1,0,0,0,0,0,0,0,0,0,0,0,0,0,0,0,0,0,0,0,0,0
SL1879,78,1087,33,0,3,0,2,3,0,0,0,6,0,0,0,0,0,0,0,0,0,0,0,0,0,0,0,0,0,0,0,0,0,0,0,0,0,0,0,0
SL1880,38,2722,189,0,6,0,4,1,1,0,0,3,0,1,11,1,1,0,0,0,0,0,0,0,0,0,0,0,0,0,0,0,0,0,0,0,0,0,0,0
SL1881,97,1898,11,3,1,1,4,0,1,0,0,4,1,0,1,1,0,0,1,0,0,0,0,0,0,0,0,0,0,0,0,0,0,0,0,0,0,0,0,0
SL1882,12,1157,24,0,2,2,8,0,1,0,0,1,0,0,1,0,0,0,0,0,0,0,0,0,0,0,0,0,0,0,0,0,0,0,0,0,0,0,0,0
SL1883,61,827,44,4,6,0,9,1,2,1,0,18,0,0,0,0,0,0,0,0,0,0,0,0,0,0,0,0,0,0,0,0,0,0,0,0,0,0,0,0
SL1884,104,2159,9,4,3,0,14,0,4,0,0,16,0,1,1,0,0,0,0,0,0,0,0,0,0,0,0,0,0,0,0,0,0,0,0,0,0,0,0,0
SL1885,129,2946,5,3,36,0,20,11,15,1,0,39,2,0,0,9,0,0,0,0,4,0,0,0,0,0,0,0,0,0,0,0,0,0,0,0,0,0,0,0
SL1886,116,2654,5,0,28,0,5,9,2,0,0,18,4,1,0,3,0,0,1,0,0,1,0,0,0,0,0,0,0,0,0,0,0,0,0,0,0,0,0,0
SL1887,74,1986,32,1,3,0,134,8,64,4,0,8,4,0,0,1,0,0,1,2,0,1,0,0,0,0,0,0,0,1,0,1,0,0,0,0,0,0,0,0
SL1888,102,2137,4,2,5,1,3,10,3,1,0,4,1,1,0,1,0,0,0,0,0,0,0,0,0,0,0,0,0,0,0,0,0,0,0,0,0,0,0,0
SL1889,103,2006,15,6,18,1,17,8,39,1,2,10,4,0,0,2,0,0,0,0,0,1,0,0,0,0,0,0,0,0,0,0,0,0,0,0,0,0,0,0
SL1890,9,1404,1,0,7,0,1,13,4,0,0,6,1,0,0,2,0,0,0,0,0,0,0,0,0,0,0,0,0,0,0,0,0,0,0,0,0,0,0,0
SL1891,100,1690,3,1,6,0,5,10,1,0,0,6,2,0,0,1,0,0,0,0,2,0,0,0,0,0,0,0,0,0,0,0,0,0,0,0,0,0,0,0
SL1892,105,2197,41,2,39,1,29,9,31,9,0,24,3,0,0,4,3,0,1,0,1,0,0,0,0,0,0,3,0,0,0,0,0,0,0,0,0,0,0,0
SL1893,32,1960,5,0,21,4,9,10,163,3,0,43,1,0,1,3,1,0,0,0,0,0,0,0,0,0,0,0,0,0,0,0,0,0,0,0,0,0,0,0
SL1894,85,2049,3,1,8,0,12,6,2,2,0,7,2,0,1,1,0,0,0,1,0,0,0,0,0,0,0,0,0,0,0,0,0,0,1,0,0,0,0,0
SL1895,60,2348,11,1,8,0,134,10,7,0,0,5,1,0,0,2,0,0,0,4,0,0,0,0,0,0,0,0,0,0,0,0,0,0,0,0,0,0,0,0
SL1896,150,2132,14,1,29,1,21,9,42,34,0,43,1,0,0,3,0,0,0,3,0,0,0,0,0,0,0,3,0,0,0,0,0,0,0,0,0,0,0,0
SL1897,54,1787,3,2,22,2,20,10,12,6,1,35,1,4,2,5,3,0,0,0,0,0,0,0,0,0,0,0,0,0,0,0,0,0,0,0,0,0,0,0
SL1898,116,2386,9,4,15,2,14,12,34,3,4,34,2,1,0,4,3,0,0,2,0,1,0,0,0,0,2,1,0,0,0,0,0,0,0,0,0,0,0,0
SL1899,128,1381,4,1,17,2,13,2,48,1,0,13,1,0,0,0,0,0,0,4,0,0,0,0,0,0,0,2,0,0,0,0,0,0,0,0,0,0,0,0
SL1900,111,2704,9,5,10,1,17,7,18,9,0,30,1,0,0,3,1,0,0,0,0,1,0,0,0,0,0,1,0,0,0,0,0,0,0,0,0,0,0,0
SL1901,117,1296,20,3,11,0,16,6,98,25,0,24,0,2,0,2,7,0,0,0,2,0,0,0,0,0,0,0,0,0,0,0,0,0,0,0,0,0,0,0
SL1902,223,3787,64,0,17,10,62,13,12,43,0,147,4,7,0,2,17,0,0,2,0,0,0,0,0,7,0,0,0,0,1,0,0,1,0,0,0,0,0,0
SL1903,105,3414,18,1,20,0,14,18,74,25,1,34,4,0,0,9,1,0,0,8,0,0,0,0,0,0,0,0,0,0,0,0,0,0,0,0,0,0,0,0
SL1904,127,1637,6,4,9,0,23,5,63,33,5,26,1,0,0,3,3,0,0,4,0,0,0,0,0,0,0,0,0,0,0,0,0,0,0,0,0,0,0,0
SL1905,113,1841,7,4,11,1,14,9,35,6,1,34,1,0,0,4,0,0,0,3,0,1,0,0,0,0,0,1,0,0,0,0,0,0,0,0,0,0,0,0
SL1906,130,2770,9,1,19,0,11,10,2,1,4,18,1,0,0,5,2,0,0,0,0,0,0,0,0,0,0,0,0,0,0,0,0,0,0,0,0,0,0,0
SL1907,65,1469,3,4,3,0,6,4,0,0,0,5,1,0,0,0,0,0,0,0,0,0,0,0,0,0,0,0,0,0,0,0,0,0,0,0,0,0,0,0
SL1908,62,1891,7,8,3,2,10,8,20,2,0,14,2,0,0,1,0,0,0,0,2,0,0,0,0,0,0,0,0,0,0,0,0,0,0,0,0,0,0,0
SL1909,146,2856,17,2,26,3,20,12,75,10,0,45,1,0,3,2,1,0,0,2,0,0,0,0,0,0,0,0,1,0,0,0,0,0,0,0,0,0,0,0
SL1910,81,2566,11,2,22,0,23,10,39,46,0,8,1,0,0,0,0,3,0,0,0,3,0,0,0,0,1,0,0,0,0,0,0,0,0,0,0,0,0,0
SL1911,48,1783,8,0,4,0,24,4,19,9,0,45,0,0,3,1,1,3,0,0,0,0,0,0,0,0,0,0,0,0,0,0,0,0,0,0,0,0,0,0
SL1912,83,2567,14,3,3,0,14,9,10,6,0,13,3,0,3,1,0,0,0,0,0,0,0,0,0,0,0,0,0,0,0,0,0,0,0,0,0,0,0,0
SL1913,131,2565,11,0,32,2,45,10,73,77,1,18,2,4,1,2,0,0,0,2,2,0,0,0,0,0,4,2,0,0,0,0,0,0,0,0,0,0,0,0
SL1914,67,1076,12,4,6,0,214,4,19,4,0,18,1,1,0,1,3,0,0,0,0,2,1,1,0,0,0,0,0,0,0,0,0,0,0,0,0,0,0,0
SL1915,2,8,0,0,0,0,0,0,0,0,0,0,0,0,0,0,0,0,0,0,0,0,0,0,0,0,0,0,0,0,0,0,0,0,0,0,0,0,0,0
SL1916,1,2,0,0,0,0,0,0,0,0,0,0,0,0,0,0,0,0,0,0,0,0,0,0,0,0,0,0,0,0,0,0,0,0,0,0,0,0,0,0
SL1917,91,2065,15,4,19,1,8,8,4,4,0,36,2,2,0,6,0,0,0,0,0,0,0,0,0,0,0,0,0,0,0,0,0,0,0,0,0,0,0,0
SL1918,84,1544,23,1,11,0,17,3,14,70,4,15,1,4,0,4,1,0,0,0,0,0,0,0,0,0,0,0,0,0,0,0,0,0,0,0,0,0,0,0
SL1919,96,1454,4,4,21,0,7,7,16,0,4,33,0,1,0,8,1,0,0,0,0,0,0,0,0,0,0,0,0,0,0,0,0,0,0,0,0,0,0,0
SL1920,125,2175,16,4,24,5,16,9,13,4,0,21,2,0,1,3,1,0,0,0,0,1,0,0,0,0,1,0,0,0,0,0,0,0,0,0,0,1,0,0
SL1921,172,1940,8,4,15,0,16,5,2,0,0,14,1,12,1,7,0,0,0,0,0,0,0,0,0,0,0,0,0,0,0,0,0,0,0,0,0,0,0,0
SL1922,50,4157,79,0,1,0,10,11,54,2,0,16,3,0,23,1,0,0,0,2,0,1,0,0,0,0,0,0,0,0,0,0,0,0,0,0,0,0,0,0
SL1923,118,3053,20,3,6,1,17,15,16,1,2,17,2,0,1,4,0,0,0,0,0,0,0,0,0,0,0,0,0,0,0,0,0,0,0,0,0,0,0,0
SL1924,43,4484,20,0,3,3,17,11,12,0,0,13,2,2,1,5,6,0,0,0,0,0,0,0,0,0,1,0,0,0,0,0,0,0,0,0,0,0,0,0
SL1925,136,1584,3,3,16,0,11,5,2,0,0,19,2,0,0,3,0,0,0,0,0,0,0,0,0,0,1,0,0,0,0,0,0,0,0,0,0,0,0,0
SL1926,52,1248,5,3,8,2,53,4,1,0,0,9,1,0,0,0,0,0,0,1,0,0,0,0,0,0,0,0,0,0,0,0,0,0,0,0,0,0,0,0
SL1927,94,1922,16,0,0,0,7,6,1,1,0,2,1,0,0,1,1,0,0,0,0,0,0,0,0,0,0,0,0,0,0,0,0,0,0,0,0,0,0,0
SL1928,97,1616,1,3,6,1,1,7,28,0,1,10,0,0,0,2,0,0,0,2,0,0,0,0,0,0,0,0,0,0,0,0,0,0,0,0,0,0,0,0
SL1929,73,4052,17,0,11,3,28,18,9,4,0,18,1,7,2,4,0,0,0,0,1,0,0,0,0,0,0,0,0,0,0,0,0,0,0,0,0,0,0,0
SL1930,69,1664,6,1,9,1,8,8,2,1,0,4,1,0,0,2,0,0,6,0,0,0,0,0,0,0,0,0,0,0,0,0,0,0,0,0,0,0,0,0
SL1931,72,2672,10,5,6,0,1,9,5,0,0,6,2,0,1,4,1,0,0,1,1,0,0,0,0,0,0,0,0,0,0,0,0,0,0,0,0,0,0,0
SL1932,70,832,4,3,13,0,36,2,0,0,0,6,1,0,1,1,0,0,1,1,0,0,0,0,0,0,0,0,0,0,0,0,0,0,0,0,0,0,0,0
SL1933,109,2053,7,1,8,0,1,8,1,0,0,4,0,2,0,2,0,0,0,0,0,0,0,0,0,0,0,0,0,0,0,0,0,0,0,0,0,0,0,0
SL1934,133,1886,6,3,14,0,7,10,2,0,0,11,1,0,0,2,0,0,0,0,0,0,0,0,0,0,0,0,0,0,0,0,0,0,0,0,0,0,0,0
SL1935,123,2875,19,0,5,0,12,10,1,0,6,37,2,0,0,1,17,0,0,0,2,0,0,0,0,0,0,0,0,0,0,0,0,0,0,0,0,0,0,0
SL1936,0,6,1,0,0,0,0,0,0,0,0,0,0,0,0,0,0,0,0,0,0,0,0,0,0,0,0,0,0,0,0,0,0,0,0,0,0,0,0,0
SL1937,116,1903,4,1,15,5,6,7,1,0,1,9,1,0,0,2,1,0,0,0,0,0,0,0,0,0,0,0,0,0,0,0,0,0,0,0,0,0,0,0
SL1938,10,188,2,0,1,0,0,1,0,0,0,0,0,0,0,0,1,0,0,0,0,0,0,0,0,0,0,0,0,0,0,0,0,0,0,0,0,0,0,0
SL1939,99,1659,9,2,19,0,9,8,3,1,0,20,1,0,0,5,1,0,0,0,0,0,0,0,0,0,0,0,0,0,0,0,0,0,0,0,0,0,0,0
SL1940,95,1058,2,2,11,0,9,4,5,4,0,15,1,0,0,1,0,0,0,0,0,0,0,0,0,0,0,0,0,0,0,0,0,0,0,0,0,0,0,0
SL1941,114,1412,12,3,2,3,130,4,0,13,0,18,1,0,0,1,8,2,2,0,2,0,0,0,0,0,0,0,0,0,0,0,0,2,0,0,0,0,0,0
SL1942,76,1806,4,1,1,0,4,9,1,0,0,12,1,0,0,4,0,0,0,1,2,0,0,0,0,0,0,0,0,0,0,0,0,0,0,0,0,0,0,0
SL1943,49,555,16,0,0,7,6,3,2,0,0,18,1,0,0,0,7,0,0,0,2,0,0,0,0,0,0,0,0,0,0,0,0,0,0,0,0,0,0,0
SL1944,96,3863,19,0,9,4,9,10,7,0,7,43,1,0,0,3,3,0,0,1,1,0,0,0,0,0,0,0,0,0,0,0,0,0,0,0,0,0,0,0
SL1945,55,1700,24,6,1,1,28,12,1,1,0,22,1,0,0,2,3,2,0,0,0,0,0,0,0,0,0,0,0,0,0,0,0,0,0,0,0,0,0,0
SL1946,48,1457,5,3,0,0,62,13,1,0,0,5,0,0,0,0,5,0,4,0,0,0,0,0,0,0,0,0,0,0,0,0,0,0,0,0,0,0,0,0
SL1947,103,2028,5,1,30,0,2,12,0,0,0,14,3,0,1,2,0,0,0,0,0,0,0,0,0,0,0,0,0,0,0,0,0,0,0,0,0,0,0,0
SL1948,96,1882,15,4,19,0,25,9,3,3,0,14,1,1,0,4,1,0,1,0,1,0,0,0,0,0,0,0,0,0,0,0,0,0,0,0,0,0,0,0
SL1949,97,1781,6,0,20,1,21,7,1,1,4,25,1,8,0,8,1,0,0,2,0,0,0,0,0,0,0,0,0,0,0,0,0,0,0,0,0,0,0,0
SL1950,79,914,15,2,13,2,28,6,2,0,0,6,3,0,1,2,0,2,0,1,1,2,0,0,0,0,2,0,0,0,0,0,0,0,0,0,0,0,0,0
SL1951,116,1739,7,2,39,0,4,5,3,0,1,37,1,10,0,5,0,0,0,0,0,0,0,0,0,0,0,0,0,0,0,0,0,0,0,0,0,0,0,0
SL1952,55,1263,5,4,30,0,13,7,2,0,0,32,0,3,1,9,1,0,0,0,1,0,0,1,0,0,0,0,0,0,0,0,0,0,0,0,0,0,0,0
SL1953,87,1932,2,3,1,1,5,7,4,0,0,4,1,0,0,2,1,0,0,0,0,0,0,0,0,0,0,0,0,0,0,0,0,0,0,0,0,0,0,0
SL1954,31,805,13,0,7,0,7,5,1,1,0,11,1,6,0,4,0,0,0,0,2,1,0,0,0,0,0,0,0,0,0,0,0,0,0,0,0,0,0,0
SL1955,83,2600,9,0,2,3,10,12,1,3,2,12,1,4,0,1,1,0,0,0,2,0,0,0,0,0,0,0,0,0,0,0,0,0,0,0,0,0,0,0
SL1956,79,2332,6,3,5,0,3,11,1,1,0,9,1,0,1,2,1,0,0,0,0,2,0,0,0,0,0,0,0,1,0,0,0,0,0,0,0,0,0,0
SL1957,104,2335,9,7,4,0,2,10,4,1,1,10,1,0,2,3,0,0,0,0,0,0,0,1,0,0,0,0,0,0,0,0,0,0,0,0,0,0,0,0
SL1958,80,1935,9,3,4,0,170,5,4,1,0,13,1,0,0,2,1,0,0,0,0,0,0,0,0,0,0,0,0,0,0,1,0,0,0,0,0,0,0,0
SL1959,49,1982,17,2,0,0,11,10,1,0,0,11,1,0,0,2,0,0,0,0,0,0,0,0,0,0,0,0,0,0,0,0,0,0,0,0,0,0,0,0
SL1960,84,1346,2,0,11,2,6,6,3,2,4,20,8,0,0,3,2,0,0,0,0,0,0,0,0,0,0,0,0,0,0,0,0,0,0,0,0,0,0,0
SL1961,73,4201,16,1,16,8,13,10,3,3,0,26,2,0,4,7,6,0,0,0,0,0,0,0,0,0,0,0,0,0,1,0,0,0,0,0,0,0,0,0
SL1962,37,1612,7,1,2,2,12,3,4,1,0,2,3,0,0,1,0,0,0,0,0,0,0,0,0,0,0,0,0,0,0,0,0,0,0,0,0,0,0,0
SL1963,116,2123,5,4,3,0,3,6,3,0,0,7,0,0,1,3,0,0,0,0,0,0,0,0,0,0,0,0,0,0,0,0,0,0,0,0,0,0,0,0
SL1964,114,1716,7,2,30,3,8,6,6,0,0,32,3,1,0,5,2,0,2,0,0,0,0,0,0,1,0,0,0,0,0,0,0,0,0,1,0,0,0,0
SL1965,64,3962,16,0,8,0,29,16,13,3,0,10,5,1,2,4,0,0,0,0,0,0,0,0,0,0,0,0,0,0,0,0,0,0,0,0,0,0,0,0
SL1966,47,800,15,0,12,1,20,1,1,0,0,12,4,0,0,1,0,0,0,0,5,0,0,0,0,0,0,0,0,0,0,0,0,0,0,0,0,0,0,0
SL1967,104,2480,26,0,2,9,28,11,2,7,5,51,1,1,0,1,17,0,0,0,1,0,0,0,0,0,0,0,0,1,0,0,0,0,0,0,0,0,0,0
SL1968,47,1687,14,4,1,1,2,8,0,0,6,6,2,0,0,1,0,0,0,0,0,0,0,0,0,0,0,0,0,0,0,0,0,0,0,0,0,0,0,0
SL1969,75,1338,6,1,16,0,3,5,3,0,0,12,1,2,0,0,0,0,0,0,0,0,0,0,0,0,0,0,0,0,0,0,0,0,0,0,0,0,0,0
SL1970,53,1335,13,6,2,1,66,5,0,0,0,12,1,0,0,1,0,0,0,0,0,0,1,0,0,0,0,0,0,0,0,0,0,0,0,0,0,0,0,0
SL1971,74,2603,12,2,7,0,14,10,2,2,0,9,1,0,0,2,3,1,0,0,0,0,0,0,0,0,0,0,0,0,0,0,0,0,0,0,0,0,0,0
SL1972,56,1618,13,7,6,0,12,7,3,1,0,8,2,1,1,1,1,0,0,1,0,0,0,0,0,0,0,0,0,0,0,0,0,0,0,0,0,0,0,0
SL1973,80,2132,9,0,4,0,11,11,1,0,2,12,6,0,0,5,0,0,0,0,2,0,0,0,0,0,0,0,0,0,0,0,0,0,0,0,0,0,0,0
SL1974,51,1347,0,0,19,1,17,3,21,0,1,12,1,0,0,3,0,0,1,2,0,0,0,0,0,0,0,0,0,0,0,0,1,0,0,0,0,0,0,0
SL1975,105,1618,18,1,13,0,82,10,1,2,0,12,2,0,0,1,4,0,0,0,0,0,0,0,0,0,0,0,0,0,0,0,0,0,0,0,0,0,0,0
SL1976,36,1752,11,2,8,2,15,7,6,1,0,5,3,0,1,0,1,0,0,0,1,0,0,0,0,0,0,0,0,0,0,0,0,0,0,0,0,0,0,0
SL1977,147,3228,7,2,31,0,9,15,2,2,3,25,1,7,0,8,6,0,0,0,0,0,0,0,0,0,0,0,0,0,0,0,0,0,0,0,0,0,0,0
SL1978,87,2611,10,2,0,0,23,10,0,0,6,13,5,0,0,2,15,0,0,0,2,1,0,0,0,0,0,0,0,0,0,0,0,0,0,0,0,0,0,0
SL1979,81,1204,14,2,4,1,27,6,2,0,0,7,2,0,0,0,0,4,0,1,0,2,0,0,0,0,2,0,0,0,0,0,0,0,0,0,0,0,0,0
SL1980,112,2100,8,2,16,2,10,13,23,3,0,11,5,0,1,3,0,0,0,0,0,0,0,0,0,0,0,0,0,0,0,0,0,0,0,0,0,0,0,0
SL1981,103,2107,9,4,24,2,7,5,43,12,0,19,0,0,0,4,0,0,0,0,1,0,0,0,0,0,0,1,0,0,0,0,0,0,0,0,0,0,0,0
SL1982,94,2470,5,3,12,0,68,0,7,0,0,15,0,2,0,0,0,0,0,0,0,0,0,0,0,0,0,0,0,0,0,0,0,0,0,0,0,0,0,0
SL1983,48,347,2,0,8,1,10,0,3,0,0,14,0,1,0,1,0,0,0,0,0,1,0,0,0,0,0,0,0,0,0,0,0,0,0,0,0,0,0,0
SL1984,26,2880,16,2,3,0,4,1,1,1,0,4,0,1,0,0,1,0,1,0,0,0,0,0,0,0,0,0,0,0,0,0,0,0,0,0,0,0,0,0
SL1985,79,776,1,0,1,0,8,0,0,0,1,5,0,0,0,0,0,0,0,0,1,0,0,0,0,0,0,0,0,0,0,0,0,0,0,0,0,0,0,0
SL1986,84,1412,5,0,9,1,12,1,2,1,4,7,0,1,0,0,1,0,1,0,4,0,0,0,0,0,0,0,0,0,0,0,0,0,0,0,0,0,0,0
SL1987,55,2380,9,4,3,0,19,1,2,0,0,3,0,2,0,1,0,0,0,0,0,0,0,0,0,0,0,0,0,0,0,0,0,0,0,0,0,0,0,0
SL1988,53,500,7,0,3,0,136,0,0,0,0,6,0,0,0,0,0,2,1,0,0,0,0,0,0,0,0,0,0,0,0,0,0,0,0,0,0,0,0,0
SL1989,91,3031,10,1,21,2,20,0,81,24,2,17,2,1,0,3,1,0,0,0,0,0,0,0,0,0,0,0,0,0,0,0,0,0,0,0,0,0,0,0
SL1990,106,1902,13,4,1,2,1,2,1,1,7,9,0,0,0,1,0,0,0,0,0,0,0,0,0,0,0,0,0,0,0,0,0,0,0,0,0,0,0,0
SL1991,119,1747,11,4,6,0,5,1,3,2,0,9,0,0,0,1,0,0,0,0,0,0,0,0,0,0,0,0,0,0,0,0,0,0,0,0,0,0,0,0
SL1992,58,1079,9,4,12,0,66,0,0,0,0,13,0,0,0,2,0,1,2,0,0,0,0,0,0,0,0,0,0,0,0,0,0,0,0,0,0,0,0,0
SL1993,4,65,0,0,0,0,0,0,0,0,0,0,0,0,0,0,0,0,0,0,0,0,0,0,0,0,0,0,0,0,0,0,0,0,0,0,0,0,0,0
SL1994,81,2317,6,3,3,0,4,0,2,0,2,4,0,0,0,1,0,0,0,0,0,0,0,0,0,0,0,0,0,0,0,0,0,0,0,0,0,0,0,0
SL1995,68,3944,40,1,5,1,10,1,2,0,0,16,0,1,0,0,1,0,0,1,0,0,0,0,0,0,0,0,0,0,0,0,0,0,0,0,0,0,0,0
SL1996,64,1321,11,1,3,1,144,1,4,0,0,7,0,1,1,0,0,2,1,0,0,0,0,0,0,0,0,0,0,0,0,0,0,0,0,0,0,0,0,0
SL1997,203,1361,15,3,19,4,42,0,12,0,1,32,0,2,0,5,1,0,2,1,0,0,0,0,0,0,0,0,1,0,0,0,0,0,0,0,0,0,0,0
SL1998,89,2107,5,5,7,1,65,1,1,0,0,12,1,1,0,0,0,0,1,1,0,1,0,0,0,0,0,0,0,0,0,0,0,0,0,0,0,0,0,0
SL1999,43,824,18,0,6,3,13,2,2,1,0,3,0,1,0,0,0,2,0,0,1,0,0,0,0,0,0,0,0,0,0,0,0,0,0,0,0,0,0,0
SL2000,88,1853,6,2,9,0,2,0,10,1,0,7,1,1,0,0,0,0,0,0,0,0,0,0,0,1,0,0,0,0,0,0,0,0,0,0,0,0,0,0
SL2001,79,1215,4,2,20,0,3,0,7,0,1,17,0,1,0,1,0,0,0,0,0,0,0,0,0,0,0,0,0,0,0,0,0,0,0,0,0,0,0,0
SL2002,96,2065,4,3,10,1,5,0,1,0,0,2,0,1,0,1,1,0,1,0,0,0,0,0,0,0,0,0,0,0,0,0,0,0,0,0,0,0,0,0
SL2003,71,995,5,3,12,2,5,0,0,0,0,11,0,0,0,2,0,0,0,1,2,0,0,0,0,0,0,0,0,0,0,0,0,0,0,0,0,0,0,0
SL2004,69,661,3,0,10,0,8,1,4,0,0,2,0,3,0,1,0,0,0,0,0,0,0,0,1,0,0,0,0,0,0,0,0,0,0,0,0,0,0,0
SL2005,156,3683,14,5,19,0,13,0,51,1,1,32,2,9,1,5,1,0,1,0,0,2,0,0,0,0,0,0,0,0,0,0,0,0,0,0,0,0,0,0
SL2006,147,2954,12,1,16,4,49,3,25,1,1,21,0,5,0,1,0,0,1,0,0,0,0,0,0,0,0,0,0,0,0,0,1,0,1,0,0,0,0,0
SL2007,2,21,0,1,1,0,0,0,0,0,0,0,0,0,0,0,0,0,0,0,0,0,0,0,0,0,0,0,0,0,0,0,0,0,0,0,0,0,0,0
SL2008,4,836,2,0,7,0,0,8,2,0,0,3,0,1,0,0,0,0,0,0,0,0,0,0,0,0,0,0,0,0,0,0,0,0,0,0,0,0,0,0
SL2009,27,1777,10,1,7,1,38,1,1,0,0,6,1,1,0,1,1,0,0,0,0,0,0,0,0,0,0,0,0,0,0,0,0,0,0,0,0,0,0,0
SL2010,3,62,4,1,0,0,0,0,1,0,0,0,0,0,0,0,0,0,0,0,0,0,0,0,0,0,0,0,0,0,0,0,0,0,0,0,0,0,0,0
SL2011,37,484,4,0,4,0,6,0,3,0,0,3,0,0,0,0,0,0,0,0,0,0,0,0,0,0,0,0,0,0,0,0,0,0,0,0,0,0,0,0
SL2012,68,1658,7,6,7,1,9,1,5,4,0,11,0,0,0,2,0,0,0,0,0,0,0,0,0,0,1,0,0,0,0,0,0,0,0,0,0,0,0,0
SL2013,71,766,1,0,18,0,7,0,10,0,2,10,2,4,0,3,1,0,1,0,0,0,0,0,0,0,0,0,0,0,0,0,0,0,0,0,0,0,0,0
SL2014,98,1837,1,2,4,0,5,0,4,0,0,3,0,0,0,0,0,0,0,1,0,0,0,0,0,0,0,0,0,0,0,0,0,0,0,0,0,0,0,0
SL2015,97,1369,9,3,25,2,17,1,16,0,0,31,1,8,0,8,0,0,0,5,1,0,0,0,0,0,0,0,0,0,0,0,0,0,0,2,0,0,0,0
SL2016,97,1625,17,5,23,0,11,0,4,0,1,8,0,0,0,3,1,0,1,0,0,0,0,0,0,0,0,0,0,0,0,0,0,0,0,0,0,0,0,0
SL2017,101,2534,19,0,0,1,11,0,2,0,0,1,0,0,0,0,0,0,0,0,0,0,0,0,0,0,0,0,0,0,0,0,0,0,0,0,0,0,0,0
SL2018,61,3307,22,0,0,5,11,2,4,3,1,16,0,0,4,1,1,0,0,0,2,0,0,0,0,0,0,0,0,0,0,0,0,0,0,0,0,0,0,0
SL2019,6,992,1,0,7,0,2,8,0,0,0,4,0,0,0,0,0,0,0,0,0,0,0,0,0,0,0,0,0,0,0,0,0,0,0,0,0,0,0,0
SL2020,91,909,5,0,17,0,19,1,10,3,0,16,5,4,0,2,1,0,1,0,0,0,0,0,0,1,0,0,0,0,0,0,0,0,0,0,0,0,0,0
SL2021,82,1662,5,0,9,0,12,2,6,0,5,10,4,2,2,2,0,0,0,0,0,0,0,0,0,0,0,0,0,0,0,0,0,0,0,0,0,0,0,0
SL2022,24,96,2,0,3,0,2,0,2,0,1,1,0,1,0,0,0,0,0,0,0,0,0,0,0,0,0,0,0,0,0,0,0,0,0,0,0,0,0,0
SL2023,71,3077,8,0,4,0,24,2,1,0,0,6,0,0,0,0,1,0,0,0,1,0,0,0,0,0,1,0,0,0,0,0,0,0,0,0,0,0,0,0
SL2024,89,2039,7,4,34,4,13,0,6,0,1,47,1,6,1,10,0,0,3,1,0,0,0,0,0,0,0,0,0,0,0,0,0,0,0,3,0,0,0,0
SL2025,45,1074,4,2,26,0,7,1,2,0,0,8,1,0,0,1,0,0,1,0,0,0,0,0,0,0,0,0,0,0,0,0,0,0,0,0,0,0,0,0
SLP2W,86,1891,23,0,1,1,10,1,1,2,0,20,0,1,7,0,15,1,0,2,0,0,0,0,0,0,0,0,0,0,0,0,0,0,0,0,0,0,0,0
SLPW1B,67,4506,76,0,11,1,26,12,12,2,0,16,2,1,2,5,2,0,0,1,0,3,0,0,0,0,0,0,0,0,0,0,0,0,0,0,0,0,0,0
SLPW3A,86,4912,9,0,3,0,18,2,6,3,0,7,1,0,0,0,4,0,0,5,1,0,0,0,0,0,0,0,0,0,0,0,0,0,0,0,0,0,0,0
SLPW4A,62,4646,115,0,7,0,12,0,4,0,0,11,0,1,0,0,2,0,0,0,0,0,0,0,0,0,0,0,0,0,0,0,0,0,0,0,0,0,0,0
SLPW5X,102,4327,13,0,4,1,13,12,3,1,0,23,1,0,2,4,11,1,0,0,0,0,0,0,0,0,0,0,0,0,0,0,0,0,0,0,0,0,0,0
SLPW6A,31,1193,2,0,4,0,7,2,2,0,0,6,1,0,0,0,0,0,0,0,0,0,0,0,0,0,0,0,0,0,0,0,0,0,0,0,0,0,0,0
SLPW7,11,581,2,0,0,0,7,0,4,0,0,2,1,0,0,2,0,0,0,0,0,0,0,1,0,0,0,0,0,0,0,0,0,0,0,0,0,0,0,0
SLPW8,2,68,2,0,0,0,4,0,3,0,0,0,0,0,0,0,0,0,0,0,0,0,0,0,0,0,0,0,0,0,0,0,0,0,0,0,0,0,0,0
