,Ascomycota,Unclassified,Anthophyta,Basidiomycota,Basidiobolomycota,Cercozoa,Mortierellomycota,Glomeromycota,Haplosporidia,Rozellomycota,Blastocladiomycota,Mucoromycota,Calcarisporiellomycota,Choanoflagellata,Arthropoda,Eumycetozoa,Monilophyta,Streptophycophyta
SL1501,94.57705479452055,5.412671232876712,0.0,0.010273972602739725,0.0,0.0,0.0,0.0,0.0,0.0,0.0,0.0,0.0,0.0,0.0,0.0,0.0,0.0
SL1502,83.87458006718926,2.878177789426032,12.839817969550404,0.4074241738343142,0.0,0.0,0.0,0.0,0.0,0.0,0.0,0.0,0.0,0.0,0.0,0.0,0.0,0.0
SL1503,29.16591360925357,56.68714982830291,0.0,11.752213988794505,0.018073377914332188,0.0,2.3766491957346827,0.0,0.0,0.0,0.0,0.0,0.0,0.0,0.0,0.0,0.0,0.0
SL1504,79.28933595027804,11.60042525351652,0.4497873732417403,7.057572783774943,1.602878639188747,0.0,0.0,0.0,0.0,0.0,0.0,0.0,0.0,0.0,0.0,0.0,0.0,0.0
SL1505,74.39172315376382,22.76846236175526,0.05708169818052087,2.772029967891545,0.0,0.0,0.0,0.0,0.010702818408847663,0.0,0.0,0.0,0.0,0.0,0.0,0.0,0.0,0.0
SL1506,77.15845868534927,14.48588501957552,4.960848959406553,3.3948073356686588,0.0,0.0,0.0,0.0,0.0,0.0,0.0,0.0,0.0,0.0,0.0,0.0,0.0,0.0
SL1507,87.3913784290339,10.376554779349123,1.4227295961833362,0.7837791787357301,0.0,0.0,0.025558016697904244,0.0,0.0,0.0,0.0,0.0,0.0,0.0,0.0,0.0,0.0,0.0
SL1508,57.37641516067787,17.442514591097673,3.5721819843892835,21.605372336685186,0.0,0.0,0.0,0.0,0.003515927149989452,0.0,0.0,0.0,0.0,0.0,0.0,0.0,0.0,0.0
SL1509,55.39124556363022,41.566672300152106,0.45912906315137175,2.582953073066306,0.0,0.0,0.0,0.0,0.0,0.0,0.0,0.0,0.0,0.0,0.0,0.0,0.0,0.0
SL1510,76.35422807362285,7.938691294949892,3.0654352525054036,12.628545228270125,0.013100150651732496,0.0,0.0,0.0,0.0,0.0,0.0,0.0,0.0,0.0,0.0,0.0,0.0,0.0
SL1511,69.87841618248332,22.55756401979772,1.877555412093824,5.670324940822035,0.0,0.005379814934366258,0.0,0.0,0.0,0.010759629868732516,0.0,0.0,0.0,0.0,0.0,0.0,0.0,0.0
SL1512,78.76523412443875,9.002565747273893,2.4278383579217446,2.6539448364336113,7.031751122514432,0.001603592046183451,0.11706221937139191,0.0,0.0,0.0,0.0,0.0,0.0,0.0,0.0,0.0,0.0,0.0
SL1513,85.43409717222374,11.479927505648105,0.891283298989548,2.154969090593113,0.0,0.0024826832840934483,0.0,0.0,0.03724024926140172,0.0,0.0,0.0,0.0,0.0,0.0,0.0,0.0,0.0
SL1514,82.23408311094167,10.002018344508981,4.175730528582001,3.585925410957368,0.0,0.0,0.0,0.0,0.0,0.0,0.002242605009979592,0.0,0.0,0.0,0.0,0.0,0.0,0.0
SL1515,71.97962648556876,18.122241086587437,1.2258064516129032,8.66893039049236,0.0,0.003395585738539898,0.0,0.0,0.0,0.0,0.0,0.0,0.0,0.0,0.0,0.0,0.0,0.0
SL1516,46.88940885004473,30.751496799944945,8.722730713646687,13.237216984378225,0.0,0.0,0.12387309889202396,0.10322758241001996,0.013763677654669328,0.1376367765466933,0.0,0.02064551648200399,0.0,0.0,0.0,0.0,0.0,0.0
SL1517,87.02619530135856,8.646701193424905,0.36403212489679504,3.963071380319748,0.0,0.0,0.0,0.0,0.0,0.0,0.0,0.0,0.0,0.0,0.0,0.0,0.0,0.0
SL1518,75.20825743776564,6.907103825136612,5.605343047965999,12.194292653309047,0.08257437765634487,0.0,0.0,0.0,0.0,0.0024286581663630845,0.0,0.0,0.0,0.0,0.0,0.0,0.0,0.0
SL1519,27.82644756622259,3.693432170442175,0.0,68.48012026333524,0.0,0.0,0.0,0.0,0.0,0.0,0.0,0.0,0.0,0.0,0.0,0.0,0.0,0.0
SL1520,79.80150964495387,15.096449538719597,4.794520547945205,0.26838132513279284,0.0363433044450657,0.0,0.0,0.0027956388034665923,0.0,0.0,0.0,0.0,0.0,0.0,0.0,0.0,0.0,0.0
SL1521,91.45840895764108,6.645631474604194,0.005584564264373273,1.7451763326166476,0.0,0.08097618183341244,0.0,0.0,0.06422248904029264,0.0,0.0,0.0,0.0,0.0,0.0,0.0,0.0,0.0
SL1522,86.78321290632566,4.812152347864654,4.185685509951398,4.218949235858297,0.0,0.0,0.0,0.0,0.0,0.0,0.0,0.0,0.0,0.0,0.0,0.0,0.0,0.0
SL1523,72.22914250533339,12.646936700886274,1.3773749695746174,13.468779977950547,0.2777658462551723,0.0,0.0,0.0,0.0,0.0,0.0,0.0,0.0,0.0,0.0,0.0,0.0,0.0
SL1524,71.36651758422086,18.33714083464719,1.6409794394929051,8.645709321406738,0.0,0.0,0.006435213488207471,0.0,0.0,0.0032176067441037357,0.0,0.0,0.0,0.0,0.0,0.0,0.0,0.0
SL1525,92.80624485265156,5.73101299817381,0.22200737637411824,1.1100368818705912,0.13069789092992445,0.0,0.0,0.0,0.0,0.0,0.0,0.0,0.0,0.0,0.0,0.0,0.0,0.0
SL1526,81.89708017422164,6.2687530246814,11.61155025004033,0.20971124374899178,0.012905307307630263,0.0,0.0,0.0,0.0,0.0,0.0,0.0,0.0,0.0,0.0,0.0,0.0,0.0
SL1527,96.7153214852792,2.647638360147686,0.581562183153827,0.05547797141927955,0.0,0.0,0.0,0.0,0.0,0.0,0.0,0.0,0.0,0.0,0.0,0.0,0.0,0.0
SL1528,47.15862296162082,33.04233239993411,0.72475704167353,10.163070334376544,8.911217262394993,0.0,0.0,0.0,0.0,0.0,0.0,0.0,0.0,0.0,0.0,0.0,0.0,0.0
SL1529,78.71470370500934,11.083301018789438,0.45122854020516795,9.511051574012056,0.0987062431698805,0.05992879049599887,0.0,0.0,0.07755490534776324,0.0,0.0,0.0,0.0,0.0,0.0,0.0,0.0035252229703528746,0.0
SL1530,90.96800715788456,5.844799651778589,0.0,3.1871931903368558,0.0,0.0,0.0,0.0,0.0,0.0,0.0,0.0,0.0,0.0,0.0,0.0,0.0,0.0
SL1531,79.77032119145882,18.95567916741432,0.5777857527364076,0.696213888390454,0.0,0.0,0.0,0.0,0.0,0.0,0.0,0.0,0.0,0.0,0.0,0.0,0.0,0.0
SL1532,72.51302792253247,17.33685929843665,1.5866842964921832,8.563428482538695,0.0,0.0,0.0,0.0,0.0,0.0,0.0,0.0,0.0,0.0,0.0,0.0,0.0,0.0
SL1533,91.74422027489075,5.8804881914725,0.9895161107714603,1.3857754228652945,0.0,0.0,0.0,0.0,0.0,0.0,0.0,0.0,0.0,0.0,0.0,0.0,0.0,0.0
SL1534,81.46702736263249,13.246707171049714,0.0,5.277395893387733,0.004434786465031709,0.0,0.0022173932325158545,0.0022173932325158545,0.0,0.0,0.0,0.0,0.0,0.0,0.0,0.0,0.0,0.0
SL1535,41.687073412181526,7.815349346115771,0.3412702547803887,50.15630698692232,0.0,0.0,0.0,0.0,0.0,0.0,0.0,0.0,0.0,0.0,0.0,0.0,0.0,0.0
SL1536,24.961994527211917,17.330495591365157,7.418668288233506,50.28884159318942,0.0,0.0,0.0,0.0,0.0,0.0,0.0,0.0,0.0,0.0,0.0,0.0,0.0,0.0
SL1537,79.04671657348621,6.691935942386051,0.0,13.709845541552165,0.03411352222116933,0.4264190277646167,0.001895195678953852,0.0,0.08907419691083104,0.0,0.0,0.0,0.0,0.0,0.0,0.0,0.0,0.0
SL1538,83.77808419174305,10.880850028388352,0.0,5.341065779868602,0.0,0.0,0.0,0.0,0.0,0.0,0.0,0.0,0.0,0.0,0.0,0.0,0.0,0.0
SL1539,79.15928083059002,11.949860724233984,0.0,8.817422132185364,0.07343631299063054,0.0,0.0,0.0,0.0,0.0,0.0,0.0,0.0,0.0,0.0,0.0,0.0,0.0
SL1540,8.571428571428571,89.28571428571429,0.0,2.142857142857143,0.0,0.0,0.0,0.0,0.0,0.0,0.0,0.0,0.0,0.0,0.0,0.0,0.0,0.0
SL1541,10.99090804465416,2.9174818736333297,2.044730885794299,84.04496106187901,0.0,0.0,0.0,0.0019181340392066598,0.0,0.0,0.0,0.0,0.0,0.0,0.0,0.0,0.0,0.0
SL1542,86.45335928708295,9.510629885337146,1.6150126220383831,2.420998205541531,0.0,0.0,0.0,0.0,0.0,0.0,0.0,0.0,0.0,0.0,0.0,0.0,0.0,0.0
SL1543,23.335590986472386,2.835490307345915,0.0,73.8289187061817,0.0,0.0,0.0,0.0,0.0,0.0,0.0,0.0,0.0,0.0,0.0,0.0,0.0,0.0
SL1544,93.85210756612942,3.775368851557862,0.5958794168737219,0.800369401262121,0.9762747641768729,0.0,0.0,0.0,0.0,0.0,0.0,0.0,0.0,0.0,0.0,0.0,0.0,0.0
SL1545,82.3633640601599,7.8828021178307,0.0,9.108359524964667,0.4556289155609931,0.12656358765583142,0.0,0.0,0.06117240070031852,0.0,0.0,0.0021093931275971904,0.0,0.0,0.0,0.0,0.0,0.0
SL1546,75.84264692872519,8.227418831647547,0.0,15.782489457698093,0.0,0.14744478192916752,0.0,0.0,0.0,0.0,0.0,0.0,0.0,0.0,0.0,0.0,0.0,0.0
SL1547,59.289988842681815,38.15397099097272,0.00202860330662339,2.5519829597322246,0.0,0.0,0.0,0.0,0.0,0.00202860330662339,0.0,0.0,0.0,0.0,0.0,0.0,0.0,0.0
SL1548,19.555555555555557,78.66666666666667,1.0123456790123457,0.6666666666666666,0.06172839506172839,0.024691358024691357,0.0,0.012345679012345678,0.0,0.0,0.0,0.0,0.0,0.0,0.0,0.0,0.0,0.0
SL1549,75.43966631704758,14.186403883210966,7.627387369807547,0.7683489035783106,1.978193526355587,0.0,0.0,0.0,0.0,0.0,0.0,0.0,0.0,0.0,0.0,0.0,0.0,0.0
SL1550,62.56990449969887,6.704379248042674,0.09463993805385873,11.87731222575927,18.631162350511914,0.0,0.0,0.0,0.0,0.1226017379334079,0.0,0.0,0.0,0.0,0.0,0.0,0.0,0.0
SL1551,88.04590473196038,4.725672064140858,0.006288319446627889,2.4618770633548186,4.643923911334696,0.0,0.11633390976261594,0.0,0.0,0.0,0.0,0.0,0.0,0.0,0.0,0.0,0.0,0.0
SL1552,56.962025316455694,15.189873417721518,0.0,27.848101265822784,0.0,0.0,0.0,0.0,0.0,0.0,0.0,0.0,0.0,0.0,0.0,0.0,0.0,0.0
SL1553,62.114176454520624,11.827369571155423,0.0,26.058453974323957,0.0,0.0,0.0,0.0,0.0,0.0,0.0,0.0,0.0,0.0,0.0,0.0,0.0,0.0
SL1554,79.32053175775481,17.070194592511722,1.3550831674266264,1.6697707276347056,0.37248731616466507,0.0,0.0,0.006422195106287329,0.20551024340119453,0.0,0.0,0.0,0.0,0.0,0.0,0.0,0.0,0.0
SL1555,89.72322715373981,5.994293949822054,0.0,4.247183740698256,0.03235389276155181,0.0,0.0,0.0,0.002941262978322892,0.0,0.0,0.0,0.0,0.0,0.0,0.0,0.0,0.0
SL1556,49.14412648634522,49.9281327583954,0.0,0.9146739840585392,0.0,0.013066771200836273,0.0,0.0,0.0,0.0,0.0,0.0,0.0,0.0,0.0,0.0,0.0,0.0
SL1557,87.09076027646417,9.812659148781375,0.18188432157148055,2.682793743179338,0.1682429974536195,0.06365951255001819,0.0,0.0,0.0,0.0,0.0,0.0,0.0,0.0,0.0,0.0,0.0,0.0
SL1558,92.59978806075591,5.051218650653479,1.9263763435434222,0.04415400918403391,0.3784629358631478,0.0,0.0,0.0,0.0,0.0,0.0,0.0,0.0,0.0,0.0,0.0,0.0,0.0
SL1559,85.6946732564525,6.331685886875343,6.029654036243822,1.8533772652388798,0.09060955518945635,0.0,0.0,0.0,0.0,0.0,0.0,0.0,0.0,0.0,0.0,0.0,0.0,0.0
SL1560,67.00919024531443,28.87329039727911,0.0,4.110282943773066,0.0,0.0,0.007236413633403285,0.0,0.0,0.0,0.0,0.0,0.0,0.0,0.0,0.0,0.0,0.0
SL1561,69.39921579052303,8.789127400810793,0.009968764537781618,14.720542300790855,6.1939256994749785,0.38213597394829535,0.12627101747856714,0.009968764537781618,0.31900046520901176,0.0,0.0,0.0365521366385326,0.01329168605037549,0.0,0.0,0.0,0.0,0.0
SL1562,69.62278585299829,14.788442299770495,6.896957570764433,8.691814276466781,0.0,0.0,0.0,0.0,0.0,0.0,0.0,0.0,0.0,0.0,0.0,0.0,0.0,0.0
SL1563,63.10335036910846,32.230740109786105,2.498580352072686,2.1673291690327465,0.0,0.0,0.0,0.0,0.0,0.0,0.0,0.0,0.0,0.0,0.0,0.0,0.0,0.0
SL1564,57.916091160220994,28.09910220994475,0.05179558011049724,13.924378453038674,0.0,0.0,0.0,0.0,0.0,0.008632596685082873,0.0,0.0,0.0,0.0,0.0,0.0,0.0,0.0
SL1565,86.65373515636088,10.230874769361783,0.0,3.0680796707195914,0.02602072195675829,0.018924161423096938,0.0,0.0,0.0,0.0023655201778871172,0.0,0.0,0.0,0.0,0.0,0.0,0.0,0.0
SL1566,93.21797376500139,4.453127422705988,0.31010636648370393,1.9567711725121717,0.0,0.06202127329674078,0.0,0.0,0.0,0.0,0.0,0.0,0.0,0.0,0.0,0.0,0.0,0.0
SL1567,77.68031189083821,19.909844054580898,1.006335282651072,1.0112085769980508,0.39230019493177387,0.0,0.0,0.0,0.0,0.0,0.0,0.0,0.0,0.0,0.0,0.0,0.0,0.0
SL1568,54.78920741989882,39.45699831365936,4.8465430016863404,0.8296795952782462,0.03372681281618887,0.0,0.04215851602023609,0.0016863406408094434,0.0,0.0,0.0,0.0,0.0,0.0,0.0,0.0,0.0,0.0
SL1569,77.46905784288961,8.62591563526143,0.0,12.277932137745221,0.02525890376357666,0.7598720215542646,0.052622716174118046,0.0,0.7830260166708765,0.0,0.0,0.006314725940894165,0.0,0.0,0.0,0.0,0.0,0.0
SL1570,77.69007062733694,19.127922347698004,0.0,2.8099860256071305,0.33991766438795934,0.0,0.03210333496997394,0.0,0.0,0.0,0.0,0.0,0.0,0.0,0.0,0.0,0.0,0.0
SL1571,86.51645524705047,6.661935598332298,0.9247760134835448,5.892397764570212,0.0,0.004435376563470239,0.0,0.0,0.0,0.0,0.0,0.0,0.0,0.0,0.0,0.0,0.0,0.0
SL1572,71.24577872788673,27.775195959971498,0.006196362735074511,0.9666325866716238,0.0,0.0,0.0,0.0030981813675372556,0.0,0.0,0.0030981813675372556,0.0,0.0,0.0,0.0,0.0,0.0,0.0
SL1573,94.2155035549113,4.880237454269345,0.0,0.3002692068751294,0.6039897839442259,0.0,0.0,0.0,0.0,0.0,0.0,0.0,0.0,0.0,0.0,0.0,0.0,0.0
SL1574,5.601233299075026,93.78211716341212,0.0,0.5652620760534429,0.051387461459403906,0.0,0.0,0.0,0.0,0.0,0.0,0.0,0.0,0.0,0.0,0.0,0.0,0.0
SL1575,73.1066660906381,3.153756426318745,0.0,22.793450555147537,0.9461269278956236,0.0,0.0,0.0,0.0,0.0,0.0,0.0,0.0,0.0,0.0,0.0,0.0,0.0
SL1576,58.08597541248787,8.30839534131349,2.462795211905532,30.297638304755743,0.35991588482691683,0.0,0.4832578453574895,0.0,0.002021999352960207,0.0,0.0,0.0,0.0,0.0,0.0,0.0,0.0,0.0
SL1577,86.17558512188016,5.436049334757697,0.6215402544430416,7.582305525881325,0.0,0.0,0.0,0.0,0.184519763037778,0.0,0.0,0.0,0.0,0.0,0.0,0.0,0.0,0.0
SL1578,82.72897725262673,8.494003608448013,0.39622174266812893,7.139066756288251,0.866735062086532,0.017688470654827183,0.05306541196448155,0.0,0.0,0.3042416952630276,0.0,0.0,0.0,0.0,0.0,0.0,0.0,0.0
SL1579,89.89220394400736,5.93133748850516,0.7228977214672525,3.443343210381118,0.0,0.010217635639113109,0.0,0.0,0.0,0.0,0.0,0.0,0.0,0.0,0.0,0.0,0.0,0.0
SL1580,83.38841051896672,15.010472422620433,0.0023272050267628577,1.5336281126367233,0.0,0.004654410053525715,0.060507330695834305,0.0,0.0,0.0,0.0,0.0,0.0,0.0,0.0,0.0,0.0,0.0
SL1581,92.59314424324957,4.9662744430495565,0.6723833436176777,0.5149264846692342,1.1021980126391047,0.0,0.1489456773836628,0.0,0.0,0.0021277953911951826,0.0,0.0,0.0,0.0,0.0,0.0,0.0,0.0
SL1582,54.84264951349591,28.990758457843096,10.959573342018484,5.027887473028539,0.0,0.004071163945772096,0.0,0.0,0.0,0.0,0.17506004966820013,0.0,0.0,0.0,0.0,0.0,0.0,0.0
SL1583,72.80539397144368,16.424290498854223,3.1376696633174688,7.5929843116516835,0.03966155473294553,0.0,0.0,0.0,0.0,0.0,0.0,0.0,0.0,0.0,0.0,0.0,0.0,0.0
SL1584,67.11027411592383,24.360744925716677,0.3808328102113413,8.131408244402595,0.012554927809165096,0.0,0.0,0.0,0.0,0.0,0.0,0.0,0.0,0.0,0.0,0.004184975936388366,0.0,0.0
SL1585,79.553590229522,6.450480802976065,0.0,13.525654523759387,0.1052853232259423,0.29479890503263845,0.0,0.0,0.07019021548396154,0.0,0.0,0.0,0.0,0.0,0.0,0.0,0.0,0.0
SL1586,72.97994000749907,15.04968128983877,2.573115860517435,9.392575928008998,0.0,0.004686914135733034,0.0,0.0,0.0,0.0,0.0,0.0,0.0,0.0,0.0,0.0,0.0,0.0
SL1587,73.80978640491158,21.528620271313553,0.0,3.8491231940002204,0.8051174589169516,0.0,0.007352670857689056,0.0,0.0,0.0,0.0,0.0,0.0,0.0,0.0,0.0,0.0,0.0
SL1588,10.912571793235482,88.21952776005105,0.012763241863433313,0.6381620931716656,0.012763241863433313,0.03828972559029994,0.15315890236119975,0.0,0.012763241863433313,0.0,0.0,0.0,0.0,0.0,0.0,0.0,0.0,0.0
SL1589,91.37467831792087,5.85956279516982,2.081389100986963,0.6815418116003507,0.0,0.002827974321993156,0.0,0.0,0.0,0.0,0.0,0.0,0.0,0.0,0.0,0.0,0.0,0.0
SL1590,93.0296149808345,4.384872677555604,0.0,0.4663199785151005,0.9594960814473009,0.0,1.1596962816475012,0.0,0.0,0.0,0.0,0.0,0.0,0.0,0.0,0.0,0.0,0.0
SL1591,61.435738261089256,5.301909264806728,32.64878911466416,0.5449886310318692,0.0036091962319991337,0.0,0.06496553217598441,0.0,0.0,0.0,0.0,0.0,0.0,0.0,0.0,0.0,0.0,0.0
SL1592,90.33745972528405,8.831609292860776,0.0,0.7122265558758691,0.11870442597931151,0.0,0.0,0.0,0.0,0.0,0.0,0.0,0.0,0.0,0.0,0.0,0.0,0.0
SL1593,82.28232233968053,9.477440224097109,0.0,6.236035615433354,0.4702037549604829,0.6969686864307867,0.0,0.0,0.837029379397739,0.0,0.0,0.0,0.0,0.0,0.0,0.0,0.0,0.0
SL1594,80.8880676105329,14.853664501752766,0.0,4.239245631674774,0.0027174651485094704,0.0,0.01630479089105682,0.0,0.0,0.0,0.0,0.0,0.0,0.0,0.0,0.0,0.0,0.0
SL1595,89.33617114968258,5.972257898792705,2.133866647095519,2.5577043044291954,0.0,0.0,0.0,0.0,0.0,0.0,0.0,0.0,0.0,0.0,0.0,0.0,0.0,0.0
SL1596,60.13739381114485,32.753703192566014,3.5973870641273344,2.9104180084031035,0.006133652283252062,0.591897445333824,0.0,0.0,0.0,0.003066826141626031,0.0,0.0,0.0,0.0,0.0,0.0,0.0,0.0
SL1597,80.07875926167858,3.6038894384203357,12.543625538903715,3.7737257609973685,0.0,0.0,0.0,0.0,0.0,0.0,0.0,0.0,0.0,0.0,0.0,0.0,0.0,0.0
SL1598,74.05894830151645,4.13777819989236,17.684490454933993,4.045968278089087,0.0,0.0,0.07281476556811346,0.0,0.0,0.0,0.0,0.0,0.0,0.0,0.0,0.0,0.0,0.0
SL1599,77.00234631628344,18.353824495542,1.0811825434068512,3.5607695917409665,0.0018770530267480056,0.0,0.0,0.0,0.0,0.0,0.0,0.0,0.0,0.0,0.0,0.0,0.0,0.0
SL1600,63.99981723476195,5.163117974961162,27.359956136342866,3.4725395229827285,0.0,0.0,0.0,0.0,0.0,0.0,0.004569130951293064,0.0,0.0,0.0,0.0,0.0,0.0,0.0
SL1601,86.3676703645008,8.66877971473851,4.405705229793978,0.5578446909667195,0.0,0.0,0.0,0.0,0.0,0.0,0.0,0.0,0.0,0.0,0.0,0.0,0.0,0.0
SL1602,76.62262766068994,8.047604068365313,3.837684806542938,11.450141553947782,0.002621369403376324,0.03669917164726853,0.002621369403376324,0.0,0.0,0.0,0.0,0.0,0.0,0.0,0.0,0.0,0.0,0.0
SL1603,69.72348349574001,7.706239477577674,21.692770777001172,0.8775062496811388,0.0,0.0,0.0,0.0,0.0,0.0,0.0,0.0,0.0,0.0,0.0,0.0,0.0,0.0
SL1604,30.379746835443036,49.36708860759494,1.2658227848101267,16.455696202531644,0.0,2.5316455696202533,0.0,0.0,0.0,0.0,0.0,0.0,0.0,0.0,0.0,0.0,0.0,0.0
SL1605,45.97774076717688,44.610992148465385,4.792872815713643,4.61839426864409,0.0,0.0,0.0,0.0,0.0,0.0,0.0,0.0,0.0,0.0,0.0,0.0,0.0,0.0
SL1606,72.52494937807347,13.365996528782182,9.833309227654036,4.275744865490309,0.0,0.0,0.0,0.0,0.0,0.0,0.0,0.0,0.0,0.0,0.0,0.0,0.0,0.0
SL1607,60.98052547229372,3.2514205235296973,31.62789568257977,3.0814433490359865,0.21854208149191395,0.0,0.8401728910689136,0.0,0.0,0.0,0.0,0.0,0.0,0.0,0.0,0.0,0.0,0.0
SL1608,94.77061224489796,4.615510204081633,0.5110204081632653,0.10285714285714286,0.0,0.0,0.0,0.0,0.0,0.0,0.0,0.0,0.0,0.0,0.0,0.0,0.0,0.0
SL1609,49.47193161203747,7.18421510399841,37.24062523297135,3.4467334310777566,0.0,2.656494619915012,0.0,0.0,0.0,0.0,0.0,0.0,0.0,0.0,0.0,0.0,0.0,0.0
SL1610,99.20429633581942,0.7794648138911765,0.0,0.01623885028939951,0.0,0.0,0.0,0.0,0.0,0.0,0.0,0.0,0.0,0.0,0.0,0.0,0.0,0.0
SL1611,8.535811161770647,1.9680267790154096,87.79938823801004,1.4370635424482023,0.005771339527904426,0.25393893922779476,0.0,0.0,0.0,0.0,0.0,0.0,0.0,0.0,0.0,0.0,0.0,0.0
SL1612,82.37427864798022,15.694787945406247,0.21800861042410918,1.7129247961894294,0.0,0.0,0.0,0.0,0.0,0.0,0.0,0.0,0.0,0.0,0.0,0.0,0.0,0.0
SL1613,68.7328996720361,24.767616735218976,4.783561941691279,1.715921651053652,0.0,0.0,0.0,0.0,0.0,0.0,0.0,0.0,0.0,0.0,0.0,0.0,0.0,0.0
SL1614,94.36082344555784,2.5365812754182215,0.14674437130518636,2.955850907718754,0.0,0.0,0.0,0.0,0.0,0.0,0.0,0.0,0.0,0.0,0.0,0.0,0.0,0.0
SL1615,70.25865174475852,22.911213045462187,3.493119431302385,3.334614183818055,0.0,0.0,0.0,0.0,0.0,0.0,0.0,0.0024015946588534787,0.0,0.0,0.0,0.0,0.0,0.0
SL1616,51.546291995664966,10.218300046446819,32.706301285028644,5.529106672859576,0.0,0.0,0.0,0.0,0.0,0.0,0.0,0.0,0.0,0.0,0.0,0.0,0.0,0.0
SL1617,90.59444881447354,8.956062478930217,0.0,0.4494887065962468,0.0,0.0,0.0,0.0,0.0,0.0,0.0,0.0,0.0,0.0,0.0,0.0,0.0,0.0
SL1618,65.89777079228743,2.0410422154826997,15.447280455139131,16.61390653709074,0.0,0.0,0.0,0.0,0.0,0.0,0.0,0.0,0.0,0.0,0.0,0.0,0.0,0.0
SL1619,93.18924809298947,2.763219345129988,2.828083649006279,1.219448912874267,0.0,0.0,0.0,0.0,0.0,0.0,0.0,0.0,0.0,0.0,0.0,0.0,0.0,0.0
SL1620,54.944172222668485,36.0109245722548,0.0,9.036870431359949,0.0,0.0,0.0080327737167644,0.0,0.0,0.0,0.0,0.0,0.0,0.0,0.0,0.0,0.0,0.0
SL1621,88.99913415861278,4.904874452998853,0.0,5.267591790887605,0.14508693515550045,0.0,0.0,0.0,0.0,0.0,0.6833126623452601,0.0,0.0,0.0,0.0,0.0,0.0,0.0
SL1622,65.36536536536536,31.14338828624543,2.0735020735020737,1.4157014157014156,0.0,0.0,0.0020428591857163288,0.0,0.0,0.0,0.0,0.0,0.0,0.0,0.0,0.0,0.0,0.0
SL1623,87.9961163209245,10.29174955006157,0.0,1.7121341290139245,0.0,0.0,0.0,0.0,0.0,0.0,0.0,0.0,0.0,0.0,0.0,0.0,0.0,0.0
SL1624,85.6095821343368,5.017339334464694,2.47423694630955,6.89638210482304,0.002459480065914066,0.0,0.0,0.0,0.0,0.0,0.0,0.0,0.0,0.0,0.0,0.0,0.0,0.0
SL1625,33.333333333333336,66.66666666666667,0.0,0.0,0.0,0.0,0.0,0.0,0.0,0.0,0.0,0.0,0.0,0.0,0.0,0.0,0.0,0.0
SL1626,72.55833095893881,10.52331655427866,1.9058473422610567,14.999841707031374,0.01266343749010669,0.0,0.0,0.0,0.0,0.0,0.0,0.0,0.0,0.0,0.0,0.0,0.0,0.0
SL1627,52.33320735421623,9.268357751050443,8.730352815633267,28.44978991129588,0.0,1.218292167804184,0.0,0.0,0.0,0.0,0.0,0.0,0.0,0.0,0.0,0.0,0.0,0.0
SL1628,82.05847016419703,13.456147376852222,0.5206247496996396,3.9647577092511015,0.0,0.0,0.0,0.0,0.0,0.0,0.0,0.0,0.0,0.0,0.0,0.0,0.0,0.0
SL1629,77.84705930773346,13.08391982549286,1.6030785693707041,7.465942297402972,0.0,0.0,0.0,0.0,0.0,0.0,0.0,0.0,0.0,0.0,0.0,0.0,0.0,0.0
SL1630,71.94372147410509,3.2326204217117422,4.409490400211233,20.406623665648222,0.0,0.007544038323714685,0.0,0.0,0.0,0.0,0.0,0.0,0.0,0.0,0.0,0.0,0.0,0.0
SL1631,84.08617299169381,4.009274749787209,5.93760089225441,5.673446626163012,0.0,0.29350474010155264,0.0,0.0,0.0,0.0,0.0,0.0,0.0,0.0,0.0,0.0,0.0,0.0
SL1632,94.35989959209287,4.557577659240665,0.007844367743959836,1.0746783809224976,0.0,0.0,0.0,0.0,0.0,0.0,0.0,0.0,0.0,0.0,0.0,0.0,0.0,0.0
SL1633,79.91512579569566,14.70142467414368,2.3522279478629886,3.031221582297666,0.0,0.0,0.0,0.0,0.0,0.0,0.0,0.0,0.0,0.0,0.0,0.0,0.0,0.0
SL1634,66.78183613030602,15.366897005593945,13.738071734123066,4.113195129976966,0.0,0.0,0.0,0.0,0.0,0.0,0.0,0.0,0.0,0.0,0.0,0.0,0.0,0.0
SL1635,77.77702839414582,7.20981992311324,4.7008835233020845,7.877520739192015,1.2544681999055776,1.1802792203412693,0.0,0.0,0.0,0.0,0.0,0.0,0.0,0.0,0.0,0.0,0.0,0.0
SL1636,73.83339439762848,21.833261166439062,3.360756753155914,0.972587682776538,0.0,0.0,0.0,0.0,0.0,0.0,0.0,0.0,0.0,0.0,0.0,0.0,0.0,0.0
SL1637,88.91351014472681,9.72231839900284,0.4431826050827505,0.6509244512152897,0.2700643999723011,0.0,0.0,0.0,0.0,0.0,0.0,0.0,0.0,0.0,0.0,0.0,0.0,0.0
SL1638,61.618769219088115,18.245320982498765,0.3644508560798755,16.666033939485974,0.0,2.0879996962909533,0.0,0.0,0.728901712159751,0.0,0.22778178504992216,0.0,0.0,0.0,0.0,0.0493527200941498,0.0,0.011389089252496109
SL1639,74.49711347645679,3.163900414937759,13.365957062962295,8.970773949125023,0.0,0.0,0.0,0.0,0.0,0.0,0.0,0.0,0.0,0.0,0.0,0.0,0.002255096518130976,0.0
SL1640,90.60577280422844,9.105174051286287,0.0,0.2890531444852789,0.0,0.0,0.0,0.0,0.0,0.0,0.0,0.0,0.0,0.0,0.0,0.0,0.0,0.0
SL1641,75.85533869115959,12.043628013777267,0.0,12.101033295063147,0.0,0.0,0.0,0.0,0.0,0.0,0.0,0.0,0.0,0.0,0.0,0.0,0.0,0.0
SL1642,90.12058954890576,6.8423403305046895,1.1255024564537741,1.9115676641357748,0.0,0.0,0.0,0.0,0.0,0.0,0.0,0.0,0.0,0.0,0.0,0.0,0.0,0.0
SL1643,75.55385465833227,7.790109282646596,3.5378662244333885,13.113917591529532,0.0,0.0,0.0,0.0,0.0,0.0,0.004252243058213208,0.0,0.0,0.0,0.0,0.0,0.0,0.0
SL1644,0.0,100.0,0.0,0.0,0.0,0.0,0.0,0.0,0.0,0.0,0.0,0.0,0.0,0.0,0.0,0.0,0.0,0.0
SL1645,79.29209783631232,12.878645343367827,2.7187206020696144,5.110536218250235,0.0,0.0,0.0,0.0,0.0,0.0,0.0,0.0,0.0,0.0,0.0,0.0,0.0,0.0
SL1646,92.60591990713871,5.258270458502611,0.9092667827432772,1.1646353259818147,0.0,0.050299864577287676,0.003869220352099052,0.0,0.007738440704198104,0.0,0.0,0.0,0.0,0.0,0.0,0.0,0.0,0.0
SL1647,50.0,50.0,0.0,0.0,0.0,0.0,0.0,0.0,0.0,0.0,0.0,0.0,0.0,0.0,0.0,0.0,0.0,0.0
SL1648,94.55679645839622,4.577925344602073,0.442700472884596,0.4225777241171144,0.0,0.0,0.0,0.0,0.0,0.0,0.0,0.0,0.0,0.0,0.0,0.0,0.0,0.0
SL1649,72.18041745050614,11.802382871987817,2.302248499507301,13.473080713069963,0.24187046492878259,0.0,0.0,0.0,0.0,0.0,0.0,0.0,0.0,0.0,0.0,0.0,0.0,0.0
SL1650,63.68783249548538,23.446727512323687,6.940309434330617,5.910488554834301,0.009761335350675972,0.004880667675337986,0.0,0.0,0.0,0.0,0.0,0.0,0.0,0.0,0.0,0.0,0.0,0.0
SL1651,89.34664442172111,5.543296916204725,0.0,3.654270491362144,0.0,1.4557881707120177,0.0,0.0,0.0,0.0,0.0,0.0,0.0,0.0,0.0,0.0,0.0,0.0
SL1652,57.10395365533632,34.372292228851535,0.03465947070036888,8.489094645111777,0.0,0.0,0.0,0.0,0.0,0.0,0.0,0.0,0.0,0.0,0.0,0.0,0.0,0.0
SL1653,59.987761502275596,35.32591374408791,1.188154154077587,3.4981705995589043,0.0,0.0,0.0,0.0,0.0,0.0,0.0,0.0,0.0,0.0,0.0,0.0,0.0,0.0
SL1654,78.85980309852705,6.983133633519041,1.4983845938589127,12.64850288737948,0.0,0.0,0.0,0.0,0.0,0.0,0.0,0.0,0.0,0.010175786715510443,0.0,0.0,0.0,0.0
SL1655,100.0,0.0,0.0,0.0,0.0,0.0,0.0,0.0,0.0,0.0,0.0,0.0,0.0,0.0,0.0,0.0,0.0,0.0
SL1656,97.15958244420094,2.4626564392410173,0.12399792375569525,0.2537631928023531,0.0,0.0,0.0,0.0,0.0,0.0,0.0,0.0,0.0,0.0,0.0,0.0,0.0,0.0
SL1657,80.7579533792699,16.859697991496848,1.3316717978790988,1.0506768313541515,0.0,0.0,0.0,0.0,0.0,0.0,0.0,0.0,0.0,0.0,0.0,0.0,0.0,0.0
SL1658,67.8032661271012,22.08227575307696,0.0,10.114458119821848,0.0,0.0,0.0,0.0,0.0,0.0,0.0,0.0,0.0,0.0,0.0,0.0,0.0,0.0
SL1659,38.25165407810762,13.762515369752327,42.157034955208154,4.850986591720827,0.0,0.9778090052110779,0.0,0.0,0.0,0.0,0.0,0.0,0.0,0.0,0.0,0.0,0.0,0.0
SL1660,82.22485079843003,15.54922307650949,0.0,2.0162374321200063,0.0,0.20431205978816067,0.0,0.0,0.005376633152320017,0.0,0.0,0.0,0.0,0.0,0.0,0.0,0.0,0.0
SL1661,87.07158245201724,3.4518213866039953,0.4308656482569526,9.045730513121818,0.0,0.0,0.0,0.0,0.0,0.0,0.0,0.0,0.0,0.0,0.0,0.0,0.0,0.0
SL1662,75.53848426650909,4.352193824789482,4.981533461368001,14.98005613827744,0.14773230905599055,0.0,0.0,0.0,0.0,0.0,0.0,0.0,0.0,0.0,0.0,0.0,0.0,0.0
SL1663,95.19834710743801,2.8264462809917354,0.32231404958677684,1.6528925619834711,0.0,0.0,0.0,0.0,0.0,0.0,0.0,0.0,0.0,0.0,0.0,0.0,0.0,0.0
SL1664,33.302689037002985,40.81820271202022,4.619627671799586,19.524247299471387,1.7237416685819351,0.0,0.0,0.0,0.0,0.0,0.011491611123879569,0.0,0.0,0.0,0.0,0.0,0.0,0.0
SL1665,81.10946117946543,4.168434450572762,1.7501060670343658,12.961391599490879,0.010606703436571913,0.0,0.0,0.0,0.0,0.0,0.0,0.0,0.0,0.0,0.0,0.0,0.0,0.0
SL1666,73.24679145368293,17.103666384731365,0.2537417717795021,9.3958003898062,0.0,0.0,0.0,0.0,0.0,0.0,0.0,0.0,0.0,0.0,0.0,0.0,0.0,0.0
SL1667,58.63791577083597,10.003794106487922,0.3161755406601745,31.023144049576324,0.01897053243961047,0.0,0.0,0.0,0.0,0.0,0.0,0.0,0.0,0.0,0.0,0.0,0.0,0.0
SL1668,80.52920249036465,5.677438482063445,5.662614882893567,8.130744144678328,0.0,0.0,0.0,0.0,0.0,0.0,0.0,0.0,0.0,0.0,0.0,0.0,0.0,0.0
SL1669,62.99276744555714,13.531235097758703,2.080352885073915,21.393657606103957,0.001986965506278811,0.0,0.0,0.0,0.0,0.0,0.0,0.0,0.0,0.0,0.0,0.0,0.0,0.0
SL1670,81.48906281356612,4.1420830824804336,10.596026490066226,3.7728276138872165,0.0,0.0,0.0,0.0,0.0,0.0,0.0,0.0,0.0,0.0,0.0,0.0,0.0,0.0
SL1671,81.7699281318991,8.34703367936493,1.996336136032693,7.858518483723989,0.0,0.0,0.0,0.0,0.0,0.0,0.0,0.0,0.0,0.0,0.028183568979285076,0.0,0.0,0.0
SL1672,65.86052836052836,8.969502719502719,9.780497280497281,15.365190365190365,0.0,0.0,0.02428127428127428,0.0,0.0,0.0,0.0,0.0,0.0,0.0,0.0,0.0,0.0,0.0
SL1673,75.31324234943406,3.735618799198845,6.646793050444828,14.30434580092226,0.0,0.0,0.0,0.0,0.0,0.0,0.0,0.0,0.0,0.0,0.0,0.0,0.0,0.0
SL1674,64.70262654724766,33.51112005635504,0.02012679883264567,1.7661265975646574,0.0,0.0,0.0,0.0,0.0,0.0,0.0,0.0,0.0,0.0,0.0,0.0,0.0,0.0
SL1675,73.01445476927964,10.43404018743547,0.43880549598919866,16.112699547295687,0.0,0.0,0.0,0.0,0.0,0.0,0.0,0.0,0.0,0.0,0.0,0.0,0.0,0.0
SL1676,74.83718517664688,2.766411157858337,22.29842660365397,0.09797706184081609,0.0,0.0,0.0,0.0,0.0,0.0,0.0,0.0,0.0,0.0,0.0,0.0,0.0,0.0
SL1677,61.793020457280385,34.94451129830191,0.0,3.2557828586709454,0.0,0.0,0.0,0.0,0.0,0.0,0.006685385746757588,0.0,0.0,0.0,0.0,0.0,0.0,0.0
SL1678,74.54784479324357,4.242689825511912,3.605290415106366,17.544418771412637,0.05975619472551988,0.0,0.0,0.0,0.0,0.0,0.0,0.0,0.0,0.0,0.0,0.0,0.0,0.0
SL1679,88.90467633415521,5.959296251410422,4.897822725563124,0.2382046888712441,0.0,0.0,0.0,0.0,0.0,0.0,0.0,0.0,0.0,0.0,0.0,0.0,0.0,0.0
SL1680,54.28829976204042,44.971009149713446,0.392130576130308,0.34856051211582934,0.0,0.0,0.0,0.0,0.0,0.0,0.0,0.0,0.0,0.0,0.0,0.0,0.0,0.0
SL1681,91.68533731640528,4.4228694714131604,0.8215085884988798,3.070284623682682,0.0,0.0,0.0,0.0,0.0,0.0,0.0,0.0,0.0,0.0,0.0,0.0,0.0,0.0
SL1682,29.553731726083612,1.2772505770710438,0.0,69.16901769684534,0.0,0.0,0.0,0.0,0.0,0.0,0.0,0.0,0.0,0.0,0.0,0.0,0.0,0.0
SL1683,12.975391498881432,85.4586129753915,0.44742729306487694,1.1185682326621924,0.0,0.0,0.0,0.0,0.0,0.0,0.0,0.0,0.0,0.0,0.0,0.0,0.0,0.0
SL1684,85.70664765638924,3.011940830511495,3.5347234598704924,7.746688053228777,0.0,0.0,0.0,0.0,0.0,0.0,0.0,0.0,0.0,0.0,0.0,0.0,0.0,0.0
SL1685,51.6382887394477,6.634234749844994,6.972862116659512,34.72599799685219,0.014308198597796537,0.009538799065197692,0.004769399532598846,0.0,0.0,0.0,0.0,0.0,0.0,0.0,0.0,0.0,0.0,0.0
SL1686,97.89281734373417,2.0983183061493262,0.0,0.008864350116502887,0.0,0.0,0.0,0.0,0.0,0.0,0.0,0.0,0.0,0.0,0.0,0.0,0.0,0.0
SL1687,76.79470521357804,20.702046451193763,0.8750203020951762,1.049618320610687,0.0,0.0,0.5786097125223323,0.0,0.0,0.0,0.0,0.0,0.0,0.0,0.0,0.0,0.0,0.0
SL1688,50.75,11.8,6.191666666666666,31.091666666666665,0.0,0.0,0.0,0.0,0.0,0.0,0.0,0.0,0.0,0.0,0.0,0.0,0.16666666666666666,0.0
SL1689,84.23831894825013,9.570632579482137,0.968716996248953,5.207764303142867,0.0036417932189810264,0.0,0.0,0.0,0.0,0.0,0.0,0.0,0.0,0.0,0.0,0.0,0.010925379656943079,0.0
SL1690,96.80410155650385,2.9932766401620974,0.07675068308107942,0.12587112025297026,0.0,0.0,0.0,0.0,0.0,0.0,0.0,0.0,0.0,0.0,0.0,0.0,0.0,0.0
SL1691,76.52628659720297,13.608811061368408,4.983954676914544,4.880947664514085,0.0,0.0,0.0,0.0,0.0,0.0,0.0,0.0,0.0,0.0,0.0,0.0,0.0,0.0
SL1692,80.40499282884367,18.65210661592423,0.6759347353772313,0.26696581985487283,0.0,0.0,0.0,0.0,0.0,0.0,0.0,0.0,0.0,0.0,0.0,0.0,0.0,0.0
SL1693,73.47545682551058,7.310999641705482,2.280544607667503,13.086707273378718,3.8462916517377286,0.0,0.0,0.0,0.0,0.0,0.0,0.0,0.0,0.0,0.0,0.0,0.0,0.0
SL1694,45.72632583286953,19.221594974954282,15.130794307068458,18.25554583764014,1.029657310964459,0.0,0.0,0.0,0.6360817365031407,0.0,0.0,0.0,0.0,0.0,0.0,0.0,0.0,0.0
SL1695,89.09995283221132,7.9670683075339825,2.778611551820248,0.15007932764461215,0.004287980789846061,0.0,0.0,0.0,0.0,0.0,0.0,0.0,0.0,0.0,0.0,0.0,0.0,0.0
SL1696,35.47666122238459,29.648413994670335,6.5073497807960115,28.358978767299924,0.0,0.0,0.0,0.0,0.008596234849136079,0.0,0.0,0.0,0.0,0.0,0.0,0.0,0.0,0.0
SL1697,72.18176301016538,23.084509179183737,0.0,4.0686795124664945,0.0,0.0,0.0,0.0025287007535528244,0.0,0.0,0.0,0.66251959743084,0.0,0.0,0.0,0.0,0.0,0.0
SL1698,58.35661671323343,31.369062738125475,0.7810515621031242,9.385318770637541,0.1079502159004318,0.0,0.0,0.0,0.0,0.0,0.0,0.0,0.0,0.0,0.0,0.0,0.0,0.0
SL1699,48.13317540426409,9.511793181584098,1.4960346070656092,40.851272015655574,0.0,0.002574930476877124,0.0,0.0,0.0,0.0,0.0,0.005149860953754248,0.0,0.0,0.0,0.0,0.0,0.0
SL1700,61.197123793483186,16.836172831508712,1.3020664636911317,20.63224719828982,0.0,0.0,0.0,0.0,0.0,0.0,0.0,0.03238971302714258,0.0,0.0,0.0,0.0,0.0,0.0
SL1701,60.933854051531455,25.45624247783263,0.22105961240881292,12.718296367253703,0.0,0.5845798639255275,0.0,0.0,0.0,0.0,0.08596762704787168,0.0,0.0,0.0,0.0,0.0,0.0,0.0
SL1702,64.2826952203163,15.205522876968054,13.694480645274911,6.260786869078229,0.0,0.02641682223239759,0.0,0.0,0.0,0.0,0.0,0.5300975661301116,0.0,0.0,0.0,0.0,0.0,0.0
SL1703,75.29088503680586,16.940873163947217,1.482411207978561,6.282438345941179,0.0,0.0033922453271820617,0.0,0.0,0.0,0.0,0.0,0.0,0.0,0.0,0.0,0.0,0.0,0.0
SL1704,78.1975969829097,8.369902000644917,0.7150167538239376,12.717484262621447,0.0,0.0,0.0,0.0,0.0,0.0,0.0,0.0,0.0,0.0,0.0,0.0,0.0,0.0
SL1705,87.3930898199895,10.494951678142465,1.488251458918702,0.494025380553926,0.0,0.0061753172569240745,0.0030876586284620373,0.0,0.0,0.0,0.12041868651001945,0.0,0.0,0.0,0.0,0.0,0.0,0.0
SL1706,90.32909850812366,8.538846909684741,0.6366077112568851,0.4926790113205458,0.0,0.0,0.0,0.0,0.00276785961416037,0.0,0.0,0.0,0.0,0.0,0.0,0.0,0.0,0.0
SL1707,53.6516412753259,17.758232553269462,9.936652531281085,18.62729700015706,0.020941311973195122,0.005235327993298781,0.0,0.0,0.0,0.0,0.0,0.0,0.0,0.0,0.0,0.0,0.0,0.0
SL1708,87.91652254121988,10.10607632883662,0.08455359544947923,1.5046696644759598,0.0,0.0019216726238518007,0.0,0.0,0.0,0.0,0.0,0.0,0.0,0.0,0.3862561973942119,0.0,0.0,0.0
SL1709,91.85033654480665,7.6646429985482385,0.10228322555100963,0.38273723109410057,0.0,0.0,0.0,0.0,0.0,0.0,0.0,0.0,0.0,0.0,0.0,0.0,0.0,0.0
SL1710,78.62687219853504,5.7833169345140485,14.737072264130315,0.7816770525855472,0.0,0.0,0.04373018476003061,0.0,0.0,0.0,0.0,0.0,0.0,0.0,0.0,0.02733136547501913,0.0,0.0
SL1711,55.33301649806504,29.445311969583813,0.6314074275239324,14.583474777649535,0.0,0.0,0.0,0.0,0.0,0.006789327177676692,0.0,0.0,0.0,0.0,0.0,0.0,0.0,0.0
SL1712,75.31015531338821,12.707948866468204,11.305683149911768,0.6735185958484313,0.0,0.0,0.0,0.0,0.0,0.0,0.0,0.0026940743833937255,0.0,0.0,0.0,0.0,0.0,0.0
SL1713,89.13222355845306,10.40783171930713,0.0,0.45783488406439227,0.0,0.0,0.0,0.002109838175411946,0.0,0.0,0.0,0.0,0.0,0.0,0.0,0.0,0.0,0.0
SL1714,93.2875228488254,5.145216979216031,0.48405659738677137,0.38927628461173924,0.0,0.6939272899600568,0.0,0.0,0.0,0.0,0.0,0.0,0.0,0.0,0.0,0.0,0.0,0.0
SL1715,33.03528940316077,7.849325018158138,2.0838029403661684,53.72304455631527,0.0,0.0075137125253587796,3.2935106569489316,0.0,0.0,0.0,0.0,0.0,0.0,0.0,0.0,0.0,0.0075137125253587796,0.0
SL1716,47.40975475337559,31.56172499311105,18.303940479470928,2.7211352989804354,0.0,0.0,0.0,0.0,0.003444475062000551,0.0,0.0,0.0,0.0,0.0,0.0,0.0,0.0,0.0
SL1717,77.04689031128162,7.881074995308884,1.0299605946250234,14.04207409878448,0.0,0.0,0.0,0.0,0.0,0.0,0.0,0.0,0.0,0.0,0.0,0.0,0.0,0.0
SL1718,89.75216007276035,10.072760345611641,0.0,0.10914051841746249,0.022737608003638016,0.0,0.0,0.0,0.013642564802182811,0.0,0.0,0.02955889040472942,0.0,0.0,0.0,0.0,0.0,0.0
SL1719,37.36691544963758,10.523089497343687,18.786699072978728,32.971630137870214,0.0,0.0,0.351665842169789,0.0,0.0,0.0,0.0,0.0,0.0,0.0,0.0,0.0,0.0,0.0
SL1720,73.15026553020996,24.98629826318674,0.0,1.8634362066032921,0.0,0.0,0.0,0.0,0.0,0.0,0.0,0.0,0.0,0.0,0.0,0.0,0.0,0.0
SL1721,13.793103448275861,83.9080459770115,2.2988505747126435,0.0,0.0,0.0,0.0,0.0,0.0,0.0,0.0,0.0,0.0,0.0,0.0,0.0,0.0,0.0
SL1722,88.80280541510358,10.453025607568097,0.008155276463872126,0.7217419670526831,0.0,0.01427173381177622,0.0,0.0,0.0,0.0,0.0,0.0,0.0,0.0,0.0,0.0,0.0,0.0
SL1723,72.53462640983739,26.49824523803145,0.5224100517051999,0.38310070458381335,0.0,0.0616175958421518,0.0,0.0,0.0,0.0,0.0,0.0,0.0,0.0,0.0,0.0,0.0,0.0
SL1724,44.81565028002489,21.488021157436215,0.8595208462974486,32.81736154324829,0.0,0.0,0.0,0.0,0.01944617299315495,0.0,0.0,0.0,0.0,0.0,0.0,0.0,0.0,0.0
SL1725,92.69724130917966,7.302758690820344,0.0,0.0,0.0,0.0,0.0,0.0,0.0,0.0,0.0,0.0,0.0,0.0,0.0,0.0,0.0,0.0
SL1726,19.85208252238225,9.848189957181782,0.3503308680420397,69.94939665239393,0.0,0.0,0.0,0.0,0.0,0.0,0.0,0.0,0.0,0.0,0.0,0.0,0.0,0.0
SL1727,65.71947217761642,11.338406758360678,3.0545276827480277,19.84570271591147,0.010472666340850381,0.0,0.0,0.0,0.0,0.0,0.0,0.031417999022551144,0.0,0.0,0.0,0.0,0.0,0.0
SL1728,83.89692229786755,12.85095369380521,0.24194002138074608,2.9820514263208238,0.0,0.016879536375400888,0.0,0.0,0.0,0.0,0.011253024250267259,0.0,0.0,0.0,0.0,0.0,0.0,0.0
SL1729,88.26878494477022,8.833356061639165,0.8489022228283104,2.0421382790126823,0.0,0.0,0.0,0.0,0.0,0.0,0.006818491749624983,0.0,0.0,0.0,0.0,0.0,0.0,0.0
SL1730,71.69436636930222,24.03763900769889,0.0,4.197726994989613,0.0,0.051936942441647316,0.01833068556764023,0.0,0.0,0.0,0.0,0.0,0.0,0.0,0.0,0.0,0.0,0.0
SL1731,77.10646202839577,8.562961652439293,11.097350612587908,2.810827546552258,0.4223981600247689,0.0,0.0,0.0,0.0,0.0,0.0,0.0,0.0,0.0,0.0,0.0,0.0,0.0
SL1732,84.07705749477901,11.614030601372374,0.6222563184588501,3.6866555853897625,0.0,0.0,0.0,0.0,0.0,0.0,0.0,0.0,0.0,0.0,0.0,0.0,0.0,0.0
SL1733,74.86111111111111,13.086917562724015,0.0,12.047491039426523,0.004480286738351254,0.0,0.0,0.0,0.0,0.0,0.0,0.0,0.0,0.0,0.0,0.0,0.0,0.0
SL1734,46.652408406174445,28.83578203459178,0.0,21.50362655755998,0.004649432769202157,2.1061930444485775,0.0,0.0,0.5811790961502696,0.0,0.2417705039985122,0.0,0.0,0.0,0.0,0.07439092430723451,0.0,0.0
SL1735,72.02357734148138,13.318597494907468,1.8723182941099987,12.785506869501148,0.0,0.0,0.0,0.0,0.0,0.0,0.0,0.0,0.0,0.0,0.0,0.0,0.0,0.0
SL1736,83.17214129857875,15.857757858111695,0.0,0.9701008433095477,0.0,0.0,0.0,0.0,0.0,0.0,0.0,0.0,0.0,0.0,0.0,0.0,0.0,0.0
SL1737,61.92597885710683,20.86126815325445,0.9877892436056409,15.098463672474306,0.0,1.1265000735587734,0.0,0.0,0.0,0.0,0.0,0.0,0.0,0.0,0.0,0.0,0.0,0.0
SL1738,90.11944181646169,7.181291390728477,0.7686849574266793,1.9305818353831599,0.0,0.0,0.0,0.0,0.0,0.0,0.0,0.0,0.0,0.0,0.0,0.0,0.0,0.0
SL1739,83.29646286617236,14.423240549410478,0.6733924881487784,1.6069040962683845,0.0,0.0,0.0,0.0,0.0,0.0,0.0,0.0,0.0,0.0,0.0,0.0,0.0,0.0
SL1740,76.52286759211924,19.717645208226827,0.6685280585158677,3.043768925242833,0.0,0.00786503598253962,0.0,0.0,0.0393251799126981,0.0,0.0,0.0,0.0,0.0,0.0,0.0,0.0,0.0
SL1741,76.17094875442854,18.523167908053672,0.4323932267693252,4.873490110748459,0.0,0.0,0.0,0.0,0.0,0.0,0.0,0.0,0.0,0.0,0.0,0.0,0.0,0.0
SL1742,70.49523505721919,13.84624586307269,2.482156385820806,12.606164520116431,0.32297938514294827,0.0,0.24721878862793573,0.0,0.0,0.0,0.0,0.0,0.0,0.0,0.0,0.0,0.0,0.0
SL1743,10.112359550561798,87.64044943820225,1.1235955056179776,1.1235955056179776,0.0,0.0,0.0,0.0,0.0,0.0,0.0,0.0,0.0,0.0,0.0,0.0,0.0,0.0
SL1744,78.9666713429665,17.722508367236507,2.132392729021785,1.1764234322704772,0.0,0.0020041285047197226,0.0,0.0,0.0,0.0,0.0,0.0,0.0,0.0,0.0,0.0,0.0,0.0
SL1745,90.23006421846749,9.663944136168091,0.003117401334247771,0.10287424403017645,0.0,0.0,0.0,0.0,0.0,0.0,0.0,0.0,0.0,0.0,0.0,0.0,0.0,0.0
SL1746,63.271666600071924,4.599033044312143,0.6153354377272545,31.51396491788868,0.0,0.0,0.0,0.0,0.0,0.0,0.0,0.0,0.0,0.0,0.0,0.0,0.0,0.0
SL1747,60.535677459269955,27.956795215508354,10.850175293875026,0.6496184780367086,0.0,0.0,0.0,0.0,0.0,0.0,0.007733553309960816,0.0,0.0,0.0,0.0,0.0,0.0,0.0
SL1748,79.30076344115028,9.110038037173918,0.11599989209312364,11.47319862958267,0.0,0.0,0.0,0.0,0.0,0.0,0.0,0.0,0.0,0.0,0.0,0.0,0.0,0.0
SL1749,75.6669881067181,21.82083426056425,0.004945231560467819,2.507232401157184,0.0,0.0,0.0,0.0,0.0,0.0,0.0,0.0,0.0,0.0,0.0,0.0,0.0,0.0
SL1750,92.37435008665511,6.081613360642823,0.0,1.5440365527020639,0.0,0.0,0.0,0.0,0.0,0.0,0.0,0.0,0.0,0.0,0.0,0.0,0.0,0.0
SL1751,19.565217391304348,73.91304347826087,4.3478260869565215,2.1739130434782608,0.0,0.0,0.0,0.0,0.0,0.0,0.0,0.0,0.0,0.0,0.0,0.0,0.0,0.0
SL1752,64.83883118979713,28.020233546790077,5.912662110531131,1.228273152881666,0.0,0.0,0.0,0.0,0.0,0.0,0.0,0.0,0.0,0.0,0.0,0.0,0.0,0.0
SL1753,77.64124624656601,7.711310347764976,1.6972975275251827,12.950145878143834,0.0,0.0,0.0,0.0,0.0,0.0,0.0,0.0,0.0,0.0,0.0,0.0,0.0,0.0
SL1754,82.2722820763957,14.964131614474416,0.4976573047092146,2.2659290044206792,0.0,0.0,0.0,0.0,0.0,0.0,0.0,0.0,0.0,0.0,0.0,0.0,0.0,0.0
SL1755,87.06779598870678,8.873244600887324,1.4849851501484985,2.522641440252264,0.0,0.04399956000439995,0.0,0.0,0.007333260000733326,0.0,0.0,0.0,0.0,0.0,0.0,0.0,0.0,0.0
SL1756,83.9288732632433,14.482269024035698,0.10141644974814915,1.3048916534261856,0.07437206314864271,0.10817754639802576,0.0,0.0,0.0,0.0,0.0,0.0,0.0,0.0,0.0,0.0,0.0,0.0
SL1757,84.63432323078098,5.676005801969616,0.4523246049316742,9.052217726544011,0.011451255821055042,0.0,0.0,0.0,0.0,0.0,0.0,0.0,0.0,0.17367737995266813,0.0,0.0,0.0,0.0
SL1758,79.13680564806181,14.615692020780605,1.9528440122552284,4.294658318902358,0.0,0.0,0.0,0.0,0.0,0.0,0.0,0.0,0.0,0.0,0.0,0.0,0.0,0.0
SL1759,15.10761154855643,81.51706036745406,0.4461942257217848,2.9028871391076114,0.0,0.015748031496062992,0.005249343832020997,0.0,0.0,0.0,0.0,0.005249343832020997,0.0,0.0,0.0,0.0,0.0,0.0
SL1760,71.80951737190753,19.389617412464514,0.0,8.800865215627958,0.0,0.0,0.0,0.0,0.0,0.0,0.0,0.0,0.0,0.0,0.0,0.0,0.0,0.0
SL1761,77.02869866402771,17.175903018307768,3.9646214745175654,1.4967837704106879,0.0,0.33399307273626916,0.0,0.0,0.0,0.0,0.0,0.0,0.0,0.0,0.0,0.0,0.0,0.0
SL1762,59.01629880501087,25.123636153712933,5.72093828775954,10.10448938749591,0.0,0.03463736602074394,0.0,0.0,0.0,0.0,0.0,0.0,0.0,0.0,0.0,0.0,0.0,0.0
SL1763,71.85264540208038,15.644330787573004,8.788056813076684,3.652762898710993,0.05874831530566403,0.0,0.0,0.0,0.0,0.0,0.0,0.0,0.0,0.0,0.0,0.0,0.0034557832532743546,0.0
SL1764,64.80589828468251,34.22359313873007,0.586819139331929,0.38368943725549204,0.0,0.0,0.0,0.0,0.0,0.0,0.0,0.0,0.0,0.0,0.0,0.0,0.0,0.0
SL1765,66.92965154503617,30.963480963480965,1.3866475404936944,0.6484968023429561,0.0029884645269260654,0.011953858107704262,0.05379236148466918,0.0,0.0,0.0,0.0,0.0,0.0,0.0029884645269260654,0.0,0.0,0.0,0.0
SL1766,55.702506596306065,35.656332453825854,1.1477572559366755,7.480211081794195,0.0,0.013192612137203167,0.0,0.0,0.0,0.0,0.0,0.0,0.0,0.0,0.0,0.0,0.0,0.0
SL1767,89.34001827425439,8.513928261837265,0.2741138158048872,1.8719396481034605,0.0,0.0,0.0,0.0,0.0,0.0,0.0,0.0,0.0,0.0,0.0,0.0,0.0,0.0
SL1768,83.71315709510787,9.687577691224,4.508162757934864,2.0883401011021796,0.002762354631087539,0.0,0.0,0.0,0.0,0.0,0.0,0.0,0.0,0.0,0.0,0.0,0.0,0.0
SL1769,65.71937432244076,13.912549687677457,3.9517835940323165,13.373083475298126,0.0,1.5512880078467812,0.0,0.0,1.4893397346548964,0.0,0.0025811780496618657,0.0,0.0,0.0,0.0,0.0,0.0,0.0
SL1770,71.13645300825796,10.302791977978766,16.95151093499501,1.6092440787682627,0.0,0.0,0.0,0.0,0.0,0.0,0.0,0.0,0.0,0.0,0.0,0.0,0.0,0.0
SL1771,39.78722187267631,11.576960475890866,11.222330263684722,37.4134873877481,0.0,0.0,0.0,0.0,0.0,0.0,0.0,0.0,0.0,0.0,0.0,0.0,0.0,0.0
SL1772,71.1270183430268,14.82490747142799,3.0178549640053687,11.026152031561395,0.0,0.004067189978443893,0.0,0.0,0.0,0.0,0.0,0.0,0.0,0.0,0.0,0.0,0.0,0.0
SL1773,14.920968726680686,79.10928702259005,0.003391900142459806,5.956176650159419,0.003391900142459806,0.0,0.0,0.0,0.003391900142459806,0.0,0.0,0.003391900142459806,0.0,0.0,0.0,0.0,0.0,0.0
SL1774,59.84859916503194,24.64413258890398,0.0,11.334942910316382,3.141190080981842,1.0311352547658568,0.0,0.0,0.0,0.0,0.0,0.0,0.0,0.0,0.0,0.0,0.0,0.0
SL1775,62.84044902465955,6.583548030916452,29.816893632683108,0.5796834744203165,0.0,0.0,0.17942583732057416,0.0,0.0,0.0,0.0,0.0,0.0,0.0,0.0,0.0,0.0,0.0
SL1776,9.471540115423787,8.820866810003395,0.0,81.70759307457281,0.0,0.0,0.0,0.0,0.0,0.0,0.0,0.0,0.0,0.0,0.0,0.0,0.0,0.0
SL1777,92.91861026218433,5.621682483512949,0.00804246421103426,1.4516647900916841,0.0,0.0,0.0,0.0,0.0,0.0,0.0,0.0,0.0,0.0,0.0,0.0,0.0,0.0
SL1778,81.37607505863956,13.351949067351725,1.9881603931643024,3.234669943035854,0.0,0.04691164972634871,0.0022338880822070813,0.0,0.0,0.0,0.0,0.0,0.0,0.0,0.0,0.0,0.0,0.0
SL1779,40.06933115823817,16.260195758564436,0.06525285481239804,42.31647634584013,0.0,0.2814029363784666,0.0,0.004078303425774877,0.6769983686786297,0.0,0.3262642740619902,0.0,0.0,0.0,0.0,0.0,0.0,0.0
SL1780,79.79993275050437,18.252633938578793,1.7064559515803632,0.24097735933647163,0.0,0.0,0.0,0.0,0.0,0.0,0.0,0.0,0.0,0.0,0.0,0.0,0.0,0.0
SL1781,77.01281732205076,10.409407665505226,0.2893230462916874,12.282229965156795,0.0,0.0,0.0,0.0,0.0,0.0,0.0062220009955201595,0.0,0.0,0.0,0.0,0.0,0.0,0.0
SL1782,80.1214278237203,10.870930597717994,5.08217313932796,3.9254684392337484,0.0,0.0,0.0,0.0,0.0,0.0,0.0,0.0,0.0,0.0,0.0,0.0,0.0,0.0
SL1783,76.4897808421571,8.969465648854962,2.1638758926372814,11.878231962570796,0.17544939670032011,0.0,0.3231962570795371,0.0,0.0,0.0,0.0,0.0,0.0,0.0,0.0,0.0,0.0,0.0
SL1784,19.23701298701299,2.69986161379604,0.0,78.06312539919097,0.0,0.0,0.0,0.0,0.0,0.0,0.0,0.0,0.0,0.0,0.0,0.0,0.0,0.0
SL1785,82.15770439720147,11.309020853753337,3.5420961908946498,2.9911785581505392,0.0,0.0,0.0,0.0,0.0,0.0,0.0,0.0,0.0,0.0,0.0,0.0,0.0,0.0
SL1786,81.31527142904808,12.378632678255647,2.322244836675453,3.8270327983717594,0.0,0.15681825764906077,0.0,0.0,0.0,0.0,0.0,0.0,0.0,0.0,0.0,0.0,0.0,0.0
SL1787,75.96646653975692,14.054034265631865,2.573583247913311,7.405915946697906,0.0,0.0,0.0,0.0,0.0,0.0,0.0,0.0,0.0,0.0,0.0,0.0,0.0,0.0
SL1788,64.63265306122449,28.11661807580175,0.4752186588921283,6.772594752186589,0.0,0.0,0.0,0.0,0.0029154518950437317,0.0,0.0,0.0,0.0,0.0,0.0,0.0,0.0,0.0
SL1789,88.94070698245531,7.819547096743725,0.08500791045833432,2.515998016482089,0.0,0.6387399938605398,0.0,0.0,0.0,0.0,0.0,0.0,0.0,0.0,0.0,0.0,0.0,0.0
SL1790,53.138345016517604,29.675288050922568,1.168318427201676,13.939247441785513,0.7090484247844654,0.0,0.0,0.0,0.0,1.3697526387881718,0.0,0.0,0.0,0.0,0.0,0.0,0.0,0.0
SL1791,65.52611965580324,22.63025950267633,0.0,11.83684531472322,0.0,0.0,0.0,0.0,0.006775526797208483,0.0,0.0,0.0,0.0,0.0,0.0,0.0,0.0,0.0
SL1792,35.27711914641375,60.58091286307054,0.007409602845287492,2.497036158861885,1.6152934202726734,0.0,0.014819205690574985,0.0,0.0,0.0,0.007409602845287492,0.0,0.0,0.0,0.0,0.0,0.0,0.0
SL1793,72.33842791399239,8.148250758030507,0.0,19.059272598543966,0.42634406119653384,0.0,0.0,0.0,0.027704668236597868,0.0,0.0,0.0,0.0,0.0,0.0,0.0,0.0,0.0
SL1794,79.85874516709413,14.094858936569306,3.05095126899667,2.9629062511962636,0.0,0.0,0.03253837614362822,0.0,0.0,0.0,0.0,0.0,0.0,0.0,0.0,0.0,0.0,0.0
SL1795,59.27600866955652,19.331443814604867,0.018756252084028008,20.73816272090697,0.2334111370456819,0.0,0.25216738912970993,0.15005001667222406,0.0,0.0,0.0,0.0,0.0,0.0,0.0,0.0,0.0,0.0
SL1796,9.570471990854157,89.7109260166585,0.0,0.6696064020904785,0.0,0.0,0.0,0.0,0.0,0.0,0.01633186346562143,0.0,0.0,0.03266372693124286,0.0,0.0,0.0,0.0
SL1797,85.770671996003,12.495628278790907,0.28478641019235573,1.4389208093929553,0.0,0.004996252810392206,0.0,0.0,0.0,0.0,0.0,0.0,0.0,0.0,0.0,0.004996252810392206,0.0,0.0
SL1798,71.45677447658973,25.949937848838626,0.8335567525408857,1.2308367252431207,0.0,0.009749201784103927,0.0,0.0,0.5191449950035341,0.0,0.0,0.0,0.0,0.0,0.0,0.0,0.0,0.0
SL1799,87.32039176587884,11.119582429183039,1.0380622837370241,0.5219635212011026,0.0,0.0,0.0,0.0,0.0,0.0,0.0,0.0,0.0,0.0,0.0,0.0,0.0,0.0
SL1800,72.88253262982505,19.355734518189394,1.6523188003332407,5.47070258261594,0.6387114690363788,0.0,0.0,0.0,0.0,0.0,0.0,0.0,0.0,0.0,0.0,0.0,0.0,0.0
SL1801,65.13244920801819,32.567920496557335,0.34935386493911746,1.9502764304853644,0.0,0.0,0.0,0.0,0.0,0.0,0.0,0.0,0.0,0.0,0.0,0.0,0.0,0.0
SL1802,85.0489817361476,11.369325380883216,3.285021168762941,0.28740072313730336,0.00309033035631509,0.00618066071263018,0.0,0.0,0.0,0.0,0.0,0.0,0.0,0.0,0.0,0.0,0.0,0.0
SL1803,84.2344769774265,14.322495658942579,0.40117358242021434,1.041853781210706,0.0,0.0,0.0,0.0,0.0,0.0,0.0,0.0,0.0,0.0,0.0,0.0,0.0,0.0
SL1804,62.71203486423064,36.07106939322829,0.6034193764666443,0.4089842440496145,0.01340931947703654,0.0,0.124036205162588,0.030170968823332214,0.0,0.03687562856185048,0.0,0.0,0.0,0.0,0.0,0.0,0.0,0.0
SL1805,91.09959072305594,8.3656207366985,0.0,0.5347885402455662,0.0,0.0,0.0,0.0,0.0,0.0,0.0,0.0,0.0,0.0,0.0,0.0,0.0,0.0
SL1806,75.82504478902823,7.272502625563724,0.7413356397108791,15.921418422190646,0.23969852350651757,0.0,0.0,0.0,0.0,0.0,0.0,0.0,0.0,0.0,0.0,0.0,0.0,0.0
SL1807,59.416629837742285,36.26491571437591,0.4735147420923038,3.832312646000379,0.0,0.0,0.0,0.0,0.0063135298945640505,0.0,0.0063135298945640505,0.0,0.0,0.0,0.0,0.0,0.0,0.0
SL1808,69.24867673005294,23.907077043716917,0.2499509900019604,5.261223289551069,1.266908449323662,0.0,0.06616349735346011,0.0,0.0,0.0,0.0,0.0,0.0,0.0,0.0,0.0,0.0,0.0
SL1809,90.39852323875992,6.653011682597481,0.0,2.7284681130834976,0.0,0.17700905274869771,0.0,0.0,0.042987912810398016,0.0,0.0,0.0,0.0,0.0,0.0,0.0,0.0,0.0
SL1810,77.8443113772455,14.575610683395114,0.30890599752875203,7.271171941830625,0.0,0.0,0.0,0.0,0.0,0.0,0.0,0.0,0.0,0.0,0.0,0.0,0.0,0.0
SL1811,23.498364022832032,52.15304148455972,0.0,24.34859449260825,0.0,0.0,0.0,0.0,0.0,0.0,0.0,0.0,0.0,0.0,0.0,0.0,0.0,0.0
SL1812,38.144666939109115,60.56395586432366,0.0,1.0543522680833675,0.0,0.016346546791990192,0.0,0.04086636697997548,0.049039640375970577,0.12259910093992644,0.008173273395995096,0.0,0.0,0.0,0.0,0.0,0.0,0.0
SL1813,54.006990005518425,9.939297320497884,3.648292353915016,32.380893984916305,0.0,0.012263167576184928,0.006131583788092464,0.0,0.006131583788092464,0.0,0.0,0.0,0.0,0.0,0.0,0.0,0.0,0.0
SL1814,60.96523397388881,19.539386827050023,0.029338418659234266,19.422033152413086,0.044007627988851404,0.0,0.0,0.0,0.0,0.0,0.0,0.0,0.0,0.0,0.0,0.0,0.0,0.0
SL1815,55.261125304497654,28.78022696215317,14.366347810587607,1.3487018002495395,0.24359812251203136,0.0,0.0,0.0,0.0,0.0,0.0,0.0,0.0,0.0,0.0,0.0,0.0,0.0
SL1816,83.61721562516792,10.886035140508302,1.4937402611358874,1.8215034119606683,1.786577830315405,0.0,0.3949277309118263,0.0,0.0,0.0,0.0,0.0,0.0,0.0,0.0,0.0,0.0,0.0
SL1817,77.83852511125238,19.94066539521085,0.09324009324009325,2.1190930281839373,0.0,0.0,0.0,0.0,0.008476372112735749,0.0,0.0,0.0,0.0,0.0,0.0,0.0,0.0,0.0
SL1818,47.2716794564591,8.8932027055719,43.00403409263247,0.8250174406260427,0.0,0.0,0.003033152355242804,0.0,0.0,0.0,0.0,0.0,0.0,0.003033152355242804,0.0,0.0,0.0,0.0
SL1819,94.09795219185548,5.6918165537646965,0.0038931713774040333,0.20633808300241377,0.0,0.0,0.0,0.0,0.0,0.0,0.0,0.0,0.0,0.0,0.0,0.0,0.0,0.0
SL1820,67.00038179272897,32.43965553811564,0.35209773893861623,0.14847495015483816,0.0,0.004242141432995376,0.004242141432995376,0.0,0.0,0.05090569719594451,0.0,0.0,0.0,0.0,0.0,0.0,0.0,0.0
SL1821,78.85102787947058,20.535060546324978,0.0,0.6082793579273444,0.0,0.0,0.0,0.0,0.0,0.0,0.005632216277105041,0.0,0.0,0.0,0.0,0.0,0.0,0.0
SL1822,86.1985236985237,8.867521367521368,3.078865578865579,1.855089355089355,0.0,0.0,0.0,0.0,0.0,0.0,0.0,0.0,0.0,0.0,0.0,0.0,0.0,0.0
SL1823,86.24474117431863,12.392537040424365,0.3155295408816536,1.0243277848911652,0.009145783793671118,0.0,0.0,0.0,0.0,0.013718675690506676,0.0,0.0,0.0,0.0,0.0,0.0,0.0,0.0
SL1824,91.7760140390061,6.2657041438998125,0.5902763929326367,1.364017070155147,0.0,0.0,0.0,0.0,0.003988354006301599,0.0,0.0,0.0,0.0,0.0,0.0,0.0,0.0,0.0
SL1825,78.07104584242906,8.548323079976186,8.161341536019052,5.214328239730105,0.0,0.0,0.004961301845604287,0.0,0.0,0.0,0.0,0.0,0.0,0.0,0.0,0.0,0.0,0.0
SL1826,87.31940057791815,9.13581076540555,1.001276795914253,2.513271957529736,0.030239903232309656,0.0,0.0,0.0,0.0,0.0,0.0,0.0,0.0,0.0,0.0,0.0,0.0,0.0
SL1827,74.39801500028196,12.733322054925845,1.3534088986635087,11.413748378728924,0.050752833699881574,0.050752833699881574,0.0,0.0,0.0,0.0,0.0,0.0,0.0,0.0,0.0,0.0,0.0,0.0
SL1828,9.22875816993464,90.5359477124183,0.0,0.1568627450980392,0.05228758169934641,0.0,0.0,0.0,0.0,0.0,0.026143790849673203,0.0,0.0,0.0,0.0,0.0,0.0,0.0
SL1829,84.87476635514018,8.58816199376947,0.9121495327102803,4.421183800623053,0.0024922118380062306,0.0,0.0024922118380062306,0.0,0.0,0.0,0.0,1.198753894080997,0.0,0.0,0.0,0.0,0.0,0.0
SL1830,57.72049314596086,31.726873006293648,3.051987240279334,7.3540822484696955,0.0,0.1379429261143202,0.0,0.0,0.0,0.0,0.0,0.0,0.0,0.0,0.0,0.0,0.0,0.008621432882145013
SL1831,84.53727043572201,10.118833273316529,1.8509182571119913,3.3345336694274397,0.021606049693914296,0.06481814908174288,0.036010082823190494,0.0,0.0,0.0,0.021606049693914296,0.007202016564638099,0.0,0.0,0.007202016564638099,0.0,0.0,0.0
SL1832,54.75597008924982,34.39334244592747,0.4663504060464742,10.372276272412961,0.0,0.012060786363270886,0.0,0.0,0.0,0.0,0.0,0.0,0.0,0.0,0.0,0.0,0.0,0.0
SL1833,63.29504430587463,13.075155891040367,4.949130292090581,18.240892681325896,0.2625533311453889,0.019691499835904167,0.0,0.0,0.15753199868723333,0.0,0.0,0.0,0.0,0.0,0.0,0.0,0.0,0.0
SL1834,84.65112420144362,10.196631544013938,0.4314278602837468,4.140048120799801,0.0,0.0,0.5807682734588899,0.0,0.0,0.0,0.0,0.0,0.0,0.0,0.0,0.0,0.0,0.0
SL1835,86.29159079622579,12.636566793577222,0.16139711968217182,0.9104452905148154,0.0,0.0,0.0,0.0,0.0,0.0,0.0,0.0,0.0,0.0,0.0,0.0,0.0,0.0
SL1836,39.320388349514566,58.691631992602865,0.0,1.9879796578825706,0.0,0.0,0.0,0.0,0.0,0.0,0.0,0.0,0.0,0.0,0.0,0.0,0.0,0.0
SL1837,71.37861766237631,19.503757160925527,2.2840562458150435,5.520422587605089,1.3094263819656276,0.0,0.0,0.0,0.003719961312402351,0.0,0.0,0.0,0.0,0.0,0.0,0.0,0.0,0.0
SL1838,69.04847828702033,10.239985564778058,0.0,12.104535065559967,8.607001082641645,0.0,0.0,0.0,0.0,0.0,0.0,0.0,0.0,0.0,0.0,0.0,0.0,0.0
SL1839,88.14500326583932,6.931743958197257,0.0,4.919170476812541,0.0,0.004082299150881777,0.0,0.0,0.0,0.0,0.0,0.0,0.0,0.0,0.0,0.0,0.0,0.0
SL1840,77.75199273534457,7.577439208959742,0.6390206168230586,12.618975549053241,1.4125718898193926,0.0,0.0,0.0,0.0,0.0,0.0,0.0,0.0,0.0,0.0,0.0,0.0,0.0
SL1841,83.24222694195885,7.5658925524877265,0.008704432296925595,7.630305351484976,0.7781762473451481,0.0,0.0,0.0,0.774694474426378,0.0,0.0,0.0,0.0,0.0,0.0,0.0,0.0,0.0
SL1842,80.20382335309398,16.479051488709786,1.8384067141810432,1.4520748684473457,0.0,0.009991340837940451,0.016652234729900753,0.0,0.0,0.0,0.0,0.0,0.0,0.0,0.0,0.0,0.0,0.0
SL1843,65.28440731901352,7.332272606735614,22.986276849642003,1.0060328825245293,3.3280297003447363,0.0,0.06298064173959161,0.0,0.0,0.0,0.0,0.0,0.0,0.0,0.0,0.0,0.0,0.0
SL1844,33.81076197611388,56.78022123308801,1.5997532061169626,7.796042483804151,0.0,0.013221100876999691,0.0,0.0,0.0,0.0,0.0,0.0,0.0,0.0,0.0,0.0,0.0,0.0
SL1845,73.15681725126245,24.31281561348437,0.5923297393203221,1.9353077657977344,0.0,0.0027296301351166915,0.0,0.0,0.0,0.0,0.0,0.0,0.0,0.0,0.0,0.0,0.0,0.0
SL1846,68.02816901408451,11.334674714956405,1.1468812877263581,19.450033534540577,0.04024144869215292,0.0,0.0,0.0,0.0,0.0,0.0,0.0,0.0,0.0,0.0,0.0,0.0,0.0
SL1847,79.19859864243486,10.302167724983578,8.074228158528575,2.151302824611342,0.1368513247208233,0.0,0.1368513247208233,0.0,0.0,0.0,0.0,0.0,0.0,0.0,0.0,0.0,0.0,0.0
SL1848,93.87625402878024,4.430523400971447,0.0,0.5356575423305643,1.153025557220028,0.004539470697716646,0.0,0.0,0.0,0.0,0.0,0.0,0.0,0.0,0.0,0.0,0.0,0.0
SL1849,63.570630768326374,12.77996590441479,0.0,15.531126917876668,7.542178590323908,0.258656163658809,0.0,0.0,0.258656163658809,0.0,0.005878549174063841,0.05290694256657457,0.0,0.0,0.0,0.0,0.0,0.0
SL1850,55.68274401173212,28.686654717288576,8.098419423170931,7.532181847808375,0.0,0.0,0.0,0.0,0.0,0.0,0.0,0.0,0.0,0.0,0.0,0.0,0.0,0.0
SL1851,63.142857142857146,30.48051948051948,0.7878787878787878,5.584415584415584,0.0,0.0,0.0,0.0,0.0,0.0,0.0,0.004329004329004329,0.0,0.0,0.0,0.0,0.0,0.0
SL1852,10.588302230314065,88.95653163404643,0.2162039144287665,0.22189349112426035,0.005689576695493855,0.01137915339098771,0.0,0.0,0.0,0.0,0.0,0.0,0.0,0.0,0.0,0.0,0.0,0.0
SL1853,75.7984740857669,16.516706129965797,0.5235464351486451,6.658774006840305,0.4998684556695606,0.0,0.0,0.0,0.0,0.0,0.0,0.0,0.0,0.002630886608787161,0.0,0.0,0.0,0.0
SL1854,82.13939667980105,13.849234545571992,1.51798979394096,2.493378980686002,0.0,0.0,0.0,0.0,0.0,0.0,0.0,0.0,0.0,0.0,0.0,0.0,0.0,0.0
SL1855,89.99607689289918,9.87838367987446,0.0,0.12553942722636327,0.0,0.0,0.0,0.0,0.0,0.0,0.0,0.0,0.0,0.0,0.0,0.0,0.0,0.0
SL1856,28.571428571428573,69.64285714285714,1.7857142857142858,0.0,0.0,0.0,0.0,0.0,0.0,0.0,0.0,0.0,0.0,0.0,0.0,0.0,0.0,0.0
SL1857,7.490558120016786,91.62819974821653,0.0,0.839278220730172,0.0209819555182543,0.0,0.0,0.0,0.0,0.0,0.0,0.0209819555182543,0.0,0.0,0.0,0.0,0.0,0.0
SL1858,90.58224626153357,8.063774878919645,0.0,1.3539788595467883,0.0,0.0,0.0,0.0,0.0,0.0,0.0,0.0,0.0,0.0,0.0,0.0,0.0,0.0
SL1859,79.73564266180492,13.463992707383774,0.4649042844120328,6.3354603463992705,0.0,0.0,0.0,0.0,0.0,0.0,0.0,0.0,0.0,0.0,0.0,0.0,0.0,0.0
SL1860,9.339804047248421,90.41296584561853,0.0,0.2197600952293746,0.01831334126911455,0.009156670634557275,0.0,0.0,0.0,0.0,0.0,0.0,0.0,0.0,0.0,0.0,0.0,0.0
SL1861,79.64068282201265,18.705980661334607,0.05968723886832995,1.5936492777844098,0.0,0.0,0.0,0.0,0.0,0.0,0.0,0.0,0.0,0.0,0.0,0.0,0.0,0.0
SL1862,13.001083423618635,76.70639219934995,0.10834236186348863,10.18418201516793,0.0,0.0,0.0,0.0,0.0,0.0,0.0,0.0,0.0,0.0,0.0,0.0,0.0,0.0
SL1863,91.2935480808784,5.206784166060184,0.33066481030281936,0.9350378128658672,1.3036737018637472,0.0,0.0,0.0,0.0,0.0,0.9302914280289846,0.0,0.0,0.0,0.0,0.0,0.0,0.0
SL1864,84.88560059686645,11.750808256652574,1.231037055458841,2.1325540910221337,0.0,0.0,0.0,0.0,0.0,0.0,0.0,0.0,0.0,0.0,0.0,0.0,0.0,0.0
SL1865,80.29669588671612,10.131490222521915,1.3621038435603507,7.65677680377613,0.0,0.428186109238031,0.0,0.0,0.12474713418745785,0.0,0.0,0.0,0.0,0.0,0.0,0.0,0.0,0.0
SL1866,88.3356187864244,11.210147411724375,0.029996571820363388,0.4242372300308536,0.0,0.0,0.0,0.0,0.0,0.0,0.0,0.0,0.0,0.0,0.0,0.0,0.0,0.0
SL1867,63.656716417910445,31.294489092996557,4.1991963260619976,0.8495981630309989,0.0,0.0,0.0,0.0,0.0,0.0,0.0,0.0,0.0,0.0,0.0,0.0,0.0,0.0
SL1868,75.97714972940469,23.073619104887896,0.22334850957821492,0.6700455287346447,0.03436130916587922,0.01718065458293961,0.0042951636457349025,0.0,0.0,0.0,0.0,0.0,0.0,0.0,0.0,0.0,0.0,0.0
SL1869,83.37830294008188,8.043356903609974,8.406215109787867,0.148864905098623,0.0,0.0,0.0,0.0,0.0,0.0,0.0046520282843319685,0.0,0.0,0.018608113137327874,0.0,0.0,0.0,0.0
SL1870,88.08808808808809,6.367906367906368,0.5698005698005698,4.928004928004928,0.0462000462000462,0.0,0.0,0.0,0.0,0.0,0.0,0.0,0.0,0.0,0.0,0.0,0.0,0.0
SL1871,76.36118446929258,17.66402577213388,1.3054634676256298,3.5324305594575867,1.136895731490326,0.0,0.0,0.0,0.0,0.0,0.0,0.0,0.0,0.0,0.0,0.0,0.0,0.0
SL1872,5.0,95.0,0.0,0.0,0.0,0.0,0.0,0.0,0.0,0.0,0.0,0.0,0.0,0.0,0.0,0.0,0.0,0.0
SL1873,85.38684020245843,6.876355748373102,0.0072306579898770785,6.912509038322487,0.18799710773680406,0.4483007953723789,0.0,0.0,0.18076644974692696,0.0,0.0,0.0,0.0,0.0,0.0,0.0,0.0,0.0
SL1874,74.76857974080932,17.15595521466984,0.5730406418055188,7.502424402715331,0.0,0.0,0.0,0.0,0.0,0.0,0.0,0.0,0.0,0.0,0.0,0.0,0.0,0.0
SL1875,91.85451733777434,8.133587105216202,0.0,0.011895557009456968,0.0,0.0,0.0,0.0,0.0,0.0,0.0,0.0,0.0,0.0,0.0,0.0,0.0,0.0
SL1876,12.051282051282051,86.58461538461539,0.0,1.2307692307692308,0.05128205128205128,0.010256410256410256,0.03076923076923077,0.0,0.020512820512820513,0.0,0.0,0.0,0.0,0.010256410256410256,0.010256410256410256,0.0,0.0,0.0
SL1877,58.943406022845274,12.603842159916926,1.5013845621322257,26.942713741779162,0.0,0.0,0.004326756663205262,0.0,0.0,0.0,0.0,0.0,0.0,0.0,0.004326756663205262,0.0,0.0,0.0
SL1878,64.02831813253397,33.579947700746224,1.9707889533771286,0.4209452133426877,0.0,0.0,0.0,0.0,0.0,0.0,0.0,0.0,0.0,0.0,0.0,0.0,0.0,0.0
SL1879,93.68185997635624,5.906563334646876,0.0,0.41157668899689126,0.0,0.0,0.0,0.0,0.0,0.0,0.0,0.0,0.0,0.0,0.0,0.0,0.0,0.0
SL1880,89.78222334768296,7.226513041276273,0.0,1.457647505697645,1.0208280577361357,0.0,0.0,0.0,0.0,0.0,0.0,0.0,0.0,0.5127880476069892,0.0,0.0,0.0,0.0
SL1881,69.70130334449247,28.06578476939578,2.171157408912146,0.058504241557512916,0.003250235642084051,0.0,0.0,0.0,0.0,0.0,0.0,0.0,0.0,0.0,0.0,0.0,0.0,0.0
SL1882,90.41170097508126,9.534127843987,0.0,0.04739978331527627,0.006771397616468039,0.0,0.0,0.0,0.0,0.0,0.0,0.0,0.0,0.0,0.0,0.0,0.0,0.0
SL1883,92.11151934298681,4.639435199193142,2.510626035588214,0.7384194222318277,0.0,0.0,0.0,0.0,0.0,0.0,0.0,0.0,0.0,0.0,0.0,0.0,0.0,0.0
SL1884,78.99705409748259,18.50562399571505,2.3053918943045884,0.18746652383502946,0.0022317443313693984,0.0022317443313693984,0.0,0.0,0.0,0.0,0.0,0.0,0.0,0.0,0.0,0.0,0.0,0.0
SL1885,48.60753301809881,20.521767487363444,2.683841513125713,28.186857981412032,0.0,0.0,0.0,0.0,0.0,0.0,0.0,0.0,0.0,0.0,0.0,0.0,0.0,0.0
SL1886,66.67186444201882,19.065439991683558,0.0,14.261656011227196,0.0,0.0,0.0010395550704298561,0.0,0.0,0.0,0.0,0.0,0.0,0.0,0.0,0.0,0.0,0.0
SL1887,80.91009333280826,15.122277793092584,0.29240341826487615,2.031071555152995,0.0,0.0,0.01082975623203245,1.2936636080809671,0.0,0.0,0.0,0.0,0.33966053636829047,0.0,0.0,0.0,0.0,0.0
SL1888,85.3801888648436,13.476293527444422,0.8766968325791855,0.2668207751327956,0.0,0.0,0.0,0.0,0.0,0.0,0.0,0.0,0.0,0.0,0.0,0.0,0.0,0.0
SL1889,58.41497828085862,5.022353276895273,9.676907955230032,26.857224388851897,0.0,0.0,0.028536098164177685,0.0,0.0,0.0,0.0,0.0,0.0,0.0,0.0,0.0,0.0,0.0
SL1890,34.189875584978886,2.7251455313320396,0.0,63.084978883689075,0.0,0.0,0.0,0.0,0.0,0.0,0.0,0.0,0.0,0.0,0.0,0.0,0.0,0.0
SL1891,76.0734006092917,23.643373952779893,0.06426123381568927,0.21896420411271897,0.0,0.0,0.0,0.0,0.0,0.0,0.0,0.0,0.0,0.0,0.0,0.0,0.0,0.0
SL1892,76.78091973721794,12.053698943159098,0.908311910882605,10.188517566409597,0.0,0.06855184233076264,0.0,0.0,0.0,0.0,0.0,0.0,0.0,0.0,0.0,0.0,0.0,0.0
SL1893,84.4228189756645,5.74443623224111,0.0,9.77799676986669,0.05474802222769702,0.0,0.0,0.0,0.0,0.0,0.0,0.0,0.0,0.0,0.0,0.0,0.0,0.0
SL1894,70.21058495821727,15.761559888579388,0.024512534818941504,13.998885793871866,0.0022284122562674096,0.0,0.0,0.0022284122562674096,0.0,0.0,0.0,0.0,0.0,0.0,0.0,0.0,0.0,0.0
SL1895,59.01928006240945,40.53270923882759,0.24963780229577623,0.19614398751810988,0.0,0.0,0.0,0.0,0.0,0.0022289089490694306,0.0,0.0,0.0,0.0,0.0,0.0,0.0,0.0
SL1896,77.32500821557673,5.718041406506737,0.04842866285002681,16.908521715066502,0.0,0.0,0.0,0.0,0.0,0.0,0.0,0.0,0.0,0.0,0.0,0.0,0.0,0.0
SL1897,67.89172185908258,10.298255486775464,1.5237435608848102,20.241547984935718,0.04473110832142908,0.0,0.0,0.0,0.0,0.0,0.0,0.0,0.0,0.0,0.0,0.0,0.0,0.0
SL1898,69.54587625187335,13.959131241525323,1.4177986059899612,15.027237909460712,0.0,0.0,0.0023788567214596667,0.0,0.0,0.0,0.0,0.04757713442919333,0.0,0.0,0.0,0.0,0.0,0.0
SL1899,69.800853112815,28.71797555805616,0.20150210661293277,1.2796692225158977,0.0,0.0,0.0,0.0,0.0,0.0,0.0,0.0,0.0,0.0,0.0,0.0,0.0,0.0
SL1900,70.62146100801705,24.702864831529965,2.4177271962774007,2.236923249425352,0.0,0.014015809833492179,0.007007904916746089,0.0,0.0,0.0,0.0,0.0,0.0,0.0,0.0,0.0,0.0,0.0
SL1901,80.38892648053897,11.241210908769968,0.8855285222558913,7.481392133211733,0.0,0.0029419552234414992,0.0,0.0,0.0,0.0,0.0,0.0,0.0,0.0,0.0,0.0,0.0,0.0
SL1902,57.3358836656122,23.710733465754434,0.0,15.824321341867137,0.0,2.290394565830452,0.0,0.0,0.566468035018024,0.0,0.18391819318767014,0.0,0.0,0.0,0.0,0.07356727727506805,0.0,0.01471345545501361
SL1903,48.06859424963234,15.734581809841197,1.0645331030667728,34.71133478149412,0.0,0.0,0.0,0.0,0.42095605596556795,0.0,0.0,0.0,0.0,0.0,0.0,0.0,0.0,0.0
SL1904,55.01269701357846,5.6643371319440075,2.963336061617243,35.86853868916452,0.0,0.49109110369577536,0.0,0.0,0.0,0.0,0.0,0.0,0.0,0.0,0.0,0.0,0.0,0.0
SL1905,79.89308734416612,5.8937048901925975,5.042649272453588,8.377397815430932,0.0,0.420703230537651,0.37245744721911306,0.0,0.0,0.0,0.0,0.0,0.0,0.0,0.0,0.0,0.0,0.0
SL1906,78.60135018175524,10.860308118400553,1.4990479487623334,9.039293751081876,0.0,0.0,0.0,0.0,0.0,0.0,0.0,0.0,0.0,0.0,0.0,0.0,0.0,0.0
SL1907,91.69871794871794,5.207390648567119,2.748868778280543,0.34502262443438914,0.0,0.0,0.0,0.0,0.0,0.0,0.0,0.0,0.0,0.0,0.0,0.0,0.0,0.0
SL1908,75.45793758480326,5.174883159957787,18.960123624302728,0.40705563093622793,0.0,0.0,0.0,0.0,0.0,0.0,0.0,0.0,0.0,0.0,0.0,0.0,0.0,0.0
SL1909,44.637197383505296,11.701733090565783,1.6943151932025087,41.76613392676512,0.19893452019691146,0.0016858857643806055,0.0,0.0,0.0,0.0,0.0,0.0,0.0,0.0,0.0,0.0,0.0,0.0
SL1910,69.43233660774422,23.057274656568094,1.5770545551587856,5.017092170642132,0.0,0.0,0.903534076323849,0.0,0.0,0.0,0.0,0.012707933562923332,0.0,0.0,0.0,0.0,0.0,0.0
SL1911,81.09481719566091,6.374045801526718,0.0,12.474889513860989,0.052229811169144234,0.002008838891120932,0.0,0.0,0.0,0.002008838891120932,0.0,0.0,0.0,0.0,0.0,0.0,0.0,0.0
SL1912,85.01335254970115,9.573566190496376,3.5606799203085924,1.8460429824933238,0.006358357000551058,0.0,0.0,0.0,0.0,0.0,0.0,0.0,0.0,0.0,0.0,0.0,0.0,0.0
SL1913,85.86356253383866,6.308879263670818,0.008121277747698972,7.441797509474824,0.0013535462912831618,0.31808337845154305,0.0,0.0,0.0,0.0,0.0,0.05820249052517596,0.0,0.0,0.0,0.0,0.0,0.0
SL1914,74.66370729082594,20.52506501659044,3.6543807730248408,1.0828625235404896,0.0,0.0,0.07398439601829432,0.0,0.0,0.0,0.0,0.0,0.0,0.0,0.0,0.0,0.0,0.0
SL1915,25.0,75.0,0.0,0.0,0.0,0.0,0.0,0.0,0.0,0.0,0.0,0.0,0.0,0.0,0.0,0.0,0.0,0.0
SL1916,33.333333333333336,66.66666666666667,0.0,0.0,0.0,0.0,0.0,0.0,0.0,0.0,0.0,0.0,0.0,0.0,0.0,0.0,0.0,0.0
SL1917,51.87353629976581,20.91485986250661,2.2172697741180025,24.99433406360958,0.0,0.0,0.0,0.0,0.0,0.0,0.0,0.0,0.0,0.0,0.0,0.0,0.0,0.0
SL1918,85.50067143323776,9.165971037636554,0.5988458607048235,4.734511668420861,0.0,0.0,0.0,0.0,0.0,0.0,0.0,0.0,0.0,0.0,0.0,0.0,0.0,0.0
SL1919,57.54416521522767,7.02662353819358,6.643443642697188,28.785767603881563,0.0,0.0,0.0,0.0,0.0,0.0,0.0,0.0,0.0,0.0,0.0,0.0,0.0,0.0
SL1920,70.21903270296173,15.605787886579863,1.664368031043269,12.209261553566002,0.14259332850230252,0.058439888730451854,0.023375955492180744,0.0,0.06077748427966993,0.0,0.0,0.007012786647654223,0.0,0.0,0.0,0.0,0.009350382196872297,0.0
SL1921,82.43128964059197,13.645973476840284,1.0013453776667307,2.919469536805689,0.0019219680953296175,0.0,0.0,0.0,0.0,0.0,0.0,0.0,0.0,0.0,0.0,0.0,0.0,0.0
SL1922,45.80694006309148,31.358990536277602,0.0,12.754574132492113,10.076971608832807,0.0,0.002523659305993691,0.0,0.0,0.0,0.0,0.0,0.0,0.0,0.0,0.0,0.0,0.0
SL1923,64.36858182763551,31.68464838164565,1.0317821396074354,2.911737943585077,0.0016248537631613155,0.0,0.0,0.0,0.0,0.0016248537631613155,0.0,0.0,0.0,0.0,0.0,0.0,0.0,0.0
SL1924,23.707679603633363,55.40875309661437,0.0,16.333608587943846,0.012386457473162676,0.0,0.0,0.0,0.008257638315441783,3.61271676300578,0.0,0.916597853014038,0.0,0.0,0.0,0.0,0.0,0.0
SL1925,64.0504614342562,26.75260350520701,2.8596223859114387,6.335196003725341,0.0,0.0,0.0,0.0,0.0,0.0,0.0,0.002116670900008467,0.0,0.0,0.0,0.0,0.0,0.0
SL1926,86.81406989025118,8.915369426459108,2.1674243467878953,2.100840336134454,0.0,0.0,0.0,0.0,0.002296000367360059,0.0,0.0,0.0,0.0,0.0,0.0,0.0,0.0,0.0
SL1927,92.66254994551399,7.329553530535858,0.0,0.007896523950157141,0.0,0.0,0.0,0.0,0.0,0.0,0.0,0.0,0.0,0.0,0.0,0.0,0.0,0.0
SL1928,91.33107900399631,4.887795880725484,1.4571165078389179,2.321959217132903,0.0,0.0,0.0,0.0,0.0,0.002049390306383851,0.0,0.0,0.0,0.0,0.0,0.0,0.0,0.0
SL1929,11.15357269818699,86.58905083540704,0.0,2.1418414504088163,0.11553501599715606,0.0,0.0,0.0,0.0,0.0,0.0,0.0,0.0,0.0,0.0,0.0,0.0,0.0
SL1930,79.93460981244371,18.230940913896394,1.020008614276205,0.8144406593836877,0.0,0.0,0.0,0.0,0.0,0.0,0.0,0.0,0.0,0.0,0.0,0.0,0.0,0.0
SL1931,41.945233265720084,47.6369168356998,6.0385395537525355,4.37525354969574,0.002028397565922921,0.0,0.0,0.0,0.0,0.002028397565922921,0.0,0.0,0.0,0.0,0.0,0.0,0.0,0.0
SL1932,79.34993716440077,12.8355992231235,1.2795612932708786,6.529189992002742,0.005712327202102137,0.0,0.0,0.0,0.0,0.0,0.0,0.0,0.0,0.0,0.0,0.0,0.0,0.0
SL1933,65.424709882267,33.268706622832894,0.0505774256090365,1.256006069291073,0.0,0.0,0.0,0.0,0.0,0.0,0.0,0.0,0.0,0.0,0.0,0.0,0.0,0.0
SL1934,67.47518760590656,28.235294117647058,1.4863229242314209,2.80077463083999,0.0,0.002420721374969741,0.0,0.0,0.0,0.0,0.0,0.0,0.0,0.0,0.0,0.0,0.0,0.0
SL1935,76.39651626950526,8.091205999758074,1.955969517358171,13.55388895609048,0.0,0.0,0.0,0.0,0.0,0.00241925728801258,0.0,0.0,0.0,0.0,0.0,0.0,0.0,0.0
SL1936,14.285714285714286,85.71428571428571,0.0,0.0,0.0,0.0,0.0,0.0,0.0,0.0,0.0,0.0,0.0,0.0,0.0,0.0,0.0,0.0
SL1937,88.78817266016189,9.355394145704278,0.6689492746452392,1.0944643457953174,0.0,0.0930195736932729,0.0,0.0,0.0,0.0,0.0,0.0,0.0,0.0,0.0,0.0,0.0,0.0
SL1938,8.530805687203792,90.99526066350711,0.0,0.47393364928909953,0.0,0.0,0.0,0.0,0.0,0.0,0.0,0.0,0.0,0.0,0.0,0.0,0.0,0.0
SL1939,66.34912855698839,9.1555119919135,1.6081110056054155,22.887248445492695,0.0,0.0,0.0,0.0,0.0,0.0,0.0,0.0,0.0,0.0,0.0,0.0,0.0,0.0
SL1940,89.25685626716555,7.944911037694543,0.04378457986705409,2.7544481152728575,0.0,0.0,0.0,0.0,0.0,0.0,0.0,0.0,0.0,0.0,0.0,0.0,0.0,0.0
SL1941,85.77781108696195,10.60231332284094,0.6919983012316071,2.609358215293912,0.0,0.07869294761298058,0.0,0.0,0.0,0.0,0.0,0.0,0.0,0.0,0.0,0.2398261260586075,0.0,0.0
SL1942,75.12254413581476,22.65372813135137,0.02789622603913442,2.1918463316462757,0.0,0.0019925875742238873,0.0,0.0,0.0019925875742238873,0.0,0.0,0.0,0.0,0.0,0.0,0.0,0.0,0.0
SL1943,71.41380201602482,4.361592142672525,0.0,17.20082708710261,0.0,7.023778754200052,0.0,0.0,0.0,0.0,0.0,0.0,0.0,0.0,0.0,0.0,0.0,0.0
SL1944,47.90628593330778,23.95074741280184,2.201513990034496,19.79685703334611,0.0,6.144595630509774,0.0,0.0,0.0,0.0,0.0,0.0,0.0,0.0,0.0,0.0,0.0,0.0
SL1945,75.57817911349743,6.589498640262185,13.732189758966134,4.007158961485717,0.0,0.09064918764381842,0.0,0.0,0.0,0.002324338144713293,0.0,0.0,0.0,0.0,0.0,0.0,0.0,0.0
SL1946,48.195151398740514,46.30729759765116,5.3781881542661925,0.056251457735947426,0.0,0.06311139160618491,0.0,0.0,0.0,0.0,0.0,0.0,0.0,0.0,0.0,0.0,0.0,0.0
SL1947,65.51008549846435,18.03906920118425,0.07055698514152901,16.37890484491298,0.0013834702968927256,0.0,0.0,0.0,0.0,0.0,0.0,0.0,0.0,0.0,0.0,0.0,0.0,0.0
SL1948,54.960779243168695,32.79602333132201,4.93348274574031,7.309714679768986,0.0,0.0,0.0,0.0,0.0,0.0,0.0,0.0,0.0,0.0,0.0,0.0,0.0,0.0
SL1949,78.0226889397195,10.9262724983249,0.3835401215313879,10.66287747510455,0.0,0.0,0.0,0.0,0.0,0.0,0.0,0.0,0.0,0.0,0.0,0.0,0.0,0.004620965319655276
SL1950,84.82033304119194,9.566170026292726,1.1218229623137599,4.2550394390885184,0.0043821209465381246,0.0,0.21910604732690622,0.0,0.0,0.0,0.0,0.013146362839614373,0.0,0.0,0.0,0.0,0.0,0.0
SL1951,61.205497514960946,10.974743888832538,0.4006491530581195,27.416573689015113,0.0,0.0025357541332792373,0.0,0.0,0.0,0.0,0.0,0.0,0.0,0.0,0.0,0.0,0.0,0.0
SL1952,39.17417602765091,10.591285026539934,3.135415380817183,47.086779409949386,0.012344155042587335,0.0,0.0,0.0,0.0,0.0,0.0,0.0,0.0,0.0,0.0,0.0,0.0,0.0
SL1953,73.87904931768219,23.93919283255216,2.1278360778132646,0.05392177195238293,0.0,0.0,0.0,0.0,0.0,0.0,0.0,0.0,0.0,0.0,0.0,0.0,0.0,0.0
SL1954,81.77071246228823,6.064825558907713,0.0,12.156726231917691,0.0,0.003867873443180939,0.003867873443180939,0.0,0.0,0.0,0.0,0.0,0.0,0.0,0.0,0.0,0.0,0.0
SL1955,84.75533403717253,10.687716369171843,0.3142723857693535,4.24022195487245,0.0,0.0,0.0,0.0,0.0,0.0024552530138230743,0.0,0.0,0.0,0.0,0.0,0.0,0.0,0.0
SL1956,72.61930612858502,25.615113501595204,0.051781448878347,1.0406400855229092,0.0016703693186563549,0.0,0.6698180967811983,0.0,0.0,0.0,0.0,0.0,0.0016703693186563549,0.0,0.0,0.0,0.0,0.0
SL1957,84.38676370415516,8.74950704477826,4.744918079804969,2.1062632201627647,0.012547951098842004,0.0,0.0,0.0,0.0,0.0,0.0,0.0,0.0,0.0,0.0,0.0,0.0,0.0
SL1958,69.16183802722006,25.57775232448457,3.858981269370705,1.386268696941113,0.0,0.013475272874275704,0.0,0.001684409109284463,0.0,0.0,0.0,0.0,0.0,0.0,0.0,0.0,0.0,0.0
SL1959,95.0391017331811,2.9693281026002007,1.4241443544994892,0.5674258097192058,0.0,0.0,0.0,0.0,0.0,0.0,0.0,0.0,0.0,0.0,0.0,0.0,0.0,0.0
SL1960,56.431009800682745,5.192159453804647,0.6442021803766105,37.38575046801013,0.0,0.2587820724589803,0.0,0.0,0.0880960246668869,0.0,0.0,0.0,0.0,0.0,0.0,0.0,0.0,0.0
SL1961,49.071503313568186,23.9511684687827,0.4576212068364144,25.598883850715033,0.25671433554237877,0.6613184513428672,0.0,0.0,0.0,0.0027903732124171608,0.0,0.0,0.0,0.0,0.0,0.0,0.0,0.0
SL1962,6.719022687609075,92.53926701570681,0.2181500872600349,0.5235602094240838,0.0,0.0,0.0,0.0,0.0,0.0,0.0,0.0,0.0,0.0,0.0,0.0,0.0,0.0
SL1963,81.64713877597251,14.912093029109352,3.215494783473238,0.224014900766433,0.0012585106784631067,0.0,0.0,0.0,0.0,0.0,0.0,0.0,0.0,0.0,0.0,0.0,0.0,0.0
SL1964,80.95249566390441,6.593274233956446,2.705241857776065,9.744170360377723,0.0,0.0,0.0,0.0,0.0,0.002408941992676816,0.002408941992676816,0.0,0.0,0.0,0.0,0.0,0.0,0.0
SL1965,11.898709425107548,87.0844739929605,0.0,0.9581540868204927,0.04888541259288228,0.009777082518576457,0.0,0.0,0.0,0.0,0.0,0.0,0.0,0.0,0.0,0.0,0.0,0.0
SL1966,89.73572833005632,3.1892558403039293,0.0,7.07501582963975,0.0,0.0,0.0,0.0,0.0,0.0,0.0,0.0,0.0,0.0,0.0,0.0,0.0,0.0
SL1967,68.94739673942286,11.340280144197141,1.8419211937514572,17.418440733898883,0.0,0.450167691948993,0.0,0.0,0.0,0.0,0.0,0.0,0.0017934967806732787,0.0,0.0,0.0,0.0,0.0
SL1968,49.4982258700405,41.42683057954912,5.808035554281209,3.266907996129171,0.0,0.0,0.0,0.0,0.0,0.0,0.0,0.0,0.0,0.0,0.0,0.0,0.0,0.0
SL1969,77.49759268175252,16.177178623013962,0.06319210399614829,6.2620365912373614,0.0,0.0,0.0,0.0,0.0,0.0,0.0,0.0,0.0,0.0,0.0,0.0,0.0,0.0
SL1970,79.1293213828425,6.1490896599106835,13.566097248680553,1.1523687580025608,0.0,0.0031229505636925768,0.0,0.0,0.0,0.0,0.0,0.0,0.0,0.0,0.0,0.0,0.0,0.0
SL1971,51.46753364038653,18.82055450194166,2.456425539600831,27.255486318070982,0.0,0.0,0.0,0.0,0.0,0.0,0.0,0.0,0.0,0.0,0.0,0.0,0.0,0.0
SL1972,65.90992310508972,10.948370560234347,18.470471308259665,4.660773133859915,0.010461892556363445,0.0,0.0,0.0,0.0,0.0,0.0,0.0,0.0,0.0,0.0,0.0,0.0,0.0
SL1973,19.467405913978496,7.219422043010753,0.08568548387096774,73.22748655913979,0.0,0.0,0.0,0.0,0.0,0.0,0.0,0.0,0.0,0.0,0.0,0.0,0.0,0.0
SL1974,94.29384474294653,4.023035011058963,0.0026973080865296435,1.2448076819334304,0.0,0.0,0.0,0.0,0.0026973080865296435,0.0,0.0,0.0,0.0,0.0,0.43291794788800775,0.0,0.0,0.0
SL1975,86.59737748504442,8.855519970995227,0.7492899873104115,3.6286180433863073,0.0,0.1661731826696477,0.0,0.0,0.0,0.003021330593993595,0.0,0.0,0.0,0.0,0.0,0.0,0.0,0.0
SL1976,30.091906314853247,68.48502816483843,0.3557663800770827,1.0376519418914913,0.029647198339756892,0.0,0.0,0.0,0.0,0.0,0.0,0.0,0.0,0.0,0.0,0.0,0.0,0.0
SL1977,57.300261494325824,22.1445073497677,1.7212927467059331,18.182741374495418,0.0,0.6511970347051207,0.0,0.0,0.0,0.0,0.0,0.0,0.0,0.0,0.0,0.0,0.0,0.0
SL1978,76.83325362665391,8.666772942239227,1.7229927201232798,12.772995377012593,0.0,0.002656889313991179,0.0013284446569955895,0.0,0.0,0.0,0.0,0.0,0.0,0.0,0.0,0.0,0.0,0.0
SL1979,85.04569029389972,11.786860953321808,0.6452210422326501,2.374042973573722,0.0,0.0,0.11422573474932082,0.0,0.0,0.0,0.0,0.033959002222771054,0.0,0.0,0.0,0.0,0.0,0.0
SL1980,73.33606110201855,18.018860572052063,1.07746863066012,7.501363884342608,0.06624581092666199,0.0,0.0,0.0,0.0,0.0,0.0,0.0,0.0,0.0,0.0,0.0,0.0,0.0
SL1981,62.70768756858744,8.792668604763097,2.6684122369611676,25.8312315896883,0.0,0.0,0.0,0.0,0.0,0.0,0.0,0.0,0.0,0.0,0.0,0.0,0.0,0.0
SL1982,79.45552226469677,11.734166752763715,3.109825395185453,5.700485587354065,0.0,0.0,0.0,0.0,0.0,0.0,0.0,0.0,0.0,0.0,0.0,0.0,0.0,0.0
SL1983,94.69621513944223,3.610557768924303,0.0,1.651726427622842,0.0,0.0,0.04150066401062417,0.0,0.0,0.0,0.0,0.0,0.0,0.0,0.0,0.0,0.0,0.0
SL1984,83.32217012726055,16.406563965170797,0.23442732752846618,0.033489618218352314,0.0,0.0,0.0,0.0,0.003348961821835231,0.0,0.0,0.0,0.0,0.0,0.0,0.0,0.0,0.0
SL1985,88.43057515146485,11.295543198605694,0.008299443937256203,0.2655822059921985,0.0,0.0,0.0,0.0,0.0,0.0,0.0,0.0,0.0,0.0,0.0,0.0,0.0,0.0
SL1986,87.09056384830424,7.476660161400917,0.5643757582150958,4.454348858062134,0.0,0.41405137401761694,0.0,0.0,0.0,0.0,0.0,0.0,0.0,0.0,0.0,0.0,0.0,0.0
SL1987,88.86968896117097,10.667818662329742,0.42183370603781256,0.038117503557633665,0.0,0.0,0.0,0.0,0.002541166903842244,0.0,0.0,0.0,0.0,0.0,0.0,0.0,0.0,0.0
SL1988,55.831719388853024,43.54422207876049,0.0,0.6240585323864859,0.0,0.0,0.0,0.0,0.0,0.0,0.0,0.0,0.0,0.0,0.0,0.0,0.0,0.0
SL1989,63.31157558502882,21.623498368168878,0.6110686757864037,14.453857371015902,0.0,0.0,0.0,0.0,0.0,0.0,0.0,0.0,0.0,0.0,0.0,0.0,0.0,0.0
SL1990,80.88686056808119,10.792861521694707,5.585450582385396,2.734827327838703,0.0,0.0,0.0,0.0,0.0,0.0,0.0,0.0,0.0,0.0,0.0,0.0,0.0,0.0
SL1991,77.5947724119411,20.51425502394486,1.4255023944859688,0.4654701696280714,0.0,0.0,0.0,0.0,0.0,0.0,0.0,0.0,0.0,0.0,0.0,0.0,0.0,0.0
SL1992,73.98238910117959,10.043196544276459,11.617378302043528,4.34042199700947,0.0,0.01661405549094534,0.0,0.0,0.0,0.0,0.0,0.0,0.0,0.0,0.0,0.0,0.0,0.0
SL1993,7.042253521126761,92.95774647887323,0.0,0.0,0.0,0.0,0.0,0.0,0.0,0.0,0.0,0.0,0.0,0.0,0.0,0.0,0.0,0.0
SL1994,88.60291234216099,9.842879924707852,0.13986562442811953,1.4143421087030403,0.0,0.0,0.0,0.0,0.0,0.0,0.0,0.0,0.0,0.0,0.0,0.0,0.0,0.0
SL1995,45.88991338362671,50.092204526404025,0.005588153115395362,4.01229393685387,0.0,0.0,0.0,0.0,0.0,0.0,0.0,0.0,0.0,0.0,0.0,0.0,0.0,0.0
SL1996,72.69683611405614,26.566597846102336,0.2901623793315105,0.42408347748451536,0.011160091512750405,0.011160091512750405,0.0,0.0,0.0,0.0,0.0,0.0,0.0,0.0,0.0,0.0,0.0,0.0
SL1997,83.28026074251676,11.643502041733788,1.1089049563555988,3.9673322593938485,0.0,0.0,0.0,0.0,0.0,0.0,0.0,0.0,0.0,0.0,0.0,0.0,0.0,0.0
SL1998,78.69909710705731,10.963700018426387,5.752103679135188,4.578957066519256,0.0,0.003071064430931761,0.003071064430931761,0.0,0.0,0.0,0.0,0.0,0.0,0.0,0.0,0.0,0.0,0.0
SL1999,79.73800612453215,18.969037087444708,0.0,1.2929567880231372,0.0,0.0,0.0,0.0,0.0,0.0,0.0,0.0,0.0,0.0,0.0,0.0,0.0,0.0
SL2000,78.57837806902077,15.807245464430837,0.4177874434842328,5.024895553139129,0.0,0.1659703542608596,0.0,0.0,0.0,0.0,0.0057231156641675725,0.0,0.0,0.0,0.0,0.0,0.0,0.0
SL2001,87.57698663061439,7.490861749536829,0.8111762054979721,4.120975414350808,0.0,0.0,0.0,0.0,0.0,0.0,0.0,0.0,0.0,0.0,0.0,0.0,0.0,0.0
SL2002,90.47751179275029,8.165375980627097,1.1830587997881088,0.1740534268344979,0.0,0.0,0.0,0.0,0.0,0.0,0.0,0.0,0.0,0.0,0.0,0.0,0.0,0.0
SL2003,82.0438754001093,9.32937778124756,3.3570145991100007,5.261925208837536,0.0,0.007807010695604653,0.0,0.0,0.0,0.0,0.0,0.0,0.0,0.0,0.0,0.0,0.0,0.0
SL2004,62.75167785234899,15.969206474536124,0.0,21.279115673114884,0.0,0.0,0.0,0.0,0.0,0.0,0.0,0.0,0.0,0.0,0.0,0.0,0.0,0.0
SL2005,68.78885068112683,22.991337124718953,2.3889035841819863,5.733368602036768,0.026451527575717497,0.0,0.06612881893929375,0.0,0.0,0.004959661420447031,0.0,0.0,0.0,0.0,0.0,0.0,0.0,0.0
SL2006,76.80354427031673,16.226939099385042,0.04959333465582226,6.648813066190571,0.0,0.0,0.1934140051577068,0.06943066851815116,0.0,0.0,0.0,0.0,0.0,0.0,0.008265555775970376,0.0,0.0,0.0
SL2007,7.6923076923076925,80.76923076923077,7.6923076923076925,3.8461538461538463,0.0,0.0,0.0,0.0,0.0,0.0,0.0,0.0,0.0,0.0,0.0,0.0,0.0,0.0
SL2008,24.8738138501918,3.880476478901676,0.0,71.24570967090652,0.0,0.0,0.0,0.0,0.0,0.0,0.0,0.0,0.0,0.0,0.0,0.0,0.0,0.0
SL2009,23.997606223818075,73.4590065828845,1.436265709156194,1.107121484141233,0.0,0.0,0.0,0.0,0.0,0.0,0.0,0.0,0.0,0.0,0.0,0.0,0.0,0.0
SL2010,16.25,80.0,3.75,0.0,0.0,0.0,0.0,0.0,0.0,0.0,0.0,0.0,0.0,0.0,0.0,0.0,0.0,0.0
SL2011,35.1063829787234,39.8936170212766,0.0,25.0,0.0,0.0,0.0,0.0,0.0,0.0,0.0,0.0,0.0,0.0,0.0,0.0,0.0,0.0
SL2012,47.41131602319628,41.05846089546001,10.192779896557129,1.3269944099054385,0.0,0.005224387440572593,0.0,0.0,0.0,0.0,0.0,0.005224387440572593,0.0,0.0,0.0,0.0,0.0,0.0
SL2013,80.66569047082676,6.4091011489074114,0.11263798152737103,12.812570398738455,0.0,0.0,0.0,0.0,0.0,0.0,0.0,0.0,0.0,0.0,0.0,0.0,0.0,0.0
SL2014,75.23020257826887,24.276140781665642,0.39134438305709024,0.09975445058317986,0.0,0.0,0.0,0.0,0.0,0.0,0.0,0.0,0.0,0.00255780642520974,0.0,0.0,0.0,0.0
SL2015,51.62919424788861,11.007760785208857,6.56813512896599,30.794909837936544,0.0,0.0,0.0,0.0,0.0,0.0,0.0,0.0,0.0,0.0,0.0,0.0,0.0,0.0
SL2016,71.4714438266377,15.925912287807932,4.518172110321464,8.084471775232904,0.0,0.0,0.0,0.0,0.0,0.0,0.0,0.0,0.0,0.0,0.0,0.0,0.0,0.0
SL2017,91.47130874933077,8.527068901182693,0.0,0.0016223494865263875,0.0,0.0,0.0,0.0,0.0,0.0,0.0,0.0,0.0,0.0,0.0,0.0,0.0,0.0
SL2018,59.34910046492824,27.447611346944274,0.3503807021090223,12.445253015295465,0.4076544707229971,0.0,0.0,0.0,0.0,0.0,0.0,0.0,0.0,0.0,0.0,0.0,0.0,0.0
SL2019,33.16679269741817,3.2164848222966405,0.0,63.61672248028519,0.0,0.0,0.0,0.0,0.0,0.0,0.0,0.0,0.0,0.0,0.0,0.0,0.0,0.0
SL2020,77.73824406192904,12.337724781228964,0.0,9.914414847581499,0.0,0.0,0.0,0.0,0.0,0.0,0.009616309260505818,0.0,0.0,0.0,0.0,0.0,0.0,0.0
SL2021,46.348810636750805,22.675807624389737,2.5657006336345693,28.336968941518645,0.07271216370624285,0.0,0.0,0.0,0.0,0.0,0.0,0.0,0.0,0.0,0.0,0.0,0.0,0.0
SL2022,56.52173913043478,39.130434782608695,0.16722408026755853,4.1806020066889635,0.0,0.0,0.0,0.0,0.0,0.0,0.0,0.0,0.0,0.0,0.0,0.0,0.0,0.0
SL2023,14.736842105263158,52.84412955465587,0.0,32.388663967611336,0.0,0.010121457489878543,0.0,0.0,0.0,0.010121457489878543,0.0,0.010121457489878543,0.0,0.0,0.0,0.0,0.0,0.0
SL2024,59.485928318614484,12.965190199649497,11.064911858699015,16.480533315006358,0.0034363080306518677,0.0,0.0,0.0,0.0,0.0,0.0,0.0,0.0,0.0,0.0,0.0,0.0,0.0
SL2025,29.858869691791657,14.258591228403265,2.037845705967977,53.844693373837096,0.0,0.0,0.0,0.0,0.0,0.0,0.0,0.0,0.0,0.0,0.0,0.0,0.0,0.0
SLP2W,70.63007000777864,14.123791532392488,0.0,13.629292143571508,1.611290143349261,0.0055561729081009,0.0,0.0,0.0,0.0,0.0,0.0,0.0,0.0,0.0,0.0,0.0,0.0
SLPW1B,13.493300093487068,85.73387348083516,0.0,0.6170146463072609,0.01869741352446245,0.0,0.06855718292302898,0.0,0.0062324711748208165,0.04985976939856653,0.0,0.0,0.0,0.012464942349641633,0.0,0.0,0.0,0.0
SLPW3A,30.99132995256012,67.18059872403076,0.0,1.1819074104367742,0.0,0.646163912972354,0.0,0.0,0.0,0.0,0.0,0.0,0.0,0.0,0.0,0.0,0.0,0.0
SLPW4A,19.624384236453203,79.61206896551724,0.0,0.7635467980295566,0.0,0.0,0.0,0.0,0.0,0.0,0.0,0.0,0.0,0.0,0.0,0.0,0.0,0.0
SLPW5X,69.13771648885172,27.667734236347687,0.0,3.1823096224067235,0.012239652393872013,0.0,0.0,0.0,0.0,0.0,0.0,0.0,0.0,0.0,0.0,0.0,0.0,0.0
SLPW6A,14.560906515580736,82.60623229461757,0.0,2.8328611898016995,0.0,0.0,0.0,0.0,0.0,0.0,0.0,0.0,0.0,0.0,0.0,0.0,0.0,0.0
SLPW7,16.449086161879894,82.63707571801567,0.0,0.9138381201044387,0.0,0.0,0.0,0.0,0.0,0.0,0.0,0.0,0.0,0.0,0.0,0.0,0.0,0.0
SLPW8,34.69387755102041,64.28571428571429,0.0,1.0204081632653061,0.0,0.0,0.0,0.0,0.0,0.0,0.0,0.0,0.0,0.0,0.0,0.0,0.0,0.0
