,Ascomycota,Basidiomycota,Unclassified,Anthophyta,Basidiobolomycota,Cercozoa,Mortierellomycota,Rozellomycota,Haplosporidia,Glomeromycota,Blastocladiomycota,Mucoromycota,Calcarisporiellomycota,Choanoflagellata,Eumycetozoa,Monilophyta,Streptophycophyta,Olpidiomycota,Nematoda,Chytridiomycota
SL1501,96.32626959800658,0.004410240578623564,3.669320161414805,0.0,0.0,0.0,0.0,0.0,0.0,0.0,0.0,0.0,0.0,0.0,0.0,0.0,0.0,0.0,0.0,0.0
SL1502,82.96181377752374,0.41098500313001823,2.539397403445742,14.087803815900493,0.0,0.0,0.0,0.0,0.0,0.0,0.0,0.0,0.0,0.0,0.0,0.0,0.0,0.0,0.0,0.0
SL1503,25.75766190936487,13.345084437368511,58.21913913686245,0.0,0.0,0.0,2.678114516404162,0.0,0.0,0.0,0.0,0.0,0.0,0.0,0.0,0.0,0.0,0.0,0.0,0.0
SL1504,85.68555595280658,7.271183410797283,4.866821594565606,0.4647836968180193,1.7116553450125134,0.0,0.0,0.0,0.0,0.0,0.0,0.0,0.0,0.0,0.0,0.0,0.0,0.0,0.0,0.0
SL1505,88.8557057529079,2.801791889342974,8.295347375039295,0.039295818924866395,0.0,0.0,0.0,0.0,0.00785916378497328,0.0,0.0,0.0,0.0,0.0,0.0,0.0,0.0,0.0,0.0,0.0
SL1506,78.18137641985058,3.589868189272915,12.658689181801616,5.570066209074895,0.0,0.0,0.0,0.0,0.0,0.0,0.0,0.0,0.0,0.0,0.0,0.0,0.0,0.0,0.0,0.0
SL1507,86.76265675801207,0.9637714816535068,10.40408732001858,1.8462610311193683,0.0,0.0,0.023223409196470042,0.0,0.0,0.0,0.0,0.0,0.0,0.0,0.0,0.0,0.0,0.0,0.0,0.0
SL1508,58.188884570540225,22.397979012825495,15.650991061018267,3.7621453556160125,0.0,0.0,0.0,0.0,0.0,0.0,0.0,0.0,0.0,0.0,0.0,0.0,0.0,0.0,0.0,0.0
SL1509,57.663171127063414,2.9177280095272753,38.92950478017797,0.48959608323133413,0.0,0.0,0.0,0.0,0.0,0.0,0.0,0.0,0.0,0.0,0.0,0.0,0.0,0.0,0.0,0.0
SL1510,77.46665735632986,12.925075064590462,6.438097898191467,3.1701696808882063,0.0,0.0,0.0,0.0,0.0,0.0,0.0,0.0,0.0,0.0,0.0,0.0,0.0,0.0,0.0,0.0
SL1511,70.18226002430134,6.087484811664641,21.71931956257594,2.01093560145808,0.0,0.0,0.0,0.0,0.0,0.0,0.0,0.0,0.0,0.0,0.0,0.0,0.0,0.0,0.0,0.0
SL1512,80.43629895720713,2.9470233320545463,6.779897464513654,2.470965716876504,7.247236075750706,0.0,0.11857845359746103,0.0,0.0,0.0,0.0,0.0,0.0,0.0,0.0,0.0,0.0,0.0,0.0,0.0
SL1513,90.44952640117222,2.221466324768434,6.7036474959443195,0.5939609608038097,0.0,0.0026165681092678843,0.0,0.0,0.028782249201946726,0.0,0.0,0.0,0.0,0.0,0.0,0.0,0.0,0.0,0.0,0.0
SL1514,81.93260930103035,4.525201893622946,8.936229462545253,4.603174603174603,0.0,0.0,0.0,0.0,0.0,0.0,0.00278473962684489,0.0,0.0,0.0,0.0,0.0,0.0,0.0,0.0,0.0
SL1515,76.92182277655499,7.434580582049401,14.265916687046548,1.3736039781527676,0.0,0.004075976196299014,0.0,0.0,0.0,0.0,0.0,0.0,0.0,0.0,0.0,0.0,0.0,0.0,0.0,0.0
SL1516,47.415668129869104,14.6676157709495,28.283307628425675,9.48313362597382,0.0,0.0,0.13841104124649029,0.0,0.011863803535413454,0.0,0.0,0.0,0.0,0.0,0.0,0.0,0.0,0.0,0.0,0.0
SL1517,89.51507208387942,4.316295325469637,5.784185233726518,0.3800786369593709,0.0,0.0,0.0,0.0,0.0,0.0,0.0,0.0,0.0,0.0,0.0,0.0,0.0,0.00436871996505024,0.0,0.0
SL1518,76.32796832416311,12.719185478479972,5.432714557515298,5.520131639841621,0.0,0.0,0.0,0.0,0.0,0.0,0.0,0.0,0.0,0.0,0.0,0.0,0.0,0.0,0.0,0.0
SL1519,37.73641729912059,59.04107938802554,3.222503312853873,0.0,0.0,0.0,0.0,0.0,0.0,0.0,0.0,0.0,0.0,0.0,0.0,0.0,0.0,0.0,0.0,0.0
SL1520,92.31647682351908,0.25182278703405464,2.7407689379520366,4.690931451494832,0.0,0.0,0.0,0.0,0.0,0.0,0.0,0.0,0.0,0.0,0.0,0.0,0.0,0.0,0.0,0.0
SL1521,94.23870811073337,1.2354298203011171,4.398372996600291,0.0,0.0,0.07588635259834871,0.0,0.0,0.05160271976687712,0.0,0.0,0.0,0.0,0.0,0.0,0.0,0.0,0.0,0.0,0.0
SL1522,87.5731971713979,4.494154357384557,3.665430672907422,4.267217798310133,0.0,0.0,0.0,0.0,0.0,0.0,0.0,0.0,0.0,0.0,0.0,0.0,0.0,0.0,0.0,0.0
SL1523,74.70928871337819,13.896389717015,9.682051602228917,1.4063402375638003,0.3043688638456616,0.0,0.0,0.0,0.0,0.0,0.0,0.0,0.0,0.0,0.0,0.0,0.0,0.0,0.0015608659684392902,0.0
SL1524,75.39524284289988,9.104828372026777,13.719555618857713,1.7732516735507762,0.0,0.0,0.007121492664862555,0.0,0.0,0.0,0.0,0.0,0.0,0.0,0.0,0.0,0.0,0.0,0.0,0.0
SL1525,92.66421392677674,1.2316044508255564,5.675699928212491,0.26022972002871503,0.16825197415649676,0.0,0.0,0.0,0.0,0.0,0.0,0.0,0.0,0.0,0.0,0.0,0.0,0.0,0.0,0.0
SL1526,78.70964998086166,0.22540722153702208,6.460256028579934,14.596180836133202,0.0,0.0,0.0,0.0,0.0,0.0,0.0,0.0,0.0,0.0,0.0,0.0,0.004252966444094756,0.0,0.004252966444094756,0.0
SL1527,97.37348649487737,0.01034875297526648,2.0159370795819105,0.6002276725654558,0.0,0.0,0.0,0.0,0.0,0.0,0.0,0.0,0.0,0.0,0.0,0.0,0.0,0.0,0.0,0.0
SL1528,69.58428345904227,10.050868268724786,10.787581126118225,0.5086826872478513,9.068584458866866,0.0,0.0,0.0,0.0,0.0,0.0,0.0,0.0,0.0,0.0,0.0,0.0,0.0,0.0,0.0
SL1529,81.32054621517089,10.178388191648907,7.774883574078459,0.46965032757123687,0.10655931802036467,0.07498618675507143,0.0,0.0,0.06709290393874813,0.0,0.0,0.0,0.0,0.0,0.0,0.0039466414081616545,0.0,0.0,0.0039466414081616545,0.0
SL1530,91.43869782095038,3.3210816487267,5.24022053032292,0.0,0.0,0.0,0.0,0.0,0.0,0.0,0.0,0.0,0.0,0.0,0.0,0.0,0.0,0.0,0.0,0.0
SL1531,85.61547382372432,0.42660702451954935,13.498177601060306,0.45974155069582506,0.0,0.0,0.0,0.0,0.0,0.0,0.0,0.0,0.0,0.0,0.0,0.0,0.0,0.0,0.0,0.0
SL1532,77.9799971827018,8.868854768277222,11.652345400760671,1.4959853500493028,0.0,0.0,0.0,0.0,0.0,0.0,0.0,0.0,0.0,0.0,0.0,0.0,0.0,0.002817298211015636,0.0,0.0
SL1533,92.90136750296112,1.7174545062991278,4.288252395822117,1.0929255949176269,0.0,0.0,0.0,0.0,0.0,0.0,0.0,0.0,0.0,0.0,0.0,0.0,0.0,0.0,0.0,0.0
SL1534,87.77141464603388,4.929937857926161,7.298647496039966,0.0,0.0,0.0,0.0,0.0,0.0,0.0,0.0,0.0,0.0,0.0,0.0,0.0,0.0,0.0,0.0,0.0
SL1535,39.22495549913916,53.0129271353118,7.397356211152937,0.3647611543961014,0.0,0.0,0.0,0.0,0.0,0.0,0.0,0.0,0.0,0.0,0.0,0.0,0.0,0.0,0.0,0.0
SL1536,23.85290148448043,54.824561403508774,13.49527665317139,7.827260458839406,0.0,0.0,0.0,0.0,0.0,0.0,0.0,0.0,0.0,0.0,0.0,0.0,0.0,0.0,0.0,0.0
SL1537,80.46258323411386,13.546765445164704,5.435022269259602,0.0,0.0,0.412312034219694,0.0,0.0,0.1433170172421396,0.0,0.0,0.0,0.0,0.0,0.0,0.0,0.0,0.0,0.0,0.0
SL1538,83.7004826300951,6.001815836001338,10.29770153390357,0.0,0.0,0.0,0.0,0.0,0.0,0.0,0.0,0.0,0.0,0.0,0.0,0.0,0.0,0.0,0.0,0.0
SL1539,78.7786784292384,9.65542920974995,11.565892361011658,0.0,0.0,0.0,0.0,0.0,0.0,0.0,0.0,0.0,0.0,0.0,0.0,0.0,0.0,0.0,0.0,0.0
SL1540,8.189655172413794,2.586206896551724,89.22413793103448,0.0,0.0,0.0,0.0,0.0,0.0,0.0,0.0,0.0,0.0,0.0,0.0,0.0,0.0,0.0,0.0,0.0
SL1541,10.99810060658048,84.65167575516206,2.354839368502747,1.9953842697547128,0.0,0.0,0.0,0.0,0.0,0.0,0.0,0.0,0.0,0.0,0.0,0.0,0.0,0.0,0.0,0.0
SL1542,91.5581674729699,2.6104743660508456,4.230656839507776,1.6007013214714763,0.0,0.0,0.0,0.0,0.0,0.0,0.0,0.0,0.0,0.0,0.0,0.0,0.0,0.0,0.0,0.0
SL1543,30.36976446653663,67.1113068646574,2.518928668805973,0.0,0.0,0.0,0.0,0.0,0.0,0.0,0.0,0.0,0.0,0.0,0.0,0.0,0.0,0.0,0.0,0.0
SL1544,94.34774760836493,0.8638250689770764,3.194863464067456,0.4873520538407983,1.1062118047497487,0.0,0.0,0.0,0.0,0.0,0.0,0.0,0.0,0.0,0.0,0.0,0.0,0.0,0.0,0.0
SL1545,83.6697703289882,8.811918063314712,6.847920546244569,0.0223463687150838,0.4941030415890751,0.09435133457479826,0.0,0.0,0.0595903165735568,0.0,0.0,0.0,0.0,0.0,0.0,0.0,0.0,0.0,0.0,0.0
SL1546,73.48650008385042,18.40684219352675,7.992621163843703,0.0,0.0,0.11403655877913801,0.0,0.0,0.0,0.0,0.0,0.0,0.0,0.0,0.0,0.0,0.0,0.0,0.0,0.0
SL1547,89.92503554349231,2.6366808840635905,7.438283572444099,0.0,0.0,0.0,0.0,0.0,0.0,0.0,0.0,0.0,0.0,0.0,0.0,0.0,0.0,0.0,0.0,0.0
SL1548,18.366390754333906,0.6715602061533656,79.7751054193347,1.0620021864750897,0.10932375449008278,0.015617679212868968,0.0,0.0,0.0,0.0,0.0,0.0,0.0,0.0,0.0,0.0,0.0,0.0,0.0,0.0
SL1549,79.4070351758794,2.8542713567839195,5.584589614740368,9.55108877721943,2.6030150753768844,0.0,0.0,0.0,0.0,0.0,0.0,0.0,0.0,0.0,0.0,0.0,0.0,0.0,0.0,0.0
SL1550,58.514677769921704,14.156650168905648,6.096315500039281,0.0,21.088328488752715,0.0,0.0,0.1440280723806531,0.0,0.0,0.0,0.0,0.0,0.0,0.0,0.0,0.0,0.0,0.0,0.0
SL1551,89.16270882460394,2.500913348168322,3.430867846823209,0.0,4.785944402006045,0.0,0.1195655783984855,0.0,0.0,0.0,0.0,0.0,0.0,0.0,0.0,0.0,0.0,0.0,0.0,0.0
SL1552,60.563380281690144,30.985915492957748,8.450704225352112,0.0,0.0,0.0,0.0,0.0,0.0,0.0,0.0,0.0,0.0,0.0,0.0,0.0,0.0,0.0,0.0,0.0
SL1553,61.633281972265024,28.07395993836672,10.29275808936826,0.0,0.0,0.0,0.0,0.0,0.0,0.0,0.0,0.0,0.0,0.0,0.0,0.0,0.0,0.0,0.0,0.0
SL1554,80.14207297384566,1.6709719082983532,15.902486277042298,1.6063932838230546,0.45205037132709075,0.0,0.0,0.0,0.21795285760413302,0.008072328059412335,0.0,0.0,0.0,0.0,0.0,0.0,0.0,0.0,0.0,0.0
SL1555,90.71112163121767,4.619078213235046,4.66980015554729,0.0,0.0,0.0,0.0,0.0,0.0,0.0,0.0,0.0,0.0,0.0,0.0,0.0,0.0,0.0,0.0,0.0
SL1556,53.14942528735632,0.6206896551724138,46.206896551724135,0.0,0.0,0.01532567049808429,0.0,0.0,0.0,0.0,0.0,0.0,0.0,0.0,0.0,0.0,0.0,0.0,0.007662835249042145,0.0
SL1557,90.69170771756978,2.1038587848932675,6.824712643678161,0.0051313628899835794,0.18986042692939245,0.18472906403940886,0.0,0.0,0.0,0.0,0.0,0.0,0.0,0.0,0.0,0.0,0.0,0.0,0.0,0.0
SL1558,93.09598235429438,0.2719928551130597,4.247689413929823,1.9797290897035142,0.4046062869592281,0.0,0.0,0.0,0.0,0.0,0.0,0.0,0.0,0.0,0.0,0.0,0.0,0.0,0.0,0.0
SL1559,87.78652770865658,2.1985421118885213,4.247782429228022,5.76714775022688,0.0,0.0,0.0,0.0,0.0,0.0,0.0,0.0,0.0,0.0,0.0,0.0,0.0,0.0,0.0,0.0
SL1560,94.19263456090651,4.085284031608767,1.7146265096168183,0.0,0.0,0.0,0.007454897867899209,0.0,0.0,0.0,0.0,0.0,0.0,0.0,0.0,0.0,0.0,0.0,0.0,0.0
SL1561,69.1358024691358,15.449514300089012,7.701536437168621,0.0,6.8810712488873405,0.3367003367003367,0.14319439606795928,0.0,0.2941290297612137,0.011610356437942644,0.0,0.034831069313827935,0.011610356437942644,0.0,0.0,0.0,0.0,0.0,0.0,0.0
SL1562,73.09602115173793,8.763784097504352,10.988585799961308,7.1516089507964145,0.0,0.0,0.0,0.0,0.0,0.0,0.0,0.0,0.0,0.0,0.0,0.0,0.0,0.0,0.0,0.0
SL1563,65.27575791475556,2.4723123391878286,29.404855129209082,2.8414811500167803,0.0,0.005593466830741693,0.0,0.0,0.0,0.0,0.0,0.0,0.0,0.0,0.0,0.0,0.0,0.0,0.0,0.0
SL1564,71.68312996319969,15.039705597520822,13.219058686809994,0.05810575246949448,0.0,0.0,0.0,0.0,0.0,0.0,0.0,0.0,0.0,0.0,0.0,0.0,0.0,0.0,0.0,0.0
SL1565,90.01315755527463,3.1320141379221385,6.836768917210598,0.0,0.0,0.01805938959263177,0.0,0.0,0.0,0.0,0.0,0.0,0.0,0.0,0.0,0.0,0.0,0.0,0.0,0.0
SL1566,93.06967564145533,1.0240941421815066,5.693963430529178,0.0,0.0,0.21226678583398503,0.0,0.0,0.0,0.0,0.0,0.0,0.0,0.0,0.0,0.0,0.0,0.0,0.0,0.0
SL1567,78.36063652082173,0.8234914866805381,19.198194765993613,1.1634381502212583,0.4542390762828591,0.0,0.0,0.0,0.0,0.0,0.0,0.0,0.0,0.0,0.0,0.0,0.0,0.0,0.0,0.0
SL1568,86.28803031898094,3.8776011509983506,5.249675404428537,4.54609257114784,0.0,0.0,0.03860055444432747,0.0,0.0,0.0,0.0,0.0,0.0,0.0,0.0,0.0,0.0,0.0,0.0,0.0
SL1569,79.35440645114977,12.71804934076715,6.479864085568663,0.0,0.0023928597066354,0.71785791199062,0.0574286329592496,0.0,0.6628221387380058,0.0,0.0,0.0071785791199062,0.0,0.0,0.0,0.0,0.0,0.0,0.0,0.0
SL1570,85.75042508190603,2.8947041015220005,10.954671753825737,0.0,0.36909550864678803,0.0,0.03110355409944843,0.0,0.0,0.0,0.0,0.0,0.0,0.0,0.0,0.0,0.0,0.0,0.0,0.0
SL1571,86.47038667334405,7.019162339545059,5.461398560847677,1.0437808060307336,0.0,0.005271620232478453,0.0,0.0,0.0,0.0,0.0,0.0,0.0,0.0,0.0,0.0,0.0,0.0,0.0,0.0
SL1572,70.40140147764491,1.0472998705156524,28.55129865183944,0.0,0.0,0.0,0.0,0.0,0.0,0.0,0.0,0.0,0.0,0.0,0.0,0.0,0.0,0.0,0.0,0.0
SL1573,95.28137949471996,0.2998071304447457,3.76954952546451,0.0,0.649263849370787,0.0,0.0,0.0,0.0,0.0,0.0,0.0,0.0,0.0,0.0,0.0,0.0,0.0,0.0,0.0
SL1574,4.478566858605246,0.3838771593090211,95.13755598208573,0.0,0.0,0.0,0.0,0.0,0.0,0.0,0.0,0.0,0.0,0.0,0.0,0.0,0.0,0.0,0.0,0.0
SL1575,73.19156926254519,23.726705158897808,2.058395531145848,0.0,1.0233300474111628,0.0,0.0,0.0,0.0,0.0,0.0,0.0,0.0,0.0,0.0,0.0,0.0,0.0,0.0,0.0
SL1576,55.55713946305536,33.63506771204562,7.120456165359943,2.767878355904015,0.40152055119980995,0.0,0.5179377524352577,0.0,0.0,0.0,0.0,0.0,0.0,0.0,0.0,0.0,0.0,0.0,0.0,0.0
SL1577,87.38078622935566,7.574435915329146,4.1463130960688535,0.732728541521284,0.0,0.0,0.0,0.0,0.16573621772505234,0.0,0.0,0.0,0.0,0.0,0.0,0.0,0.0,0.0,0.0,0.0
SL1578,84.82798448972856,6.699117234551605,6.637241151720155,0.4248824354426202,0.9858922531144295,0.020625360943816517,0.05775101064268625,0.3465060638561175,0.0,0.0,0.0,0.0,0.0,0.0,0.0,0.0,0.0,0.0,0.0,0.0
SL1579,91.86536155497923,3.223737415990407,4.219303382693327,0.6804428455896706,0.0,0.01115480074737165,0.0,0.0,0.0,0.0,0.0,0.0,0.0,0.0,0.0,0.0,0.0,0.0,0.0,0.0
SL1580,89.57301496272353,1.1600020853970074,9.193994056618529,0.0,0.0,0.005213492518638236,0.06777540274229707,0.0,0.0,0.0,0.0,0.0,0.0,0.0,0.0,0.0,0.0,0.0,0.0,0.0
SL1581,93.23389431333105,0.5176389774790245,4.173004268681615,0.7212599970560817,1.1996467297973603,0.0,0.15455571365487464,0.0,0.0,0.0,0.0,0.0,0.0,0.0,0.0,0.0,0.0,0.0,0.0,0.0
SL1582,78.25052854122622,4.527836504580691,5.747885835095137,11.257928118393234,0.0,0.026427061310782242,0.0,0.0,0.0,0.0,0.1893939393939394,0.0,0.0,0.0,0.0,0.0,0.0,0.0,0.0,0.0
SL1583,80.78285181733457,7.805219012115564,8.597390493942218,2.814538676607642,0.0,0.0,0.0,0.0,0.0,0.0,0.0,0.0,0.0,0.0,0.0,0.0,0.0,0.0,0.0,0.0
SL1584,84.2524705132292,8.561409900268682,6.867343685960199,0.318775900541919,0.0,0.0,0.0,0.0,0.0,0.0,0.0,0.0,0.0,0.0,0.0,0.0,0.0,0.0,0.0,0.0
SL1585,79.85599870560634,14.497208963676078,5.048135264137206,0.0,0.15370924682469056,0.2831486125717984,0.0,0.0,0.06471968287355392,0.0,0.0,0.0,0.0,0.0,0.0,0.0,0.09707952431033087,0.0,0.0,0.0
SL1586,80.09734991887507,9.648458626284478,7.609518658734451,2.6446727961060033,0.0,0.0,0.0,0.0,0.0,0.0,0.0,0.0,0.0,0.0,0.0,0.0,0.0,0.0,0.0,0.0
SL1587,78.51721886730863,3.651868777542027,16.96588868940754,0.0,0.8609433654316958,0.0,0.0,0.0,0.0,0.004080300310102824,0.0,0.0,0.0,0.0,0.0,0.0,0.0,0.0,0.0,0.0
SL1588,9.382635608405277,0.5701254275940707,89.83547809089428,0.0,0.0,0.0,0.19547157517510996,0.0,0.01628929793125916,0.0,0.0,0.0,0.0,0.0,0.0,0.0,0.0,0.0,0.0,0.0
SL1589,92.54979709426598,0.7155912146463864,4.798488274836592,1.9330256187850439,0.0,0.0,0.0,0.0,0.0,0.0,0.0,0.0,0.0,0.0,0.0,0.0,0.0,0.0,0.003097797466001673,0.0
SL1590,93.68054588497424,0.49575268068514133,3.6401615373903358,0.0,1.0277120178248156,0.0,1.15582787912547,0.0,0.0,0.0,0.0,0.0,0.0,0.0,0.0,0.0,0.0,0.0,0.0,0.0
SL1591,62.17948717948718,0.4904232313870868,8.812171763978993,28.45227062094532,0.0,0.0,0.06564720420142107,0.0,0.0,0.0,0.0,0.0,0.0,0.0,0.0,0.0,0.0,0.0,0.0,0.0
SL1592,92.10526315789474,0.862617268246144,6.885037366830975,0.003975194784544443,0.14310701224359992,0.0,0.0,0.0,0.0,0.0,0.0,0.0,0.0,0.0,0.0,0.0,0.0,0.0,0.0,0.0
SL1593,83.96186028410196,6.102354543685542,7.9237205682039304,0.0,0.5059350068106635,0.6499318933644678,0.0,0.0,0.7472270869819031,0.0,0.0,0.0,0.0,0.0,0.0,0.0,0.10897061685152754,0.0,0.0,0.0
SL1594,81.1875384660473,4.633510155036488,14.120336449693736,0.0,0.0,0.0,0.05861492922247297,0.0,0.0,0.0,0.0,0.0,0.0,0.0,0.0,0.0,0.0,0.0,0.0,0.0
SL1595,89.94658565159548,2.3291832965985586,5.522130219812951,2.2021008319930107,0.0,0.0,0.0,0.0,0.0,0.0,0.0,0.0,0.0,0.0,0.0,0.0,0.0,0.0,0.0,0.0
SL1596,58.652535957607874,2.975018925056775,33.504920514761544,4.220287660862983,0.0,0.6472369417108251,0.0,0.0,0.0,0.0,0.0,0.0,0.0,0.0,0.0,0.0,0.0,0.0,0.0,0.0
SL1597,80.27503736920777,3.9601395117090186,5.819631290483309,9.945191828599901,0.0,0.0,0.0,0.0,0.0,0.0,0.0,0.0,0.0,0.0,0.0,0.0,0.0,0.0,0.0,0.0
SL1598,79.55591659897102,4.210668832927159,2.9989168697535877,13.156647711887354,0.0,0.0,0.07784998646087192,0.0,0.0,0.0,0.0,0.0,0.0,0.0,0.0,0.0,0.0,0.0,0.0,0.0
SL1599,91.37085588137613,3.508703381718014,4.405415437513431,0.7130716783558325,0.0,0.0,0.0,0.0,0.0,0.0,0.0,0.0,0.0,0.0,0.0,0.0,0.001953621036591322,0.0,0.0,0.0
SL1600,63.113244134186544,3.495249175877448,15.31413612565445,18.07252278456467,0.004847779716889665,0.0,0.0,0.0,0.0,0.0,0.0,0.0,0.0,0.0,0.0,0.0,0.0,0.0,0.0,0.0
SL1601,92.3267490255665,0.41619871837220057,3.9373720023782783,3.3196802536830283,0.0,0.0,0.0,0.0,0.0,0.0,0.0,0.0,0.0,0.0,0.0,0.0,0.0,0.0,0.0,0.0
SL1602,82.72717192437767,11.645506458945501,2.586350279980041,3.0077063813272717,0.0,0.03326495536951821,0.0,0.0,0.0,0.0,0.0,0.0,0.0,0.0,0.0,0.0,0.0,0.0,0.0,0.0
SL1603,66.45421516103208,1.0314674548925427,8.119342324034731,24.394975060040643,0.0,0.0,0.0,0.0,0.0,0.0,0.0,0.0,0.0,0.0,0.0,0.0,0.0,0.0,0.0,0.0
SL1604,33.80281690140845,18.309859154929576,43.66197183098591,1.408450704225352,0.0,2.816901408450704,0.0,0.0,0.0,0.0,0.0,0.0,0.0,0.0,0.0,0.0,0.0,0.0,0.0,0.0
SL1605,86.87982359426681,4.294377067254686,5.101984564498347,3.7127894156560086,0.0,0.008269018743109152,0.0,0.0,0.0,0.0,0.0,0.0,0.0,0.0,0.0,0.0,0.0,0.0,0.0027563395810363835,0.0
SL1606,83.43597244139949,4.156883876679112,3.652669258304145,8.754474423617259,0.0,0.0,0.0,0.0,0.0,0.0,0.0,0.0,0.0,0.0,0.0,0.0,0.0,0.0,0.0,0.0
SL1607,65.12980953949175,3.3673637411493496,3.5292826170481364,26.809923706021188,0.24150611998463142,0.0,0.9221142763049563,0.0,0.0,0.0,0.0,0.0,0.0,0.0,0.0,0.0,0.0,0.0,0.0,0.0
SL1608,97.6074450679943,0.06861003113839875,1.8911739352250936,0.43277096564220746,0.0,0.0,0.0,0.0,0.0,0.0,0.0,0.0,0.0,0.0,0.0,0.0,0.0,0.0,0.0,0.0
SL1609,52.92095183520825,6.405887142986398,6.372711644599933,34.29743342280665,0.0030159543987694905,0.0,0.0,0.0,0.0,0.0,0.0,0.0,0.0,0.0,0.0,0.0,0.0,0.0,0.0,0.0
SL1610,99.68654703616859,0.11177392508717152,0.20167903874424425,0.0,0.0,0.0,0.0,0.0,0.0,0.0,0.0,0.0,0.0,0.0,0.0,0.0,0.0,0.0,0.0,0.0
SL1611,10.618769983073161,1.9710362986646606,1.5760767350009404,85.52943389129209,0.0,0.30468309196915555,0.0,0.0,0.0,0.0,0.0,0.0,0.0,0.0,0.0,0.0,0.0,0.0,0.0,0.0
SL1612,95.62519635563933,1.916431039899466,2.3012880929940307,0.15708451146716934,0.0,0.0,0.0,0.0,0.0,0.0,0.0,0.0,0.0,0.0,0.0,0.0,0.0,0.0,0.0,0.0
SL1613,70.71141165813478,1.904400766816238,22.05860666961596,5.32558090543302,0.0,0.0,0.0,0.0,0.0,0.0,0.0,0.0,0.0,0.0,0.0,0.0,0.0,0.0,0.0,0.0
SL1614,96.10313901345292,2.977578475336323,0.9147982062780269,0.0,0.004484304932735426,0.0,0.0,0.0,0.0,0.0,0.0,0.0,0.0,0.0,0.0,0.0,0.0,0.0,0.0,0.0
SL1615,85.44684376503287,3.2791704527232883,7.944037628948634,3.3272756427387886,0.0,0.0,0.0,0.0,0.0,0.0,0.0,0.0026725105564166978,0.0,0.0,0.0,0.0,0.0,0.0,0.0,0.0
SL1616,59.478730752041606,5.787591922967538,6.833787023117864,27.899890301872993,0.0,0.0,0.0,0.0,0.0,0.0,0.0,0.0,0.0,0.0,0.0,0.0,0.0,0.0,0.0,0.0
SL1617,90.95918498109822,0.45492407253155637,8.585890946370219,0.0,0.0,0.0,0.0,0.0,0.0,0.0,0.0,0.0,0.0,0.0,0.0,0.0,0.0,0.0,0.0,0.0
SL1618,67.26271669849459,18.131990774038343,1.1706058877507999,13.434686639716277,0.0,0.0,0.0,0.0,0.0,0.0,0.0,0.0,0.0,0.0,0.0,0.0,0.0,0.0,0.0,0.0
SL1619,92.10777807273692,3.857180780461906,1.8900982213963367,2.1449429254048313,0.0,0.0,0.0,0.0,0.0,0.0,0.0,0.0,0.0,0.0,0.0,0.0,0.0,0.0,0.0,0.0
SL1620,70.25587368020545,9.02691905260154,20.698183201750215,0.0,0.009512032721392562,0.0,0.009512032721392562,0.0,0.0,0.0,0.0,0.0,0.0,0.0,0.0,0.0,0.0,0.0,0.0,0.0
SL1621,88.29176667014505,5.509756861108213,5.303662736095169,0.0,0.1643535427319211,0.0,0.0,0.0,0.0,0.0,0.7304601899196493,0.0,0.0,0.0,0.0,0.0,0.0,0.0,0.0,0.0
SL1622,94.27790588436245,1.4113075412076181,2.7948586557349047,1.515927918695021,0.0,0.0,0.0,0.0,0.0,0.0,0.0,0.0,0.0,0.0,0.0,0.0,0.0,0.0,0.0,0.0
SL1623,95.5510616784631,1.8027571580063626,2.6461811635305432,0.0,0.0,0.0,0.0,0.0,0.0,0.0,0.0,0.0,0.0,0.0,0.0,0.0,0.0,0.0,0.0,0.0
SL1624,87.12647899887189,8.256158669360127,2.6602303434163233,1.957131988351654,0.0,0.0,0.0,0.0,0.0,0.0,0.0,0.0,0.0,0.0,0.0,0.0,0.0,0.0,0.0,0.0
SL1625,50.0,0.0,50.0,0.0,0.0,0.0,0.0,0.0,0.0,0.0,0.0,0.0,0.0,0.0,0.0,0.0,0.0,0.0,0.0,0.0
SL1626,78.28085106382979,15.761702127659575,4.153191489361702,1.804255319148936,0.0,0.0,0.0,0.0,0.0,0.0,0.0,0.0,0.0,0.0,0.0,0.0,0.0,0.0,0.0,0.0
SL1627,61.66065499366983,26.71093805986193,3.258247139478776,7.3406110407758645,0.0,1.0295487662136016,0.0,0.0,0.0,0.0,0.0,0.0,0.0,0.0,0.0,0.0,0.0,0.0,0.0,0.0
SL1628,83.5117773019272,4.0685224839400425,11.90578158458244,0.5139186295503212,0.0,0.0,0.0,0.0,0.0,0.0,0.0,0.0,0.0,0.0,0.0,0.0,0.0,0.0,0.0,0.0
SL1629,87.84330606973741,7.322427894963409,3.486870426173052,1.34739560912613,0.0,0.0,0.0,0.0,0.0,0.0,0.0,0.0,0.0,0.0,0.0,0.0,0.0,0.0,0.0,0.0
SL1630,69.50368746262707,23.173211082320112,5.744468806059398,1.5746462029101056,0.0,0.003986446083316724,0.0,0.0,0.0,0.0,0.0,0.0,0.0,0.0,0.0,0.0,0.0,0.0,0.0,0.0
SL1631,85.14152514152514,6.416916416916417,3.15018315018315,4.991674991674992,0.0,0.2997002997002997,0.0,0.0,0.0,0.0,0.0,0.0,0.0,0.0,0.0,0.0,0.0,0.0,0.0,0.0
SL1632,93.71428571428571,1.4677871148459383,4.817927170868347,0.0,0.0,0.0,0.0,0.0,0.0,0.0,0.0,0.0,0.0,0.0,0.0,0.0,0.0,0.0,0.0,0.0
SL1633,86.64490861618799,3.1070496083550916,8.381201044386422,1.866840731070496,0.0,0.0,0.0,0.0,0.0,0.0,0.0,0.0,0.0,0.0,0.0,0.0,0.0,0.0,0.0,0.0
SL1634,67.02683861972812,4.217497385848728,15.144649703729522,13.57615894039735,0.01742767514813524,0.0,0.0,0.0,0.0,0.0,0.01742767514813524,0.0,0.0,0.0,0.0,0.0,0.0,0.0,0.0,0.0
SL1635,81.9617042860766,6.987065686025868,5.275171189449658,3.6900836926198326,1.1539436976921127,0.9320314481359371,0.0,0.0,0.0,0.0,0.0,0.0,0.0,0.0,0.0,0.0,0.0,0.0,0.0,0.0
SL1636,76.9016234624079,16.859936000939435,3.566920118603764,2.6715204180489094,0.0,0.0,0.0,0.0,0.0,0.0,0.0,0.0,0.0,0.0,0.0,0.0,0.0,0.0,0.0,0.0
SL1637,90.0,0.9527622097678142,8.270616493194556,0.49639711769415534,0.28022417934347477,0.0,0.0,0.0,0.0,0.0,0.0,0.0,0.0,0.0,0.0,0.0,0.0,0.0,0.0,0.0
SL1638,63.37787375714221,17.78467629459666,15.112250866063796,0.3914158455931975,0.0,2.281009582939668,0.0,0.0,0.7018491024429747,0.0,0.2789400278940028,0.0,0.0,0.0,0.05398839249561344,0.0,0.017996130831871147,0.0,0.0,0.0
SL1639,76.10977733841736,8.812314644824177,5.093442545779786,9.982111754460293,0.0,0.0,0.0,0.0,0.0,0.0,0.0,0.0,0.0,0.0,0.0,0.002353716518382526,0.0,0.0,0.0,0.0
SL1640,96.4664636959129,0.249100470523111,2.878494326044838,0.0,0.0,0.4059415075191438,0.0,0.0,0.0,0.0,0.0,0.0,0.0,0.0,0.0,0.0,0.0,0.0,0.0,0.0
SL1641,77.02366127023662,12.254047322540472,10.722291407222913,0.0,0.0,0.0,0.0,0.0,0.0,0.0,0.0,0.0,0.0,0.0,0.0,0.0,0.0,0.0,0.0,0.0
SL1642,90.11669203450025,2.1207508878741756,6.56519533231862,1.1973617453069507,0.0,0.0,0.0,0.0,0.0,0.0,0.0,0.0,0.0,0.0,0.0,0.0,0.0,0.0,0.0,0.0
SL1643,77.32532461796661,13.669287165444748,6.169949651090893,2.831021994523452,0.0,0.0,0.0,0.0,0.0,0.0,0.004416570974295557,0.0,0.0,0.0,0.0,0.0,0.0,0.0,0.0,0.0
SL1644,0.0,0.0,100.0,0.0,0.0,0.0,0.0,0.0,0.0,0.0,0.0,0.0,0.0,0.0,0.0,0.0,0.0,0.0,0.0,0.0
SL1645,80.85567972553669,5.413586942811735,11.705052849322671,2.025680482328902,0.0,0.0,0.0,0.0,0.0,0.0,0.0,0.0,0.0,0.0,0.0,0.0,0.0,0.0,0.0,0.0
SL1646,94.92367337048704,1.1105726516436476,3.359987076972781,0.5451902108068815,0.0,0.0524997980776997,0.0,0.0,0.0080768920119538,0.0,0.0,0.0,0.0,0.0,0.0,0.0,0.0,0.0,0.0,0.0
SL1647,50.0,0.0,50.0,0.0,0.0,0.0,0.0,0.0,0.0,0.0,0.0,0.0,0.0,0.0,0.0,0.0,0.0,0.0,0.0,0.0
SL1648,96.38082065467958,0.4956201014292301,2.731673582295989,0.39188566159520516,0.0,0.0,0.0,0.0,0.0,0.0,0.0,0.0,0.0,0.0,0.0,0.0,0.0,0.0,0.0,0.0
SL1649,77.17194459399931,13.611668542900494,6.862121286280652,2.0997503793255348,0.2545151974940042,0.0,0.0,0.0,0.0,0.0,0.0,0.0,0.0,0.0,0.0,0.0,0.0,0.0,0.0,0.0
SL1650,81.56719864525068,6.481243906193873,6.055318930569097,5.89623851798635,0.0,0.0,0.0,0.0,0.0,0.0,0.0,0.0,0.0,0.0,0.0,0.0,0.0,0.0,0.0,0.0
SL1651,88.97096023474653,4.229484974198118,5.157003608890688,0.0,0.0,1.64255118216466,0.0,0.0,0.0,0.0,0.0,0.0,0.0,0.0,0.0,0.0,0.0,0.0,0.0,0.0
SL1652,88.9654120816285,8.531347683549772,2.4702025464433657,0.030496327733868712,0.0025413606444890592,0.0,0.0,0.0,0.0,0.0,0.0,0.0,0.0,0.0,0.0,0.0,0.0,0.0,0.0,0.0
SL1653,90.00181983621474,4.755232029117379,3.8908098271155596,1.3521383075523203,0.0,0.0,0.0,0.0,0.0,0.0,0.0,0.0,0.0,0.0,0.0,0.0,0.0,0.0,0.0,0.0
SL1654,81.35147225219062,14.309396626582112,3.0944925400626264,1.2314817251269636,0.0,0.0,0.0,0.0,0.0,0.0,0.0026313712075362473,0.0,0.0,0.010525484830144989,0.0,0.0,0.0,0.0,0.0,0.0
SL1655,100.0,0.0,0.0,0.0,0.0,0.0,0.0,0.0,0.0,0.0,0.0,0.0,0.0,0.0,0.0,0.0,0.0,0.0,0.0,0.0
SL1656,98.5324376664246,0.27233115468409586,1.1922052771725975,0.0030259017187121763,0.0,0.0,0.0,0.0,0.0,0.0,0.0,0.0,0.0,0.0,0.0,0.0,0.0,0.0,0.0,0.0
SL1657,96.2100296169871,1.024044977661764,1.6640730887003665,1.1018523166507705,0.0,0.0,0.0,0.0,0.0,0.0,0.0,0.0,0.0,0.0,0.0,0.0,0.0,0.0,0.0,0.0
SL1658,88.0021085925145,10.980495519240907,1.0173958882445968,0.0,0.0,0.0,0.0,0.0,0.0,0.0,0.0,0.0,0.0,0.0,0.0,0.0,0.0,0.0,0.0,0.0
SL1659,39.154748186809464,4.982037551684403,8.12716057750966,46.69897647936013,0.0,1.0370772046363452,0.0,0.0,0.0,0.0,0.0,0.0,0.0,0.0,0.0,0.0,0.0,0.0,0.0,0.0
SL1660,83.31603053435114,2.070229007633588,14.42442748091603,0.0,0.0,0.18931297709923664,0.0,0.0,0.0,0.0,0.0,0.0,0.0,0.0,0.0,0.0,0.0,0.0,0.0,0.0
SL1661,87.89336033071797,9.47720689558199,2.629432773700048,0.0,0.0,0.0,0.0,0.0,0.0,0.0,0.0,0.0,0.0,0.0,0.0,0.0,0.0,0.0,0.0,0.0
SL1662,76.6930693069307,16.465346534653467,2.7392739273927393,3.9405940594059405,0.1617161716171617,0.0,0.0,0.0,0.0,0.0,0.0,0.0,0.0,0.0,0.0,0.0,0.0,0.0,0.0,0.0
SL1663,96.02241060690505,1.7335953770789945,1.9301281863248365,0.3079991786688569,0.0,0.0,0.0,0.0,0.0,0.0,0.0,0.0,0.0,0.0,0.0,0.0,0.0,0.0,0.0,0.00586665102226394
SL1664,34.150805270863835,23.65788189360664,35.919960956564175,4.465592972181552,1.7935578330893118,0.0,0.0,0.0,0.0,0.0,0.012201073694485115,0.0,0.0,0.0,0.0,0.0,0.0,0.0,0.0,0.0
SL1665,83.5712667119873,13.66039731097515,1.0839187249792281,1.6844172520583125,0.0,0.0,0.0,0.0,0.0,0.0,0.0,0.0,0.0,0.0,0.0,0.0,0.0,0.0,0.0,0.0
SL1666,70.19211117923564,12.558757408542816,17.24913141222154,0.0,0.0,0.0,0.0,0.0,0.0,0.0,0.0,0.0,0.0,0.0,0.0,0.0,0.0,0.0,0.0,0.0
SL1667,61.439762290653704,31.692328471096705,6.665316045380875,0.2025931928687196,0.0,0.0,0.0,0.0,0.0,0.0,0.0,0.0,0.0,0.0,0.0,0.0,0.0,0.0,0.0,0.0
SL1668,80.68528127831316,9.208467177333004,4.217115558850177,5.889135985503665,0.0,0.0,0.0,0.0,0.0,0.0,0.0,0.0,0.0,0.0,0.0,0.0,0.0,0.0,0.0,0.0
SL1669,71.34075134956484,22.637435275972237,4.184201828798061,1.8376115456648672,0.0,0.0,0.0,0.0,0.0,0.0,0.0,0.0,0.0,0.0,0.0,0.0,0.0,0.0,0.0,0.0
SL1670,83.76034513118506,2.4520162000352173,4.428596583905617,9.359042084874098,0.0,0.0,0.0,0.0,0.0,0.0,0.0,0.0,0.0,0.0,0.0,0.0,0.0,0.0,0.0,0.0
SL1671,87.9922144033538,8.384488695912562,1.8016669162050207,1.8216299845286221,0.0,0.0,0.0,0.0,0.0,0.0,0.0,0.0,0.0,0.0,0.0,0.0,0.0,0.0,0.0,0.0
SL1672,68.83685023160062,15.70766855378281,6.44879053010808,8.980957282552753,0.0,0.0,0.02573340195573855,0.0,0.0,0.0,0.0,0.0,0.0,0.0,0.0,0.0,0.0,0.0,0.0,0.0
SL1673,74.00754636764627,16.94212680023383,3.4011797842376574,5.649147047882234,0.0,0.0,0.0,0.0,0.0,0.0,0.0,0.0,0.0,0.0,0.0,0.0,0.0,0.0,0.0,0.0
SL1674,94.3533090685395,1.753216793971395,3.8934741374891066,0.0,0.0,0.0,0.0,0.0,0.0,0.0,0.0,0.0,0.0,0.0,0.0,0.0,0.0,0.0,0.0,0.0
SL1675,74.56508568461139,16.68902544573308,8.27851826207374,0.46737060758178983,0.0,0.0,0.0,0.0,0.0,0.0,0.0,0.0,0.0,0.0,0.0,0.0,0.0,0.0,0.0,0.0
SL1676,74.87528896459423,0.10341890740966055,4.568682321450298,20.45260980654581,0.0,0.0,0.0,0.0,0.0,0.0,0.0,0.0,0.0,0.0,0.0,0.0,0.0,0.0,0.0,0.0
SL1677,61.82536546819439,3.3741604109047807,34.80047412090083,0.0,0.0,0.0,0.0,0.0,0.0,0.0,0.0,0.0,0.0,0.0,0.0,0.0,0.0,0.0,0.0,0.0
SL1678,74.63374144013281,18.775679601577092,2.9342187175762606,3.656360240713841,0.0,0.0,0.0,0.0,0.0,0.0,0.0,0.0,0.0,0.0,0.0,0.0,0.0,0.0,0.0,0.0
SL1679,92.6485788113695,0.45650301464254955,1.9552110249784669,4.939707149009474,0.0,0.0,0.0,0.0,0.0,0.0,0.0,0.0,0.0,0.0,0.0,0.0,0.0,0.0,0.0,0.0
SL1680,95.53433506529981,0.27032720123578147,3.8407527032720123,0.3545850301923887,0.0,0.0,0.0,0.0,0.0,0.0,0.0,0.0,0.0,0.0,0.0,0.0,0.0,0.0,0.0,0.0
SL1681,95.00270686711364,3.089992920501395,1.170199475284221,0.7371007371007371,0.0,0.0,0.0,0.0,0.0,0.0,0.0,0.0,0.0,0.0,0.0,0.0,0.0,0.0,0.0,0.0
SL1682,41.520976486619695,58.038328839407384,0.44069467397292045,0.0,0.0,0.0,0.0,0.0,0.0,0.0,0.0,0.0,0.0,0.0,0.0,0.0,0.0,0.0,0.0,0.0
SL1683,10.335195530726256,1.3966480446927374,87.70949720670392,0.5586592178770949,0.0,0.0,0.0,0.0,0.0,0.0,0.0,0.0,0.0,0.0,0.0,0.0,0.0,0.0,0.0,0.0
SL1684,86.52197213290461,8.681672025723472,1.7885852090032155,3.007770632368703,0.0,0.0,0.0,0.0,0.0,0.0,0.0,0.0,0.0,0.0,0.0,0.0,0.0,0.0,0.0,0.0
SL1685,51.289647070841205,36.534041575157055,5.822564993104857,6.35374636089688,0.0,0.0,0.0,0.0,0.0,0.0,0.0,0.0,0.0,0.0,0.0,0.0,0.0,0.0,0.0,0.0
SL1686,99.62471175149588,0.003014363441800178,0.37227388506232195,0.0,0.0,0.0,0.0,0.0,0.0,0.0,0.0,0.0,0.0,0.0,0.0,0.0,0.0,0.0,0.0,0.0
SL1687,95.50523023832632,1.1172220424889463,2.029548150544592,0.7505661598188289,0.0,0.0,0.5974334088213091,0.0,0.0,0.0,0.0,0.0,0.0,0.0,0.0,0.0,0.0,0.0,0.0,0.0
SL1688,58.417554402258034,31.803696622052264,4.170081034325777,5.426568332878085,0.009104980424292088,0.0,0.0,0.0,0.0,0.0,0.0,0.0,0.0,0.0,0.0,0.17299462806154967,0.0,0.0,0.0,0.0
SL1689,88.54345654345654,5.502497502497502,4.9710289710289715,0.971028971028971,0.0,0.0,0.0,0.0,0.0,0.0,0.0,0.0,0.0,0.0,0.0,0.011988011988011988,0.0,0.0,0.0,0.0
SL1690,97.68288323421403,0.13324233856553247,2.183874427220435,0.0,0.0,0.0,0.0,0.0,0.0,0.0,0.0,0.0,0.0,0.0,0.0,0.0,0.0,0.0,0.0,0.0
SL1691,88.0887116870172,4.950577290472631,3.089957637677548,3.866600215964781,0.004153168867846167,0.0,0.0,0.0,0.0,0.0,0.0,0.0,0.0,0.0,0.0,0.0,0.0,0.0,0.0,0.0
SL1692,94.77400009519125,0.2776411606987038,4.2820199584331515,0.6663387856768892,0.0,0.0,0.0,0.0,0.0,0.0,0.0,0.0,0.0,0.0,0.0,0.0,0.0,0.0,0.0,0.0
SL1693,70.81631827922209,13.223224032668904,9.794606396312618,1.9670076416124207,4.1968220595964905,0.0,0.0,0.0,0.0,0.0,0.0,0.0,0.0,0.0,0.0,0.0,0.0,0.0,0.002021590587474225,0.0
SL1694,44.97796037146403,20.096717593186973,17.5033166431292,15.73586682073009,1.0998416570377028,0.0,0.0,0.0,0.5862969144520049,0.0,0.0,0.0,0.0,0.0,0.0,0.0,0.0,0.0,0.0,0.0
SL1695,89.20508896116318,0.14826860531853836,7.8056246412856325,2.841017792232638,0.0,0.0,0.0,0.0,0.0,0.0,0.0,0.0,0.0,0.0,0.0,0.0,0.0,0.0,0.0,0.0
SL1696,36.10656920265461,30.604982206405694,27.28671732230451,5.992113109550832,0.0,0.0,0.0,0.0,0.009618159084351255,0.0,0.0,0.0,0.0,0.0,0.0,0.0,0.0,0.0,0.0,0.0
SL1697,69.8939518963357,4.58726811527765,24.763913083340974,0.0,0.0,0.0,0.0,0.0,0.0,0.0,0.0,0.7518107637297149,0.0,0.0,0.0,0.0,0.0,0.0,0.0030561413159744507,0.0
SL1698,75.71761571761571,9.93006993006993,13.35997335997336,0.8857808857808858,0.10656010656010656,0.0,0.0,0.0,0.0,0.0,0.0,0.0,0.0,0.0,0.0,0.0,0.0,0.0,0.0,0.0
SL1699,46.382454272989555,43.44416122797681,9.310663566846866,0.8515167642362959,0.0,0.0028010419876193945,0.0,0.0,0.0,0.0,0.0,0.005602083975238789,0.0,0.0,0.0,0.0,0.0,0.0,0.0028010419876193945,0.0
SL1700,60.758591187794096,21.952088977613005,15.948951946385284,1.297590189647797,0.007129616426636247,0.0,0.0,0.0,0.0,0.0,0.0,0.035648082133181234,0.0,0.0,0.0,0.0,0.0,0.0,0.0,0.0
SL1701,64.11141624166339,13.974107493134563,21.132470249771153,0.0,0.0,0.6904668497449981,0.0,0.0,0.0,0.0,0.09153916568588989,0.0,0.0,0.0,0.0,0.0,0.0,0.0,0.0,0.0
SL1702,63.84073672806067,6.608884073672806,14.41340349791054,14.5488314502399,0.0,0.027085590465872156,0.0,0.0,0.0,0.0,0.0,0.561058659650209,0.0,0.0,0.0,0.0,0.0,0.0,0.0,0.0
SL1703,75.58584775616481,6.965078878848216,16.131873181191608,1.3133711134936437,0.0,0.0038290703017307397,0.0,0.0,0.0,0.0,0.0,0.0,0.0,0.0,0.0,0.0,0.0,0.0,0.0,0.0
SL1704,78.3332842458693,12.638058492622154,8.439607692987364,0.5890495685211911,0.0,0.0,0.0,0.0,0.0,0.0,0.0,0.0,0.0,0.0,0.0,0.0,0.0,0.0,0.0,0.0
SL1705,87.68576784040701,0.5054224126389075,10.282501004150488,1.3991163475699557,0.0,0.0,0.003347168295621904,0.0,0.0,0.0,0.12384522693801045,0.0,0.0,0.0,0.0,0.0,0.0,0.0,0.0,0.0
SL1706,94.92666357881735,0.5311100818280068,3.8536359425660027,0.6885903967886368,0.0,0.0,0.0,0.0,0.0,0.0,0.0,0.0,0.0,0.0,0.0,0.0,0.0,0.0,0.0,0.0
SL1707,58.013630867318895,19.82521710453996,12.877871825876662,9.277783884797186,0.0,0.005496317467296911,0.0,0.0,0.0,0.0,0.0,0.0,0.0,0.0,0.0,0.0,0.0,0.0,0.0,0.0
SL1708,88.6336105951708,1.449567956068804,9.91480255188565,0.0,0.0,0.0,0.0,0.0,0.0,0.002018896874747638,0.0,0.0,0.0,0.0,0.0,0.0,0.0,0.0,0.0,0.0
SL1709,93.30420610978189,0.5339990984430806,6.095911786122959,0.06588300565206838,0.0,0.0,0.0,0.0,0.0,0.0,0.0,0.0,0.0,0.0,0.0,0.0,0.0,0.0,0.0,0.0
SL1710,78.53649476877361,0.8171856621061103,4.451185538290101,16.127035225654677,0.0,0.0,0.04333560329350585,0.0,0.0,0.0,0.0,0.0,0.0,0.0,0.024763201882003344,0.0,0.0,0.0,0.0,0.0
SL1711,59.900677912659624,16.49850228598455,23.009616900520257,0.5833201954910926,0.0,0.0,0.0,0.007882705344474224,0.0,0.0,0.0,0.0,0.0,0.0,0.0,0.0,0.0,0.0,0.0,0.0
SL1712,76.13814978971665,0.6414704258060862,12.294141803197439,10.926237981279826,0.0,0.0,0.0,0.0,0.0,0.0,0.0,0.0,0.0,0.0,0.0,0.0,0.0,0.0,0.0,0.0
SL1713,91.90036695207384,0.5315245190703881,7.565884576893139,0.002223951962637607,0.0,0.0,0.0,0.0,0.0,0.0,0.0,0.0,0.0,0.0,0.0,0.0,0.0,0.0,0.0,0.0
SL1714,94.34736025418407,0.35467543503158827,4.038127609265896,0.5357076883289614,0.0,0.7241290131894927,0.0,0.0,0.0,0.0,0.0,0.0,0.0,0.0,0.0,0.0,0.0,0.0,0.0,0.0
SL1715,31.89567604667124,57.070693205216195,5.46328071379547,2.017844886753603,0.0,0.008236101578586136,3.5360329444063145,0.0,0.0,0.0,0.0,0.0,0.0,0.0,0.0,0.008236101578586136,0.0,0.0,0.0,0.0
SL1716,45.560991258320634,2.8069612639345576,31.020931911139627,20.607105621942416,0.0,0.0,0.0,0.0,0.0040099446627636535,0.0,0.0,0.0,0.0,0.0,0.0,0.0,0.0,0.0,0.0,0.0
SL1717,76.76777140180349,16.188078229300856,6.147089823164305,0.8970605457313503,0.0,0.0,0.0,0.0,0.0,0.0,0.0,0.0,0.0,0.0,0.0,0.0,0.0,0.0,0.0,0.0
SL1718,90.37282173520632,0.09719747286570549,9.495267408761658,0.0,0.0,0.0,0.0,0.0,0.009256902177686238,0.0,0.0,0.02545648098863715,0.0,0.0,0.0,0.0,0.0,0.0,0.0,0.0
SL1719,37.27935204145837,33.68148902337181,9.532907004678938,19.147037625982406,0.0,0.0,0.35921430450848274,0.0,0.0,0.0,0.0,0.0,0.0,0.0,0.0,0.0,0.0,0.0,0.0,0.0
SL1720,93.47528969000693,1.9055164900465484,4.619193819946519,0.0,0.0,0.0,0.0,0.0,0.0,0.0,0.0,0.0,0.0,0.0,0.0,0.0,0.0,0.0,0.0,0.0
SL1721,13.333333333333334,0.0,84.0,2.6666666666666665,0.0,0.0,0.0,0.0,0.0,0.0,0.0,0.0,0.0,0.0,0.0,0.0,0.0,0.0,0.0,0.0
SL1722,89.55930006480881,0.6848131345863038,9.745085331605098,0.0,0.0,0.01080146899978397,0.0,0.0,0.0,0.0,0.0,0.0,0.0,0.0,0.0,0.0,0.0,0.0,0.0,0.0
SL1723,72.95169946332737,0.41741204531902204,25.99880739415623,0.569469290399523,0.0,0.0626118067978533,0.0,0.0,0.0,0.0,0.0,0.0,0.0,0.0,0.0,0.0,0.0,0.0,0.0,0.0
SL1724,45.29343404997095,34.22428820453225,19.62314269112642,0.8508342325890264,0.0,0.0,0.0,0.0,0.008300821781356355,0.0,0.0,0.0,0.0,0.0,0.0,0.0,0.0,0.0,0.0,0.0
SL1725,95.65217391304348,0.0,4.3478260869565215,0.0,0.0,0.0,0.0,0.0,0.0,0.0,0.0,0.0,0.0,0.0,0.0,0.0,0.0,0.0,0.0,0.0
SL1726,19.31150293870697,71.8303946263644,8.606213266162888,0.2518891687657431,0.0,0.0,0.0,0.0,0.0,0.0,0.0,0.0,0.0,0.0,0.0,0.0,0.0,0.0,0.0,0.0
SL1727,64.52250019363333,21.373247618309968,10.831848811091318,3.237549376500658,0.0,0.0,0.0,0.0,0.0,0.0,0.0,0.03485400046472001,0.0,0.0,0.0,0.0,0.0,0.0,0.0,0.0
SL1728,88.28598597408772,3.506478069654107,8.195649589920361,0.0,0.0,0.011886366337810532,0.0,0.0,0.0,0.0,0.0,0.0,0.0,0.0,0.0,0.0,0.0,0.0,0.0,0.0
SL1729,89.30272845387614,1.93085029594341,8.059044319330157,0.7001587989028439,0.0,0.0,0.0,0.0,0.0,0.0,0.007218131947452,0.0,0.0,0.0,0.0,0.0,0.0,0.0,0.0,0.0
SL1730,72.5357385976855,3.0190605854322667,24.40776038121171,0.0,0.0,0.01701837985023826,0.02042205582028591,0.0,0.0,0.0,0.0,0.0,0.0,0.0,0.0,0.0,0.0,0.0,0.0,0.0
SL1731,76.34142794823325,3.0609277301148756,8.276380204546555,11.858368474625564,0.46289564247976345,0.0,0.0,0.0,0.0,0.0,0.0,0.0,0.0,0.0,0.0,0.0,0.0,0.0,0.0,0.0
SL1732,84.6823818990817,2.0022720817949446,12.699990532992521,0.615355486130834,0.0,0.0,0.0,0.0,0.0,0.0,0.0,0.0,0.0,0.0,0.0,0.0,0.0,0.0,0.0,0.0
SL1733,74.58904109589041,12.903055848261328,12.502634351949421,0.0,0.0,0.0,0.0,0.0,0.0,0.0,0.0,0.0,0.0,0.0,0.0,0.0,0.0,0.0,0.005268703898840885,0.0
SL1734,41.53297682709447,24.328675751825656,30.81478925881203,0.0,0.0,2.369041458225519,0.0,0.0,0.5807601633028578,0.0,0.2875050313380484,0.0,0.0,0.0,0.08625150940141453,0.0,0.0,0.0,0.0,0.0
SL1735,75.44026870007262,13.584785766158316,9.295570079883806,1.6793754538852579,0.0,0.0,0.0,0.0,0.0,0.0,0.0,0.0,0.0,0.0,0.0,0.0,0.0,0.0,0.0,0.0
SL1736,90.94397304716746,0.9764162715248316,8.079610681307711,0.0,0.0,0.0,0.0,0.0,0.0,0.0,0.0,0.0,0.0,0.0,0.0,0.0,0.0,0.0,0.0,0.0
SL1737,66.59187956864731,15.94653928735133,15.193843333092085,1.0976815999614002,0.0,1.170056210947866,0.0,0.0,0.0,0.0,0.0,0.0,0.0,0.0,0.0,0.0,0.0,0.0,0.0,0.0
SL1738,87.98310393379501,5.341800522973478,6.094652452515732,0.580443090715784,0.0,0.0,0.0,0.0,0.0,0.0,0.0,0.0,0.0,0.0,0.0,0.0,0.0,0.0,0.0,0.0
SL1739,84.35281407552218,1.620537092293446,13.494186644716535,0.5324621874678465,0.0,0.0,0.0,0.0,0.0,0.0,0.0,0.0,0.0,0.0,0.0,0.0,0.0,0.0,0.0,0.0
SL1740,77.89600654805497,3.149097488476285,18.356093568259165,0.551415155300909,0.0,0.008615861801576703,0.0,0.0,0.03877137810709516,0.0,0.0,0.0,0.0,0.0,0.0,0.0,0.0,0.0,0.0,0.0
SL1741,76.6382740611788,5.3407112658542655,17.54849539915444,0.47251927381248443,0.0,0.0,0.0,0.0,0.0,0.0,0.0,0.0,0.0,0.0,0.0,0.0,0.0,0.0,0.0,0.0
SL1742,72.39333391501614,13.240554925399179,11.412616700113428,2.3361835790943197,0.3533723060814938,0.0,0.2639385742954367,0.0,0.0,0.0,0.0,0.0,0.0,0.0,0.0,0.0,0.0,0.0,0.0,0.0
SL1743,10.666666666666666,1.3333333333333333,86.66666666666667,1.3333333333333333,0.0,0.0,0.0,0.0,0.0,0.0,0.0,0.0,0.0,0.0,0.0,0.0,0.0,0.0,0.0,0.0
SL1744,91.07287849195725,1.2245166670324124,5.503741578704822,2.198863262305515,0.0,0.0,0.0,0.0,0.0,0.0,0.0,0.0,0.0,0.0,0.0,0.0,0.0,0.0,0.0,0.0
SL1745,90.77277584825006,0.11020571733903287,9.1170184344109,0.0,0.0,0.0,0.0,0.0,0.0,0.0,0.0,0.0,0.0,0.0,0.0,0.0,0.0,0.0,0.0,0.0
SL1746,94.57687723480333,0.5810488676996425,4.256058800158919,0.5860150973381009,0.0,0.0,0.0,0.0,0.0,0.0,0.0,0.0,0.0,0.0,0.0,0.0,0.0,0.0,0.0,0.0
SL1747,60.7685009487666,0.6557651523607545,28.05000558098002,10.525728317892622,0.0,0.0,0.0,0.0,0.0,0.0,0.0,0.0,0.0,0.0,0.0,0.0,0.0,0.0,0.0,0.0
SL1748,80.40320274521018,11.850157277666572,7.746639977123248,0.0,0.0,0.0,0.0,0.0,0.0,0.0,0.0,0.0,0.0,0.0,0.0,0.0,0.0,0.0,0.0,0.0
SL1749,89.72955569864777,2.519317450096587,7.74307791371539,0.008048937540244688,0.0,0.0,0.0,0.0,0.0,0.0,0.0,0.0,0.0,0.0,0.0,0.0,0.0,0.0,0.0,0.0
SL1750,93.01675977653632,1.7877094972067038,5.195530726256983,0.0,0.0,0.0,0.0,0.0,0.0,0.0,0.0,0.0,0.0,0.0,0.0,0.0,0.0,0.0,0.0,0.0
SL1751,17.142857142857142,2.857142857142857,77.14285714285714,2.857142857142857,0.0,0.0,0.0,0.0,0.0,0.0,0.0,0.0,0.0,0.0,0.0,0.0,0.0,0.0,0.0,0.0
SL1752,88.59613471052373,1.2571300435861141,4.75803399997197,5.388701245918181,0.0,0.0,0.0,0.0,0.0,0.0,0.0,0.0,0.0,0.0,0.0,0.0,0.0,0.0,0.0,0.0
SL1753,78.38677746829032,13.535600009207892,6.535300752745102,1.5423217697566816,0.0,0.0,0.0,0.0,0.0,0.0,0.0,0.0,0.0,0.0,0.0,0.0,0.0,0.0,0.0,0.0
SL1754,86.2385065477849,2.3460573976037895,11.005851212036779,0.4095848425745333,0.0,0.0,0.0,0.0,0.0,0.0,0.0,0.0,0.0,0.0,0.0,0.0,0.0,0.0,0.0,0.0
SL1755,86.95726059988104,2.7699889540317786,8.798538533435297,1.474211912651882,0.0,0.0,0.0,0.0,0.0,0.0,0.0,0.0,0.0,0.0,0.0,0.0,0.0,0.0,0.0,0.0
SL1756,81.33869005934172,4.769451918469647,13.799712505989458,0.0,0.0,0.09214551619918175,0.0,0.0,0.0,0.0,0.0,0.0,0.0,0.0,0.0,0.0,0.0,0.0,0.0,0.0
SL1757,83.66623986342296,8.589415279556125,7.050789586000854,0.4844216816047802,0.012804097311139564,0.010670081092616303,0.0,0.0,0.0,0.0,0.0,0.0,0.0,0.1856594110115237,0.0,0.0,0.0,0.0,0.0,0.0
SL1758,81.92434772701378,4.386464623447647,11.760852227412556,1.9283354221260112,0.0,0.0,0.0,0.0,0.0,0.0,0.0,0.0,0.0,0.0,0.0,0.0,0.0,0.0,0.0,0.0
SL1759,14.462913990681274,3.2678503966754815,81.74033497040675,0.5100113335851908,0.0,0.012592872434202242,0.0,0.0,0.0,0.0,0.0,0.006296436217101121,0.0,0.0,0.0,0.0,0.0,0.0,0.0,0.0
SL1760,68.58242253059888,10.409758893118834,21.007818576282286,0.0,0.0,0.0,0.0,0.0,0.0,0.0,0.0,0.0,0.0,0.0,0.0,0.0,0.0,0.0,0.0,0.0
SL1761,80.25511559925592,1.5014615997874037,13.938347063513154,3.9795376029763485,0.0,0.32553813446718044,0.0,0.0,0.0,0.0,0.0,0.0,0.0,0.0,0.0,0.0,0.0,0.0,0.0,0.0
SL1762,59.55521128483193,5.613877734064456,29.07841898200053,5.728030658213914,0.0,0.024461340889169743,0.0,0.0,0.0,0.0,0.0,0.0,0.0,0.0,0.0,0.0,0.0,0.0,0.0,0.0
SL1763,74.78891130538743,2.645146828065456,13.96921467533438,8.592991108122245,0.0,0.0,0.0,0.0,0.0,0.0,0.0,0.0,0.0,0.0,0.0,0.0037360830904879325,0.0,0.0,0.0,0.0
SL1764,65.46317484532588,0.38138825324180015,33.54521569624544,0.6102212051868803,0.0,0.0,0.0,0.0,0.0,0.0,0.0,0.0,0.0,0.0,0.0,0.0,0.0,0.0,0.0,0.0
SL1765,73.30102058231218,0.6894903915076629,24.405229204355393,1.5359934464279619,0.0,0.00682663753967983,0.061439737857118475,0.0,0.0,0.0,0.0,0.0,0.0,0.0,0.0,0.0,0.0,0.0,0.0,0.0
SL1766,78.61868037703513,7.636675235646958,12.798628963153385,0.9288774635818338,0.0,0.013710368466152529,0.0,0.0,0.003427592116538132,0.0,0.0,0.0,0.0,0.0,0.0,0.0,0.0,0.0,0.0,0.0
SL1767,90.98373598610453,2.03431759566293,6.687194062845413,0.29475235538712563,0.0,0.0,0.0,0.0,0.0,0.0,0.0,0.0,0.0,0.0,0.0,0.0,0.0,0.0,0.0,0.0
SL1768,89.75506703758707,1.4202346838461377,5.689305360915309,3.135392917651488,0.0,0.0,0.0,0.0,0.0,0.0,0.0,0.0,0.0,0.0,0.0,0.0,0.0,0.0,0.0,0.0
SL1769,64.70035751075562,14.657940980427801,11.606980548991093,3.678119129855178,0.0,3.8629340119978184,0.0,0.0,1.490638065806217,0.0,0.003029752166272799,0.0,0.0,0.0,0.0,0.0,0.0,0.0,0.0,0.0
SL1770,71.222833202409,1.6398271798900235,9.230164964650433,17.907174653050536,0.0,0.0,0.0,0.0,0.0,0.0,0.0,0.0,0.0,0.0,0.0,0.0,0.0,0.0,0.0,0.0
SL1771,40.26567289775801,38.654805553885915,9.971749714491795,11.107771833864279,0.0,0.0,0.0,0.0,0.0,0.0,0.0,0.0,0.0,0.0,0.0,0.0,0.0,0.0,0.0,0.0
SL1772,74.93812159668782,12.069663831510733,10.076054182980064,2.9161603888213854,0.0,0.0,0.0,0.0,0.0,0.0,0.0,0.0,0.0,0.0,0.0,0.0,0.0,0.0,0.0,0.0
SL1773,14.592480242675821,6.481998882413985,78.91753811766584,0.0,0.0,0.0,0.0,0.0,0.0039913786221761,0.0,0.0,0.0039913786221761,0.0,0.0,0.0,0.0,0.0,0.0,0.0,0.0
SL1774,54.39611598829476,13.949853684490556,26.386671987230645,0.0,4.050279329608938,1.2137536578877361,0.0,0.0,0.0,0.0,0.0,0.0,0.0,0.0033253524873636604,0.0,0.0,0.0,0.0,0.0,0.0
SL1775,63.79101439441671,0.571899384481171,5.219793534628993,30.233121698250375,0.0,0.0,0.18417098822274997,0.0,0.0,0.0,0.0,0.0,0.0,0.0,0.0,0.0,0.0,0.0,0.0,0.0
SL1776,7.7588360184838265,83.870363431997,8.37080054951917,0.0,0.0,0.0,0.0,0.0,0.0,0.0,0.0,0.0,0.0,0.0,0.0,0.0,0.0,0.0,0.0,0.0
SL1777,95.50546510045807,0.793686788516486,3.682706698716495,0.0,0.0,0.01814141230894825,0.0,0.0,0.0,0.0,0.0,0.0,0.0,0.0,0.0,0.0,0.0,0.0,0.0,0.0
SL1778,84.30135681980481,3.2301832896929303,10.842656510354677,1.5829564389431088,0.0,0.040466555582004286,0.0,0.0,0.0,0.0,0.0,0.0,0.0,0.0,0.0,0.0,0.0,0.0,0.00238038562247084,0.0
SL1779,50.24684794166793,37.93862980404071,10.671426401336776,0.041774267051496276,0.0,0.24684794166793256,0.0,0.0,0.5582561142336321,0.0,0.29621753000151907,0.0,0.0,0.0,0.0,0.0,0.0,0.0,0.0,0.0
SL1780,93.3763377803841,0.3723794165078434,4.899574842398476,1.3517079607095734,0.0,0.0,0.0,0.0,0.0,0.0,0.0,0.0,0.0,0.0,0.0,0.0,0.0,0.0,0.0,0.0
SL1781,73.20756032919515,12.330869019389036,11.926349560608173,0.0,0.0,2.528246617380388,0.0,0.0,0.0,0.0,0.006974473427256242,0.0,0.0,0.0,0.0,0.0,0.0,0.0,0.0,0.0
SL1782,79.63444997736532,4.447713897691263,11.040063377093707,4.877772747849706,0.0,0.0,0.0,0.0,0.0,0.0,0.0,0.0,0.0,0.0,0.0,0.0,0.0,0.0,0.0,0.0
SL1783,79.94005926724138,11.978044181034482,5.529364224137931,2.0474137931034484,0.18857758620689655,0.0,0.31654094827586204,0.0,0.0,0.0,0.0,0.0,0.0,0.0,0.0,0.0,0.0,0.0,0.0,0.0
SL1784,26.115580507003127,71.4767334182197,2.4076860747771733,0.0,0.0,0.0,0.0,0.0,0.0,0.0,0.0,0.0,0.0,0.0,0.0,0.0,0.0,0.0,0.0,0.0
SL1785,84.19005868627589,3.1075443682387047,9.686770840698578,3.0156261047868202,0.0,0.0,0.0,0.0,0.0,0.0,0.0,0.0,0.0,0.0,0.0,0.0,0.0,0.0,0.0,0.0
SL1786,87.52837842867245,3.7403699430570545,6.081357698462913,2.4973017231754064,0.0,0.15259220663217835,0.0,0.0,0.0,0.0,0.0,0.0,0.0,0.0,0.0,0.0,0.0,0.0,0.0,0.0
SL1787,76.51220374955784,5.868018708485635,14.998231340643793,2.6215462013127384,0.0,0.0,0.0,0.0,0.0,0.0,0.0,0.0,0.0,0.0,0.0,0.0,0.0,0.0,0.0,0.0
SL1788,81.56250990836742,7.134024541044421,10.859570690256508,0.44072418275785535,0.0,0.0,0.0,0.0,0.0031706775737975206,0.0,0.0,0.0,0.0,0.0,0.0,0.0,0.0,0.0,0.0,0.0
SL1789,90.51138761365235,2.5652501950152815,6.301870867913912,0.002557577462627399,0.0,0.6189337459558306,0.0,0.0,0.0,0.0,0.0,0.0,0.0,0.0,0.0,0.0,0.0,0.0,0.0,0.0
SL1790,52.911674561159096,15.556793907309372,27.91864028977431,1.3095569796600723,0.780161604903873,0.0,0.0,1.5231726571932758,0.0,0.0,0.0,0.0,0.0,0.0,0.0,0.0,0.0,0.0,0.0,0.0
SL1791,66.06169243408769,12.353424452909104,21.58488311300321,0.0,0.0,0.0,0.0,0.0,0.0,0.0,0.0,0.0,0.0,0.0,0.0,0.0,0.0,0.0,0.0,0.0
SL1792,36.800904583804474,2.7137514134121945,58.580499260676696,0.0,1.8700530573193006,0.0,0.017395842393667912,0.0,0.0,0.0,0.008697921196833956,0.0,0.0,0.0,0.0,0.0,0.0,0.0,0.008697921196833956,0.0
SL1793,72.83823630254406,19.143866145511897,7.50531440718645,0.0,0.4834396214770623,0.0,0.0,0.0,0.029143523280532126,0.0,0.0,0.0,0.0,0.0,0.0,0.0,0.0,0.0,0.0,0.0
SL1794,85.21858696970922,3.029077526590367,8.719213814858252,2.998746309701945,0.0,0.0,0.034375379140211104,0.0,0.0,0.0,0.0,0.0,0.0,0.0,0.0,0.0,0.0,0.0,0.0,0.0
SL1795,63.50618162412167,21.517833318509293,14.484568175753802,0.0,0.23570221471137598,0.0,0.2557146669038513,0.0,0.0,0.0,0.0,0.0,0.0,0.0,0.0,0.0,0.0,0.0,0.0,0.0
SL1796,9.214680347277032,0.5524861878453039,90.17363851617995,0.0,0.0,0.0,0.0,0.0,0.0,0.0,0.01973164956590371,0.0,0.0,0.03946329913180742,0.0,0.0,0.0,0.0,0.0,0.0
SL1797,92.31793015332198,1.666311754684838,5.722955706984668,0.2821550255536627,0.0,0.005323679727427598,0.0,0.0,0.0,0.0,0.0,0.0,0.0,0.0,0.005323679727427598,0.0,0.0,0.0,0.0,0.0
SL1798,89.73424534649024,1.3876429692756223,7.451222247140614,0.9082753980713164,0.0,0.008409957389549227,0.0,0.0,0.5102040816326531,0.0,0.0,0.0,0.0,0.0,0.0,0.0,0.0,0.0,0.0,0.0
SL1799,90.56361011736647,0.42364903031444173,8.049331575974392,0.9634092763446934,0.0,0.0,0.0,0.0,0.0,0.0,0.0,0.0,0.0,0.0,0.0,0.0,0.0,0.0,0.0,0.0
SL1800,74.29190527782077,5.308775731310942,17.891967187741837,1.7799102306144559,0.727441572511995,0.0,0.0,0.0,0.0,0.0,0.0,0.0,0.0,0.0,0.0,0.0,0.0,0.0,0.0,0.0
SL1801,84.69023491478582,3.0228005527406725,11.7918010133579,0.4951635191156149,0.0,0.0,0.0,0.0,0.0,0.0,0.0,0.0,0.0,0.0,0.0,0.0,0.0,0.0,0.0,0.0
SL1802,89.2052430728389,0.3086112493777999,7.622366019578563,2.857142857142857,0.0,0.00663680106188817,0.0,0.0,0.0,0.0,0.0,0.0,0.0,0.0,0.0,0.0,0.0,0.0,0.0,0.0
SL1803,90.42861746696745,0.9668063164679342,8.275862068965518,0.3287141475990977,0.0,0.0,0.0,0.0,0.0,0.0,0.0,0.0,0.0,0.0,0.0,0.0,0.0,0.0,0.0,0.0
SL1804,79.48042308406012,0.4379291148636111,19.313416218222304,0.6309148264984227,0.0,0.0,0.13731675635553905,0.0,0.0,0.0,0.0,0.0,0.0,0.0,0.0,0.0,0.0,0.0,0.0,0.0
SL1805,92.45456636760984,0.2587991718426501,7.286634460547504,0.0,0.0,0.0,0.0,0.0,0.0,0.0,0.0,0.0,0.0,0.0,0.0,0.0,0.0,0.0,0.0,0.0
SL1806,78.5997374826369,16.176676734080107,4.653948592473653,0.3262351696805189,0.24340202112882467,0.0,0.0,0.0,0.0,0.0,0.0,0.0,0.0,0.0,0.0,0.0,0.0,0.0,0.0,0.0
SL1807,83.33888925928395,3.800253350223348,12.434162277485166,0.4133608907260484,0.0,0.0,0.0,0.0,0.006667111140742716,0.0,0.006667111140742716,0.0,0.0,0.0,0.0,0.0,0.0,0.0,0.0,0.0
SL1808,88.09941100416607,3.6029306134176124,6.817985921562994,0.0,1.4020973997988795,0.0,0.0775750610544462,0.0,0.0,0.0,0.0,0.0,0.0,0.0,0.0,0.0,0.0,0.0,0.0,0.0
SL1809,91.47845365110156,1.776361368989885,6.537342386032978,0.0,0.0,0.16904530968546488,0.0,0.0,0.038797284190106696,0.0,0.0,0.0,0.0,0.0,0.0,0.0,0.0,0.0,0.0,0.0
SL1810,84.4783211245298,7.280736487824194,7.9637695505840425,0.27717283706196794,0.0,0.0,0.0,0.0,0.0,0.0,0.0,0.0,0.0,0.0,0.0,0.0,0.0,0.0,0.0,0.0
SL1811,68.1478995068295,25.510599292519817,6.341501200650675,0.0,0.0,0.0,0.0,0.0,0.0,0.0,0.0,0.0,0.0,0.0,0.0,0.0,0.0,0.0,0.0,0.0
SL1812,39.31048147414305,1.2284525460669704,59.38181097681791,0.0,0.0,0.019813750743015654,0.0,0.0,0.049534376857539135,0.0,0.009906875371507827,0.0,0.0,0.0,0.0,0.0,0.0,0.0,0.0,0.0
SL1813,52.624265774016294,35.73548916819301,8.280174319459357,3.3600707383313333,0.0,0.0,0.0,0.0,0.0,0.0,0.0,0.0,0.0,0.0,0.0,0.0,0.0,0.0,0.0,0.0
SL1814,61.8850501512498,20.77694634612323,17.33800350262697,0.0,0.0,0.0,0.0,0.0,0.0,0.0,0.0,0.0,0.0,0.0,0.0,0.0,0.0,0.0,0.0,0.0
SL1815,56.13526570048309,1.423510466988728,27.703703703703702,14.47987117552335,0.2576489533011272,0.0,0.0,0.0,0.0,0.0,0.0,0.0,0.0,0.0,0.0,0.0,0.0,0.0,0.0,0.0
SL1816,85.35367779783394,1.7965929602888087,9.140907039711191,1.483528880866426,1.8163357400722022,0.0,0.4089575812274368,0.0,0.0,0.0,0.0,0.0,0.0,0.0,0.0,0.0,0.0,0.0,0.0,0.0
SL1817,83.54115800488316,5.262469480292989,11.122253226369027,0.0653993721660272,0.0,0.0,0.0,0.0,0.008719916288803628,0.0,0.0,0.0,0.0,0.0,0.0,0.0,0.0,0.0,0.0,0.0
SL1818,48.00697084917617,0.7921419518377694,8.17807351077313,43.01964512040558,0.0,0.0,0.0031685678073510772,0.0,0.0,0.0,0.0,0.0,0.0,0.0,0.0,0.0,0.0,0.0,0.0,0.0
SL1819,95.05315500685872,0.17146776406035666,4.775377229080933,0.0,0.0,0.0,0.0,0.0,0.0,0.0,0.0,0.0,0.0,0.0,0.0,0.0,0.0,0.0,0.0,0.0
SL1820,68.64998139188687,0.20934127279493858,30.7917752139933,0.3442500930405657,0.0,0.0,0.0046520282843319685,0.0,0.0,0.0,0.0,0.0,0.0,0.0,0.0,0.0,0.0,0.0,0.0,0.0
SL1821,94.86521181001284,0.6357356806650774,4.492939666238768,0.0,0.0,0.0,0.0,0.0,0.0,0.0,0.006112843083318051,0.0,0.0,0.0,0.0,0.0,0.0,0.0,0.0,0.0
SL1822,88.55282039960261,1.9980130257202782,6.1485815211391985,3.300585053537918,0.0,0.0,0.0,0.0,0.0,0.0,0.0,0.0,0.0,0.0,0.0,0.0,0.0,0.0,0.0,0.0
SL1823,93.36274412610291,1.1152969168236344,5.194805194805195,0.2974125111529692,0.0,0.0,0.0,0.029741251115296918,0.0,0.0,0.0,0.0,0.0,0.0,0.0,0.0,0.0,0.0,0.0,0.0
SL1824,92.40523344385697,1.6444125817725603,5.950353974370463,0.0,0.0,0.0,0.0,0.0,0.0,0.0,0.0,0.0,0.0,0.0,0.0,0.0,0.0,0.0,0.0,0.0
SL1825,78.94626143653382,5.273950993795352,7.577032285203491,8.197497108002944,0.0,0.0,0.005258176464402145,0.0,0.0,0.0,0.0,0.0,0.0,0.0,0.0,0.0,0.0,0.0,0.0,0.0
SL1826,90.75707655790555,2.5224076239061892,5.831296276614589,0.8892195415736706,0.0,0.0,0.0,0.0,0.0,0.0,0.0,0.0,0.0,0.0,0.0,0.0,0.0,0.0,0.0,0.0
SL1827,76.19340930089314,11.080997844163843,11.401293501693871,1.2811826301201108,0.0,0.043116723129042196,0.0,0.0,0.0,0.0,0.0,0.0,0.0,0.0,0.0,0.0,0.0,0.0,0.0,0.0
SL1828,7.555555555555555,0.09523809523809523,92.31746031746032,0.0,0.0,0.0,0.0,0.0,0.0,0.0,0.031746031746031744,0.0,0.0,0.0,0.0,0.0,0.0,0.0,0.0,0.0
SL1829,84.93176546739306,4.878903932250931,8.142294622147904,0.8171961810237877,0.0,0.0,0.0,0.0,0.0,0.0,0.0,1.2298397971843142,0.0,0.0,0.0,0.0,0.0,0.0,0.0,0.0
SL1830,85.61770129071911,4.94161032575292,7.27719729563614,2.071296865396435,0.0,0.09219422249539029,0.0,0.0,0.0,0.0,0.0,0.0,0.0,0.0,0.0,0.0,0.0,0.0,0.0,0.0
SL1831,87.3024696259827,2.930199317080918,7.678869213054872,1.9614071309457635,0.0,0.06352735646787898,0.03970459779242436,0.0,0.0,0.0,0.02382275867545462,0.0,0.0,0.0,0.0,0.0,0.0,0.0,0.0,0.0
SL1832,74.08260869565217,10.895652173913044,14.52608695652174,0.4826086956521739,0.0,0.013043478260869565,0.0,0.0,0.0,0.0,0.0,0.0,0.0,0.0,0.0,0.0,0.0,0.0,0.0,0.0
SL1833,64.62104488594555,18.991905813097866,10.713760117733628,5.2170713760117735,0.29433406916850624,0.02207505518763797,0.0,0.0,0.13980868285504047,0.0,0.0,0.0,0.0,0.0,0.0,0.0,0.0,0.0,0.0,0.0
SL1834,85.80645161290323,3.8891412994093595,9.168559745570196,0.5179463880054521,0.0,0.0,0.6179009541117674,0.0,0.0,0.0,0.0,0.0,0.0,0.0,0.0,0.0,0.0,0.0,0.0,0.0
SL1835,86.4364177992925,0.9029975795941165,12.660584621113387,0.0,0.0,0.0,0.0,0.0,0.0,0.0,0.0,0.0,0.0,0.0,0.0,0.0,0.0,0.0,0.0,0.0
SL1836,40.771497455129925,1.8751674256630055,57.353335119207074,0.0,0.0,0.0,0.0,0.0,0.0,0.0,0.0,0.0,0.0,0.0,0.0,0.0,0.0,0.0,0.0,0.0
SL1837,79.33287621506071,6.622837091114428,10.321461702900011,2.3474367765094986,1.3673214213689349,0.0,0.0,0.0,0.008066793046424395,0.0,0.0,0.0,0.0,0.0,0.0,0.0,0.0,0.0,0.0,0.0
SL1838,69.15075569827917,13.543230130196516,7.728018429962652,0.0,9.57799574156166,0.0,0.0,0.0,0.0,0.0,0.0,0.0,0.0,0.0,0.0,0.0,0.0,0.0,0.0,0.0
SL1839,88.42425559660943,5.159747880895457,6.41599652249511,0.0,0.0,0.0,0.0,0.0,0.0,0.0,0.0,0.0,0.0,0.0,0.0,0.0,0.0,0.0,0.0,0.0
SL1840,78.32620420308723,13.472196392040171,6.1037753394085925,0.5579319323042589,1.5398921331597546,0.0,0.0,0.0,0.0,0.0,0.0,0.0,0.0,0.0,0.0,0.0,0.0,0.0,0.0,0.0
SL1841,83.68356966102361,7.987352213362661,6.761852390117443,0.0,0.8386032444322243,0.0,0.0,0.0,0.7286224910640637,0.0,0.0,0.0,0.0,0.0,0.0,0.0,0.0,0.0,0.0,0.0
SL1842,88.42705494190217,1.0292640941041458,8.876057954382441,1.6425190073160236,0.0,0.010758858126524171,0.014345144168698896,0.0,0.0,0.0,0.0,0.0,0.0,0.0,0.0,0.0,0.0,0.0,0.0,0.0
SL1843,65.49957301451751,1.0230223600968995,6.774255389602468,23.264609003293888,3.3757995085309958,0.0,0.06274072395824257,0.0,0.0,0.0,0.0,0.0,0.0,0.0,0.0,0.0,0.0,0.0,0.0,0.0
SL1844,68.12750885478158,8.15112160566706,22.110979929161747,1.5962219598583236,0.0,0.009445100354191263,0.0,0.0,0.0,0.0,0.004722550177095631,0.0,0.0,0.0,0.0,0.0,0.0,0.0,0.0,0.0
SL1845,88.32786504456897,2.2182863447635084,8.93411921837345,0.5197293922940681,0.0,0.0,0.0,0.0,0.0,0.0,0.0,0.0,0.0,0.0,0.0,0.0,0.0,0.0,0.0,0.0
SL1846,69.89411082100378,20.52509428488541,8.405860168262256,1.174934725848564,0.0,0.0,0.0,0.0,0.0,0.0,0.0,0.0,0.0,0.0,0.0,0.0,0.0,0.0,0.0,0.0
SL1847,82.93267824764578,2.3044978651225363,6.509914020003509,7.937064982160613,0.19301631865239516,0.0,0.12282856641516056,0.0,0.0,0.0,0.0,0.0,0.0,0.0,0.0,0.0,0.0,0.0,0.0,0.0
SL1848,95.18696251247209,0.5321423480781109,3.0835748562740535,0.0,1.1925690122107664,0.004751270964983133,0.0,0.0,0.0,0.0,0.0,0.0,0.0,0.0,0.0,0.0,0.0,0.0,0.0,0.0
SL1849,63.26477138739683,16.035634743875278,12.157736145683218,0.0,7.971963841215773,0.24891916677584175,0.0,0.0,0.24891916677584175,0.0,0.0065505043888379405,0.052404035110703524,0.0,0.0,0.0,0.0,0.013101008777675881,0.0,0.0,0.0
SL1850,76.49565508021391,7.36129679144385,8.79428475935829,7.348763368983957,0.0,0.0,0.0,0.0,0.0,0.0,0.0,0.0,0.0,0.0,0.0,0.0,0.0,0.0,0.0,0.0
SL1851,79.93999910446425,7.119509246406663,12.21510768817445,0.7209062821833162,0.0,0.0,0.0,0.0,0.0,0.0,0.0,0.0044776787713249454,0.0,0.0,0.0,0.0,0.0,0.0,0.0,0.0
SL1852,10.808586516699815,0.16459776421370276,89.00624099855978,0.0,0.0,0.013716480351141896,0.0,0.0,0.0,0.0,0.0,0.0,0.0,0.0,0.0,0.0,0.0,0.0,0.006858240175570948,0.0
SL1853,83.48155789121526,6.727257520421534,8.709470573475704,0.5157657029747136,0.5631603891940116,0.0,0.0,0.0,0.0,0.0,0.0,0.0,0.0,0.0027879227187822355,0.0,0.0,0.0,0.0,0.0,0.0
SL1854,87.58371283150281,3.073935172783284,7.996249665148674,1.346102330565229,0.0,0.0,0.0,0.0,0.0,0.0,0.0,0.0,0.0,0.0,0.0,0.0,0.0,0.0,0.0,0.0
SL1855,91.3751356767137,0.016698672455539784,8.60816565083076,0.0,0.0,0.0,0.0,0.0,0.0,0.0,0.0,0.0,0.0,0.0,0.0,0.0,0.0,0.0,0.0,0.0
SL1856,31.372549019607842,0.0,66.66666666666667,1.9607843137254901,0.0,0.0,0.0,0.0,0.0,0.0,0.0,0.0,0.0,0.0,0.0,0.0,0.0,0.0,0.0,0.0
SL1857,8.006814310051107,0.7057678267218301,91.23874422000486,0.02433682161109759,0.0,0.0,0.0,0.0,0.0,0.0,0.0,0.02433682161109759,0.0,0.0,0.0,0.0,0.0,0.0,0.0,0.0
SL1858,73.14864719198016,3.9991376522582733,22.85221515576156,0.0,0.0,0.0,0.0,0.0,0.0,0.0,0.0,0.0,0.0,0.0,0.0,0.0,0.0,0.0,0.0,0.0
SL1859,79.656912209889,7.003027245206861,13.027245206861755,0.31281533804238143,0.0,0.0,0.0,0.0,0.0,0.0,0.0,0.0,0.0,0.0,0.0,0.0,0.0,0.0,0.0,0.0
SL1860,8.786610878661088,0.14314027747192248,91.04822726271746,0.0,0.0,0.011010790574763268,0.0,0.0,0.0,0.0,0.0,0.0,0.0,0.0,0.0,0.0,0.0,0.0,0.011010790574763268,0.0
SL1861,90.11442506096417,1.6069530419558558,8.241105483649097,0.03751641343087601,0.0,0.0,0.0,0.0,0.0,0.0,0.0,0.0,0.0,0.0,0.0,0.0,0.0,0.0,0.0,0.0
SL1862,13.476070528967254,11.46095717884131,74.93702770780857,0.12594458438287154,0.0,0.0,0.0,0.0,0.0,0.0,0.0,0.0,0.0,0.0,0.0,0.0,0.0,0.0,0.0,0.0
SL1863,93.50455478464436,0.9499737060849208,2.8821523689969295,0.342669086837775,1.355408912789021,0.0,0.0,0.0,0.0,0.0,0.965241140647,0.0,0.0,0.0,0.0,0.0,0.0,0.0,0.0,0.0
SL1864,88.99016393442623,2.0262295081967214,7.80983606557377,1.1737704918032787,0.0,0.0,0.0,0.0,0.0,0.0,0.0,0.0,0.0,0.0,0.0,0.0,0.0,0.0,0.0,0.0
SL1865,82.50834770483984,6.105749825707262,9.547572744285032,1.2916009246688438,0.0,0.42197189300260524,0.0,0.0,0.12475690749642242,0.0,0.0,0.0,0.0,0.0,0.0,0.0,0.0,0.0,0.0,0.0
SL1866,92.0245120290513,0.4357694053563323,7.5079437131184745,0.02723558783477077,0.0,0.0,0.004539264639128461,0.0,0.0,0.0,0.0,0.0,0.0,0.0,0.0,0.0,0.0,0.0,0.0,0.0
SL1867,90.74118637949705,0.836241126218265,4.5752617013596435,3.847310792925039,0.0,0.0,0.0,0.0,0.0,0.0,0.0,0.0,0.0,0.0,0.0,0.0,0.0,0.0,0.0,0.0
SL1868,82.39067328401536,0.557168274182976,17.000655492087272,0.0,0.03277460436370447,0.0140462590130162,0.004682086337672067,0.0,0.0,0.0,0.0,0.0,0.0,0.0,0.0,0.0,0.0,0.0,0.0,0.0
SL1869,84.72008345338035,0.1440564303810044,7.212756445283394,7.903233818488897,0.0,0.0,0.0,0.0,0.0,0.0,0.0,0.0,0.0,0.01986985246634544,0.0,0.0,0.0,0.0,0.0,0.0
SL1870,81.26000640409862,12.87223823246878,5.291386487351906,0.5763688760806917,0.0,0.0,0.0,0.0,0.0,0.0,0.0,0.0,0.0,0.0,0.0,0.0,0.0,0.0,0.0,0.0
SL1871,82.70684090372353,3.548374399748091,11.442179012831614,1.1394946075730144,1.1631110761237502,0.0,0.0,0.0,0.0,0.0,0.0,0.0,0.0,0.0,0.0,0.0,0.0,0.0,0.0,0.0
SL1872,5.2631578947368425,0.0,94.73684210526316,0.0,0.0,0.0,0.0,0.0,0.0,0.0,0.0,0.0,0.0,0.0,0.0,0.0,0.0,0.0,0.0,0.0
SL1873,86.93607524310538,6.256974334449227,5.9620596205962055,0.0,0.19926669854933843,0.45432807269249165,0.0,0.0,0.1912960306073649,0.0,0.0,0.0,0.0,0.0,0.0,0.0,0.0,0.0,0.0,0.0
SL1874,79.8093928080173,9.22578109648261,10.45392022008253,0.5109058754175673,0.0,0.0,0.0,0.0,0.0,0.0,0.0,0.0,0.0,0.0,0.0,0.0,0.0,0.0,0.0,0.0
SL1875,95.16300378460926,0.006639665360865812,4.830356550029879,0.0,0.0,0.0,0.0,0.0,0.0,0.0,0.0,0.0,0.0,0.0,0.0,0.0,0.0,0.0,0.0,0.0
SL1876,9.181204635171271,1.3625366102126575,89.37985483254808,0.025467974022666498,0.0,0.0,0.03820196103399975,0.0,0.012733987011333249,0.0,0.0,0.0,0.0,0.0,0.0,0.0,0.0,0.0,0.0,0.0
SL1877,64.96905798762319,28.035755214302085,5.6199862479944995,1.3706165482466193,0.0,0.0,0.0045840018336007335,0.0,0.0,0.0,0.0,0.0,0.0,0.0,0.0,0.0,0.0,0.0,0.0,0.0
SL1878,64.17697090987063,0.44314201986991636,33.321420913444356,2.0584661568150953,0.0,0.0,0.0,0.0,0.0,0.0,0.0,0.0,0.0,0.0,0.0,0.0,0.0,0.0,0.0,0.0
SL1879,94.87933529384307,0.3921019465060916,4.728562759650843,0.0,0.0,0.0,0.0,0.0,0.0,0.0,0.0,0.0,0.0,0.0,0.0,0.0,0.0,0.0,0.0,0.0
SL1880,90.35692132307331,1.4954148435011483,6.593572398531409,0.0,1.0377374306358866,0.0,0.0,0.0,0.0,0.0,0.0,0.0,0.0,0.5163540042582441,0.0,0.0,0.0,0.0,0.0,0.0
SL1881,91.17536484500495,0.020506510817184458,7.884753409207423,0.9193752349704365,0.0,0.0,0.0,0.0,0.0,0.0,0.0,0.0,0.0,0.0,0.0,0.0,0.0,0.0,0.0,0.0
SL1882,91.57407407407408,0.03561253561253561,8.39031339031339,0.0,0.0,0.0,0.0,0.0,0.0,0.0,0.0,0.0,0.0,0.0,0.0,0.0,0.0,0.0,0.0,0.0
SL1883,93.49114631873253,0.5740913327120224,3.560111835973905,2.374650512581547,0.0,0.0,0.0,0.0,0.0,0.0,0.0,0.0,0.0,0.0,0.0,0.0,0.0,0.0,0.0,0.0
SL1884,91.31782945736434,0.12495661228740021,6.363531181302788,2.1936827490454704,0.0,0.0,0.0,0.0,0.0,0.0,0.0,0.0,0.0,0.0,0.0,0.0,0.0,0.0,0.0,0.0
SL1885,61.15762782976705,27.556139294770063,9.058902935113737,2.227329940349149,0.0,0.0,0.0,0.0,0.0,0.0,0.0,0.0,0.0,0.0,0.0,0.0,0.0,0.0,0.0,0.0
SL1886,80.62168121681216,14.954774547745478,4.422419224192242,0.0011250112501125012,0.0,0.0,0.0,0.0,0.0,0.0,0.0,0.0,0.0,0.0,0.0,0.0,0.0,0.0,0.0,0.0
SL1887,91.36296809820351,2.3212172645016316,4.050775133571591,0.33945710768201,0.0,0.0,0.010757443553303133,0.0,0.0,1.5371191566164255,0.0,0.0,0.37770579587153225,0.0,0.0,0.0,0.0,0.0,0.0,0.0
SL1888,95.10469045148588,0.2633889376646181,3.8630377524143986,0.7688828584350973,0.0,0.0,0.0,0.0,0.0,0.0,0.0,0.0,0.0,0.0,0.0,0.0,0.0,0.0,0.0,0.0
SL1889,57.93822028100826,28.41305758739848,4.155484221789542,9.461663947797716,0.0,0.0,0.03157396200599905,0.0,0.0,0.0,0.0,0.0,0.0,0.0,0.0,0.0,0.0,0.0,0.0,0.0
SL1890,46.07100187745349,51.19303635432668,2.7359617682198327,0.0,0.0,0.0,0.0,0.0,0.0,0.0,0.0,0.0,0.0,0.0,0.0,0.0,0.0,0.0,0.0,0.0
SL1891,94.92299522039299,0.21508231545406267,4.814126394052044,0.04779607010090282,0.0,0.0,0.0,0.0,0.0,0.0,0.0,0.0,0.0,0.0,0.0,0.0,0.0,0.0,0.0,0.0
SL1892,75.49673312112581,10.6584017423354,12.772658736806836,1.0118947897470263,0.0,0.0603116099849221,0.0,0.0,0.0,0.0,0.0,0.0,0.0,0.0,0.0,0.0,0.0,0.0,0.0,0.0
SL1893,84.62113410623526,9.560508919376806,5.776832873799954,0.0,0.0,0.04152410058798126,0.0,0.0,0.0,0.0,0.0,0.0,0.0,0.0,0.0,0.0,0.0,0.0,0.0,0.0
SL1894,79.65171581180947,14.602082876027414,5.746201312163118,0.0,0.0,0.0,0.0,0.0,0.0,0.0,0.0,0.0,0.0,0.0,0.0,0.0,0.0,0.0,0.0,0.0
SL1895,58.10978907517577,0.2541914548404543,41.34667387777177,0.2893455922120065,0.0,0.0,0.0,0.0,0.0,0.0,0.0,0.0,0.0,0.0,0.0,0.0,0.0,0.0,0.0,0.0
SL1896,76.10582722005813,18.75902161232278,5.135151167619085,0.0,0.0,0.0,0.0,0.0,0.0,0.0,0.0,0.0,0.0,0.0,0.0,0.0,0.0,0.0,0.0,0.0
SL1897,65.97382207887506,22.49867745183365,9.984812027509001,1.494906056417345,0.047782385364937965,0.0,0.0,0.0,0.0,0.0,0.0,0.0,0.0,0.0,0.0,0.0,0.0,0.0,0.0,0.0
SL1898,70.56101945854483,18.810807952622675,9.081535532994923,1.5016920473773265,0.0,0.0,0.0,0.0,0.0,0.0,0.0,0.044945008460236885,0.0,0.0,0.0,0.0,0.0,0.0,0.0,0.0
SL1899,94.62395699165593,1.6212129697037576,3.586828694629557,0.16520132161057288,0.0,0.0028000224001792015,0.0,0.0,0.0,0.0,0.0,0.0,0.0,0.0,0.0,0.0,0.0,0.0,0.0,0.0
SL1900,87.24525914657107,2.342184934705005,8.165263364010181,2.2397614134445933,0.0,0.0,0.007531141269147927,0.0,0.0,0.0,0.0,0.0,0.0,0.0,0.0,0.0,0.0,0.0,0.0,0.0
SL1901,82.28103848873623,9.809071623396303,6.953564333097619,0.956325554769842,0.0,0.0,0.0,0.0,0.0,0.0,0.0,0.0,0.0,0.0,0.0,0.0,0.0,0.0,0.0,0.0
SL1902,53.748700009454474,17.850051999621822,25.11424159339447,0.0,0.0,2.4234975260785983,0.0,0.0,0.5704200939144685,0.0,0.1922410261258706,0.0,0.0,0.0,0.08193879802086287,0.0,0.018908953389429894,0.0,0.0,0.0
SL1903,48.02442918481546,38.001643079689366,12.93227721544495,0.6587819509246199,0.0,0.0,0.0,0.0,0.3828685691256026,0.0,0.0,0.0,0.0,0.0,0.0,0.0,0.0,0.0,0.0,0.0
SL1904,53.92830259691381,38.08101242002258,4.7492472713586755,2.796857357922469,0.0,0.4445803537824614,0.0,0.0,0.0,0.0,0.0,0.0,0.0,0.0,0.0,0.0,0.0,0.0,0.0,0.0
SL1905,81.72891244504704,8.342577755865072,4.3592588027445665,4.8009367681498825,0.0,0.3964830108057028,0.3718312173877316,0.0,0.0,0.0,0.0,0.0,0.0,0.0,0.0,0.0,0.0,0.0,0.0,0.0
SL1906,83.09558679382359,8.512748365372419,7.203893123608981,1.1877717171950137,0.0,0.0,0.0,0.0,0.0,0.0,0.0,0.0,0.0,0.0,0.0,0.0,0.0,0.0,0.0,0.0
SL1907,94.03617402639726,0.35644451686491774,2.924881864102982,2.682499592634838,0.0,0.0,0.0,0.0,0.0,0.0,0.0,0.0,0.0,0.0,0.0,0.0,0.0,0.0,0.0,0.0
SL1908,75.61738424045491,0.3736799350121852,6.161657189277011,17.84727863525589,0.0,0.0,0.0,0.0,0.0,0.0,0.0,0.0,0.0,0.0,0.0,0.0,0.0,0.0,0.0,0.0
SL1909,47.432777467485835,41.564270326338466,8.75289236415862,1.873055134445065,0.22540493098220699,0.001994733902497407,0.0,0.0,0.0,0.0,0.0,0.0,0.0,0.0,0.0,0.0,0.1496050426873055,0.0,0.0,0.0
SL1910,83.2004011470298,5.744550825015278,8.137330178479088,1.8709748186219972,0.0,0.0,1.0326402055878527,0.0,0.0,0.0,0.0,0.014102825265994955,0.0,0.0,0.0,0.0,0.0,0.0,0.0,0.0
SL1911,81.53253549106061,13.03599980619216,5.431464702747226,0.0,0.0,0.0,0.0,0.0,0.0,0.0,0.0,0.0,0.0,0.0,0.0,0.0,0.0,0.0,0.0,0.0
SL1912,84.86973712080206,1.699183356475489,10.046833447082912,3.3818926360876422,0.0,0.0,0.0,0.0,0.0,0.0,0.0,0.0,0.0,0.0,0.0,0.0,0.0,0.0,0.0023534395519051094,0.0
SL1913,83.30600635770453,8.64313200602309,7.699514806759244,0.0,0.0,0.28442362389158443,0.0,0.0,0.0,0.0,0.0,0.06692320562154927,0.0,0.0,0.0,0.0,0.0,0.0,0.0,0.0
SL1914,72.91429191771155,1.281007436356728,21.459588557781036,4.260978125169625,0.0,0.0,0.08413396298105628,0.0,0.0,0.0,0.0,0.0,0.0,0.0,0.0,0.0,0.0,0.0,0.0,0.0
SL1915,27.272727272727273,0.0,72.72727272727273,0.0,0.0,0.0,0.0,0.0,0.0,0.0,0.0,0.0,0.0,0.0,0.0,0.0,0.0,0.0,0.0,0.0
SL1916,33.333333333333336,0.0,66.66666666666667,0.0,0.0,0.0,0.0,0.0,0.0,0.0,0.0,0.0,0.0,0.0,0.0,0.0,0.0,0.0,0.0,0.0
SL1917,61.75233364047915,26.397179600176276,9.763230639798085,2.0872561195464927,0.0,0.0,0.0,0.0,0.0,0.0,0.0,0.0,0.0,0.0,0.0,0.0,0.0,0.0,0.0,0.0
SL1918,86.5077827294452,7.070119916467523,6.249865443820104,0.17223191026717474,0.0,0.0,0.0,0.0,0.0,0.0,0.0,0.0,0.0,0.0,0.0,0.0,0.0,0.0,0.0,0.0
SL1919,57.456927006902546,30.64568726561226,5.560084787216697,6.337300940268493,0.0,0.0,0.0,0.0,0.0,0.0,0.0,0.0,0.0,0.0,0.0,0.0,0.0,0.0,0.0,0.0
SL1920,77.48198558847078,12.222277822257807,8.736989591673339,1.3385708566853483,0.12510008006405124,0.05504403522818255,0.022518014411529223,0.0,0.0,0.0,0.0,0.007506004803843075,0.0,0.0,0.0,0.010008006405124099,0.0,0.0,0.0,0.0
SL1921,86.35086588061901,4.0899042004421515,8.582811348563007,0.976418570375829,0.0,0.0,0.0,0.0,0.0,0.0,0.0,0.0,0.0,0.0,0.0,0.0,0.0,0.0,0.0,0.0
SL1922,47.91973437274434,13.362205861123142,27.80135700880612,0.0,10.913815504547424,0.0028872527789808,0.0,0.0,0.0,0.0,0.0,0.0,0.0,0.0,0.0,0.0,0.0,0.0,0.0,0.0
SL1923,87.97270400909866,2.9730594256468583,8.400270116576628,0.6539664486778505,0.0,0.0,0.0,0.0,0.0,0.0,0.0,0.0,0.0,0.0,0.0,0.0,0.0,0.0,0.0,0.0
SL1924,23.365593521627492,18.70926328263875,53.12561722299032,0.0,0.0,0.0,0.0,3.881098163144381,0.004937783922575548,0.0,0.0,0.9134900256764764,0.0,0.0,0.0,0.0,0.0,0.0,0.0,0.0
SL1925,86.81806677250869,5.356526541036792,5.163249810174639,2.6621568762798833,0.0,0.0,0.0,0.0,0.0,0.0,0.0,0.0,0.0,0.0,0.0,0.0,0.0,0.0,0.0,0.0
SL1926,90.95177341158458,2.102577188058178,4.860933911712172,2.0847154886450627,0.0,0.0,0.0,0.0,0.0,0.0,0.0,0.0,0.0,0.0,0.0,0.0,0.0,0.0,0.0,0.0
SL1927,96.27904437853672,0.0036390764024090685,3.7173165450608634,0.0,0.0,0.0,0.0,0.0,0.0,0.0,0.0,0.0,0.0,0.0,0.0,0.0,0.0,0.0,0.0,0.0
SL1928,91.90598215074667,2.913758063090925,3.693558363523902,1.4867014226385085,0.0,0.0,0.0,0.0,0.0,0.0,0.0,0.0,0.0,0.0,0.0,0.0,0.0,0.0,0.0,0.0
SL1929,10.474922325787839,2.3857079449622725,87.00621393697293,0.0,0.1220594762538837,0.0,0.0,0.0,0.0,0.0,0.0,0.0,0.0,0.0,0.0,0.0,0.0,0.0,0.011096316023080338,0.0
SL1930,93.97812219128834,0.8330227765964443,4.138807900563386,1.0500471315518338,0.0,0.0,0.0,0.0,0.0,0.0,0.0,0.0,0.0,0.0,0.0,0.0,0.0,0.0,0.0,0.0
SL1931,81.6670594031833,4.40650371671558,8.641631498896768,5.282663182022665,0.0,0.0,0.0,0.0,0.0,0.0,0.0,0.0,0.0,0.0,0.0,0.0,0.0,0.0,0.0021421991816799124,0.0
SL1932,87.00592583542061,6.695583114423606,5.382124747999267,0.9163663021565154,0.0,0.0,0.0,0.0,0.0,0.0,0.0,0.0,0.0,0.0,0.0,0.0,0.0,0.0,0.0,0.0
SL1933,95.00452625226312,1.3005431502715752,3.6421243210621603,0.0528062764031382,0.0,0.0,0.0,0.0,0.0,0.0,0.0,0.0,0.0,0.0,0.0,0.0,0.0,0.0,0.0,0.0
SL1934,89.51152920822858,2.50858270483605,6.544481388370773,1.4354066985645932,0.0,0.0,0.0,0.0,0.0,0.0,0.0,0.0,0.0,0.0,0.0,0.0,0.0,0.0,0.0,0.0
SL1935,75.64845978130111,15.518429909573822,7.393590419420677,1.4395198897043915,0.0,0.0,0.0,0.0,0.0,0.0,0.0,0.0,0.0,0.0,0.0,0.0,0.0,0.0,0.0,0.0
SL1936,16.666666666666668,0.0,83.33333333333333,0.0,0.0,0.0,0.0,0.0,0.0,0.0,0.0,0.0,0.0,0.0,0.0,0.0,0.0,0.0,0.0,0.0
SL1937,93.29535308872921,1.247821096041835,4.6915522299221974,0.67599166702096,0.0,0.08928191828578717,0.0,0.0,0.0,0.0,0.0,0.0,0.0,0.0,0.0,0.0,0.0,0.0,0.0,0.0
SL1938,8.588957055214724,0.6134969325153374,90.79754601226993,0.0,0.0,0.0,0.0,0.0,0.0,0.0,0.0,0.0,0.0,0.0,0.0,0.0,0.0,0.0,0.0,0.0
SL1939,68.88323363188684,23.320223419374027,6.263013517533133,1.533529431206002,0.0,0.0,0.0,0.0,0.0,0.0,0.0,0.0,0.0,0.0,0.0,0.0,0.0,0.0,0.0,0.0
SL1940,93.19070326932165,2.831120848906646,3.978175881771706,0.0,0.0,0.0,0.0,0.0,0.0,0.0,0.0,0.0,0.0,0.0,0.0,0.0,0.0,0.0,0.0,0.0
SL1941,86.12005898438059,2.8046213975862218,10.00586980486478,0.753053014359547,0.0,0.08160460421766955,0.0,0.0,0.0,0.0,0.0,0.0,0.0,0.0,0.23479219459118958,0.0,0.0,0.0,0.0,0.0
SL1942,93.46284647358243,2.3205672497721666,4.18546755873658,0.02667318677899042,0.0,0.0022227655649158682,0.0,0.0,0.0022227655649158682,0.0,0.0,0.0,0.0,0.0,0.0,0.0,0.0,0.0,0.0,0.0
SL1943,71.84773376573237,18.35379507373948,2.980464828970736,0.0,0.0,6.818006331557409,0.0,0.0,0.0,0.0,0.0,0.0,0.0,0.0,0.0,0.0,0.0,0.0,0.0,0.0
SL1944,48.42909070416185,20.386598664374876,23.277635323621404,1.7132069091831272,0.0,6.193468398658739,0.0,0.0,0.0,0.0,0.0,0.0,0.0,0.0,0.0,0.0,0.0,0.0,0.0,0.0
SL1945,76.17184579730369,3.9771736150913304,6.41431383787286,13.356923920356849,0.0,0.07974282937526476,0.0,0.0,0.0,0.0,0.0,0.0,0.0,0.0,0.0,0.0,0.0,0.0,0.0,0.0
SL1946,78.14116777531412,0.07021433850702144,14.883592017738358,6.840354767184036,0.0,0.0646711012564671,0.0,0.0,0.0,0.0,0.0,0.0,0.0,0.0,0.0,0.0,0.0,0.0,0.0,0.0
SL1947,79.47532699167658,17.077883472057074,3.3992271105826397,0.04756242568370987,0.0,0.0,0.0,0.0,0.0,0.0,0.0,0.0,0.0,0.0,0.0,0.0,0.0,0.0,0.0,0.0
SL1948,61.54911269356844,17.05097773256471,17.539844014920313,3.8600655589465354,0.0,0.0,0.0,0.0,0.0,0.0,0.0,0.0,0.0,0.0,0.0,0.0,0.0,0.0,0.0,0.0
SL1949,78.80601130566662,13.690886529711843,7.497587205294361,0.0,0.0,0.0,0.0,0.0,0.0,0.0,0.0,0.0,0.0,0.0,0.0,0.0,0.005514959327174962,0.0,0.0,0.0
SL1950,89.11658820271393,5.270931413274255,4.523216098956891,0.8492569002123143,0.0,0.0,0.22616080494784455,0.0,0.0,0.0,0.0,0.013846579894765993,0.0,0.0,0.0,0.0,0.0,0.0,0.0,0.0
SL1951,66.7851170568562,27.309782608695652,5.5602006688963215,0.3448996655518395,0.0,0.0,0.0,0.0,0.0,0.0,0.0,0.0,0.0,0.0,0.0,0.0,0.0,0.0,0.0,0.0
SL1952,41.69680817310743,46.95094866425534,8.319055777650867,3.033187384986357,0.0,0.0,0.0,0.0,0.0,0.0,0.0,0.0,0.0,0.0,0.0,0.0,0.0,0.0,0.0,0.0
SL1953,93.06816671834167,0.0,5.0870354785844,1.8447978030739247,0.0,0.0,0.0,0.0,0.0,0.0,0.0,0.0,0.0,0.0,0.0,0.0,0.0,0.0,0.0,0.0
SL1954,80.9359225067079,4.534085224430397,14.529992268861703,0.0,0.0,0.0,0.0,0.0,0.0,0.0,0.0,0.0,0.0,0.0,0.0,0.0,0.0,0.0,0.0,0.0
SL1955,84.93578033219977,4.603580562659847,10.460639105140384,0.0,0.0,0.0,0.0,0.0,0.0,0.0,0.0,0.0,0.0,0.0,0.0,0.0,0.0,0.0,0.0,0.0
SL1956,93.7564963092155,0.9988901220865705,4.564593132850624,0.02994908655286014,0.0,0.0,0.6500713492944348,0.0,0.0,0.0,0.0,0.0,0.0,0.0,0.0,0.0,0.0,0.0,0.0,0.0
SL1957,86.5354061500714,2.2464453070007844,7.260221627818113,3.9579269151097076,0.0,0.0,0.0,0.0,0.0,0.0,0.0,0.0,0.0,0.0,0.0,0.0,0.0,0.0,0.0,0.0
SL1958,71.68779895224357,1.5033027105003416,23.361931516209854,3.431781945182598,0.0,0.013286766380684838,0.0,0.0,0.0,0.0018981094829549768,0.0,0.0,0.0,0.0,0.0,0.0,0.0,0.0,0.0,0.0
SL1959,94.8181287281525,0.7404163016727151,2.824010344971426,1.6174446252033539,0.0,0.0,0.0,0.0,0.0,0.0,0.0,0.0,0.0,0.0,0.0,0.0,0.0,0.0,0.0,0.0
SL1960,55.0402853804047,40.07011501322344,4.173073374746294,0.4797343010025217,0.0,0.14761055415462204,0.0,0.0,0.08918137646841749,0.0,0.0,0.0,0.0,0.0,0.0,0.0,0.0,0.0,0.0,0.0
SL1961,49.11357524650576,20.60688556156834,28.808804488562796,0.5228910062746921,0.3054347465223598,0.6424089505660503,0.0,0.0,0.0,0.0,0.0,0.0,0.0,0.0,0.0,0.0,0.0,0.0,0.0,0.0
SL1962,4.683195592286501,0.3305785123966942,94.9862258953168,0.0,0.0,0.0,0.0,0.0,0.0,0.0,0.0,0.0,0.0,0.0,0.0,0.0,0.0,0.0,0.0,0.0
SL1963,92.95104261106074,0.17849048050770625,3.836128739800544,3.0343381686310065,0.0,0.0,0.0,0.0,0.0,0.0,0.0,0.0,0.0,0.0,0.0,0.0,0.0,0.0,0.0,0.0
SL1964,79.71966469699052,11.05400577160918,6.673079565755119,2.5532499656451835,0.0,0.0,0.0,0.0,0.0,0.0,0.0,0.0,0.0,0.0,0.0,0.0,0.0,0.0,0.0,0.0
SL1965,11.44047035766781,0.7716805487506124,87.73885350318471,0.02449779519843214,0.0,0.01224889759921607,0.0,0.0,0.0,0.0,0.0,0.0,0.0,0.0,0.0,0.0,0.0,0.0,0.01224889759921607,0.0
SL1966,90.30370476737507,7.359276278001149,2.3370189546237796,0.0,0.0,0.0,0.0,0.0,0.0,0.0,0.0,0.0,0.0,0.0,0.0,0.0,0.0,0.0,0.0,0.0
SL1967,68.17738111839353,19.855436247850136,9.868451633895784,1.5943847905917352,0.0,0.5043462092688142,0.0,0.0,0.0,0.0,0.0,0.0,0.0,0.0,0.0,0.0,0.0,0.0,0.0,0.0
SL1968,52.10690311382505,3.6115351638470066,38.43869591584935,5.8428658064785965,0.0,0.0,0.0,0.0,0.0,0.0,0.0,0.0,0.0,0.0,0.0,0.0,0.0,0.0,0.0,0.0
SL1969,89.70927112598251,6.281763944568957,3.95214495407052,0.056819975378010666,0.0,0.0,0.0,0.0,0.0,0.0,0.0,0.0,0.0,0.0,0.0,0.0,0.0,0.0,0.0,0.0
SL1970,76.78967374089325,1.4135254988913526,5.408615774469433,16.384225530566994,0.0,0.0039594551789673745,0.0,0.0,0.0,0.0,0.0,0.0,0.0,0.0,0.0,0.0,0.0,0.0,0.0,0.0
SL1971,51.35323037195213,29.100660475741172,17.03332174603963,2.5127874062670705,0.0,0.0,0.0,0.0,0.0,0.0,0.0,0.0,0.0,0.0,0.0,0.0,0.0,0.0,0.0,0.0
SL1972,64.9200348938645,5.001453911020645,11.148589706309973,18.929921488804887,0.0,0.0,0.0,0.0,0.0,0.0,0.0,0.0,0.0,0.0,0.0,0.0,0.0,0.0,0.0,0.0
SL1973,20.342057057874023,74.35478898017665,5.301340297803653,0.0018136641456735043,0.0,0.0,0.0,0.0,0.0,0.0,0.0,0.0,0.0,0.0,0.0,0.0,0.0,0.0,0.0,0.0
SL1974,95.23107177974434,1.1783550607415865,3.5874012750975353,0.0,0.0,0.0,0.0,0.0,0.0031718844165318618,0.0,0.0,0.0,0.0,0.0,0.0,0.0,0.0,0.0,0.0,0.0
SL1975,88.13795506009406,3.9923358299947744,6.918655286535447,0.7768681414387737,0.0,0.17418568193694478,0.0,0.0,0.0,0.0,0.0,0.0,0.0,0.0,0.0,0.0,0.0,0.0,0.0,0.0
SL1976,31.335740072202167,0.7942238267148014,67.50902527075812,0.36101083032490977,0.0,0.0,0.0,0.0,0.0,0.0,0.0,0.0,0.0,0.0,0.0,0.0,0.0,0.0,0.0,0.0
SL1977,69.72688384336954,18.850773280684436,9.342437205221016,1.4793791817483821,0.0,0.6005264889766371,0.0,0.0,0.0,0.0,0.0,0.0,0.0,0.0,0.0,0.0,0.0,0.0,0.0,0.0
SL1978,76.0595017435833,15.385944519493576,6.928780120008796,1.6242028211491941,0.0,0.0,0.0,0.0,0.0,0.0,0.0,0.0,0.0,0.0,0.0,0.0,0.0,0.0,0.0015707957651346172,0.0
SL1979,93.02424084451974,2.4110517398670663,3.991268082888049,0.4268213215170077,0.0,0.0,0.11403623093965855,0.0,0.0,0.0,0.0,0.03258178026847387,0.0,0.0,0.0,0.0,0.0,0.0,0.0,0.0
SL1980,85.76335149574915,8.054360039858375,5.067101999279157,1.1151864651133208,0.0,0.0,0.0,0.0,0.0,0.0,0.0,0.0,0.0,0.0,0.0,0.0,0.0,0.0,0.0,0.0
SL1981,64.18110561056106,26.654290429042906,8.145627062706271,1.018976897689769,0.0,0.0,0.0,0.0,0.0,0.0,0.0,0.0,0.0,0.0,0.0,0.0,0.0,0.0,0.0,0.0
SL1982,80.132949376968,6.329897462120193,10.816266114056571,2.720887046855236,0.0,0.0,0.0,0.0,0.0,0.0,0.0,0.0,0.0,0.0,0.0,0.0,0.0,0.0,0.0,0.0
SL1983,95.55491273744094,0.8581621830103172,3.519429177514222,0.0,0.0,0.0,0.04821135859608524,0.0,0.0,0.0,0.0,0.019284543438434096,0.0,0.0,0.0,0.0,0.0,0.0,0.0,0.0
SL1984,84.26189953937266,0.0,15.504131022885135,0.23396943774219492,0.0,0.0,0.0,0.0,0.0,0.0,0.0,0.0,0.0,0.0,0.0,0.0,0.0,0.0,0.0,0.0
SL1985,93.47939944134079,0.26187150837988826,6.25872905027933,0.0,0.0,0.0,0.0,0.0,0.0,0.0,0.0,0.0,0.0,0.0,0.0,0.0,0.0,0.0,0.0,0.0
SL1986,88.8902328394315,3.1841548231025096,7.051708497127306,0.48684608406410645,0.0,0.3870577562745691,0.0,0.0,0.0,0.0,0.0,0.0,0.0,0.0,0.0,0.0,0.0,0.0,0.0,0.0
SL1987,90.8305380383738,0.018784382128002146,8.80450825171072,0.3461693277874681,0.0,0.0,0.0,0.0,0.0,0.0,0.0,0.0,0.0,0.0,0.0,0.0,0.0,0.0,0.0,0.0
SL1988,54.797519153593576,0.5594065426243463,44.64307430378207,0.0,0.0,0.0,0.0,0.0,0.0,0.0,0.0,0.0,0.0,0.0,0.0,0.0,0.0,0.0,0.0,0.0
SL1989,60.27855389044112,19.867073067479467,19.236305139276944,0.6180679028024723,0.0,0.0,0.0,0.0,0.0,0.0,0.0,0.0,0.0,0.0,0.0,0.0,0.0,0.0,0.0,0.0
SL1990,83.39978388046354,3.1225546819689236,8.305697358124977,5.171964079442561,0.0,0.0,0.0,0.0,0.0,0.0,0.0,0.0,0.0,0.0,0.0,0.0,0.0,0.0,0.0,0.0
SL1991,92.13485851896448,0.6237206502107164,5.839855508729681,1.4015653220951234,0.0,0.0,0.0,0.0,0.0,0.0,0.0,0.0,0.0,0.0,0.0,0.0,0.0,0.0,0.0,0.0
SL1992,73.84154787970866,4.517628133518031,9.60275258054426,12.024665981500513,0.0,0.01340542472854015,0.0,0.0,0.0,0.0,0.0,0.0,0.0,0.0,0.0,0.0,0.0,0.0,0.0,0.0
SL1993,7.8125,0.0,92.1875,0.0,0.0,0.0,0.0,0.0,0.0,0.0,0.0,0.0,0.0,0.0,0.0,0.0,0.0,0.0,0.0,0.0
SL1994,93.73680408934327,1.457106345149461,4.804700522280253,0.001389043227025225,0.0,0.0,0.0,0.0,0.0,0.0,0.0,0.0,0.0,0.0,0.0,0.0,0.0,0.0,0.0,0.0
SL1995,40.17219810140555,4.415335933475605,55.40510707189639,0.0,0.0,0.0,0.0,0.0,0.0,0.0,0.0,0.007358893222459342,0.0,0.0,0.0,0.0,0.0,0.0,0.0,0.0
SL1996,73.64664610173593,0.2903284340410089,25.77874553922458,0.2721829069134458,0.0,0.012097018085042037,0.0,0.0,0.0,0.0,0.0,0.0,0.0,0.0,0.0,0.0,0.0,0.0,0.0,0.0
SL1997,86.76216557825995,4.617653254687171,7.4952601643143035,1.1207078154623973,0.0,0.0,0.0,0.0,0.0,0.0,0.0,0.0,0.0,0.0,0.0,0.0,0.0,0.0,0.0042131872761744255,0.0
SL1998,79.87863920986379,4.71564134013298,10.706216512813892,4.6962752566006065,0.0,0.0032276805887289394,0.0,0.0,0.0,0.0,0.0,0.0,0.0,0.0,0.0,0.0,0.0,0.0,0.0,0.0
SL1999,83.11154598825831,1.3111545988258317,15.420743639921723,0.0,0.0,0.0,0.0,0.0,0.15655577299412915,0.0,0.0,0.0,0.0,0.0,0.0,0.0,0.0,0.0,0.0,0.0
SL2000,81.06864609533157,5.306422918839335,13.066683025581252,0.4048831360039261,0.0,0.15336482424391143,0.0,0.0,0.0,0.0,0.0,0.0,0.0,0.0,0.0,0.0,0.0,0.0,0.0,0.0
SL2001,88.19806403574088,4.2389107541750874,6.759919157536432,0.8031060525476014,0.0,0.0,0.0,0.0,0.0,0.0,0.0,0.0,0.0,0.0,0.0,0.0,0.0,0.0,0.0,0.0
SL2002,91.22553737568174,0.18714575981178483,7.568709228959469,1.0186076355470004,0.0,0.0,0.0,0.0,0.0,0.0,0.0,0.0,0.0,0.0,0.0,0.0,0.0,0.0,0.0,0.0
SL2003,83.41604631927213,5.4342431761786605,7.849462365591398,3.291976840363937,0.0,0.008271298593879239,0.0,0.0,0.0,0.0,0.0,0.0,0.0,0.0,0.0,0.0,0.0,0.0,0.0,0.0
SL2004,62.825520833333336,22.04861111111111,15.125868055555555,0.0,0.0,0.0,0.0,0.0,0.0,0.0,0.0,0.0,0.0,0.0,0.0,0.0,0.0,0.0,0.0,0.0
SL2005,77.83025468793731,5.977120067170445,13.736705849426253,2.380702490904002,0.0,0.0,0.06996921354603974,0.005247691015952981,0.0,0.0,0.0,0.0,0.0,0.0,0.0,0.0,0.0,0.0,0.0,0.0
SL2006,79.24486865444716,11.058366416082439,9.465326463383732,0.03547596925415998,0.0,0.0,0.19596249683250275,0.0,0.0,0.0,0.0,0.0,0.0,0.0,0.0,0.0,0.0,0.0,0.0,0.0
SL2007,8.695652173913043,4.3478260869565215,78.26086956521739,8.695652173913043,0.0,0.0,0.0,0.0,0.0,0.0,0.0,0.0,0.0,0.0,0.0,0.0,0.0,0.0,0.0,0.0
SL2008,33.48162128156736,63.202120967017166,3.316257751415476,0.0,0.0,0.0,0.0,0.0,0.0,0.0,0.0,0.0,0.0,0.0,0.0,0.0,0.0,0.0,0.0,0.0
SL2009,24.145299145299145,1.46011396011396,72.68518518518519,1.7094017094017093,0.0,0.0,0.0,0.0,0.0,0.0,0.0,0.0,0.0,0.0,0.0,0.0,0.0,0.0,0.0,0.0
SL2010,17.91044776119403,0.0,77.61194029850746,4.477611940298507,0.0,0.0,0.0,0.0,0.0,0.0,0.0,0.0,0.0,0.0,0.0,0.0,0.0,0.0,0.0,0.0
SL2011,35.57446808510638,27.829787234042552,36.59574468085106,0.0,0.0,0.0,0.0,0.0,0.0,0.0,0.0,0.0,0.0,0.0,0.0,0.0,0.0,0.0,0.0,0.0
SL2012,77.80875840577333,1.3285222240446122,10.797660051391395,10.059592149144388,0.0,0.0,0.0,0.0,0.0,0.0,0.0,0.005467169646274124,0.0,0.0,0.0,0.0,0.0,0.0,0.0,0.0
SL2013,80.51948051948052,14.221738852280724,5.258780628238756,0.0,0.0,0.0,0.0,0.0,0.0,0.0,0.0,0.0,0.0,0.0,0.0,0.0,0.0,0.0,0.0,0.0
SL2014,93.70434211606337,0.09849790691947796,5.8141125612191855,0.38304741579796986,0.0,0.0,0.0,0.0,0.0,0.0,0.0,0.0,0.0,0.0,0.0,0.0,0.0,0.0,0.0,0.0
SL2015,59.50738916256157,27.832512315270936,6.521620142309797,6.13847837985769,0.0,0.0,0.0,0.0,0.0,0.0,0.0,0.0,0.0,0.0,0.0,0.0,0.0,0.0,0.0,0.0
SL2016,77.56443621922773,8.960345459102038,8.889017407900063,4.58620091377017,0.0,0.0,0.0,0.0,0.0,0.0,0.0,0.0,0.0,0.0,0.0,0.0,0.0,0.0,0.0,0.0
SL2017,93.67134059857447,0.0,6.3286594014255195,0.0,0.0,0.0,0.0,0.0,0.0,0.0,0.0,0.0,0.0,0.0,0.0,0.0,0.0,0.0,0.0,0.0
SL2018,60.6443154148717,11.541487169882,27.37591309233939,0.0,0.43079228319910096,0.0,0.0,0.0,0.0,0.0,0.0,0.0037460198539052258,0.0,0.0,0.0,0.0,0.0,0.0,0.0037460198539052258,0.0
SL2019,47.75871610403985,49.480415667466026,2.760868228494128,0.0,0.0,0.0,0.0,0.0,0.0,0.0,0.0,0.0,0.0,0.0,0.0,0.0,0.0,0.0,0.0,0.0
SL2020,79.34206254734336,10.60491288821556,10.042203224759225,0.0,0.0,0.0,0.0,0.0,0.0,0.0,0.010821339681852614,0.0,0.0,0.0,0.0,0.0,0.0,0.0,0.0,0.0
SL2021,45.024086476324754,17.83574198096581,34.90776641992715,2.2324051227822816,0.0,0.0,0.0,0.0,0.0,0.0,0.0,0.0,0.0,0.0,0.0,0.0,0.0,0.0,0.0,0.0
SL2022,75.9920634920635,4.9603174603174605,19.047619047619047,0.0,0.0,0.0,0.0,0.0,0.0,0.0,0.0,0.0,0.0,0.0,0.0,0.0,0.0,0.0,0.0,0.0
SL2023,13.642213642213642,34.46823446823447,51.842751842751845,0.0,0.0,0.0117000117000117,0.0,0.0,0.0,0.0,0.0,0.0117000117000117,0.0,0.0,0.0,0.0,0.0,0.0,0.0234000234000234,0.0
SL2024,33.835063867931574,17.300366026742363,37.596175394038994,11.268394711287069,0.0,0.0,0.0,0.0,0.0,0.0,0.0,0.0,0.0,0.0,0.0,0.0,0.0,0.0,0.0,0.0
SL2025,28.208852005532503,56.40387275242047,13.236514522821576,2.1507607192254494,0.0,0.0,0.0,0.0,0.0,0.0,0.0,0.0,0.0,0.0,0.0,0.0,0.0,0.0,0.0,0.0
SLP2W,59.39017119495784,19.146580359424238,19.027340090281918,0.0,2.4273911932544077,0.008517162081594414,0.0,0.0,0.0,0.0,0.0,0.0,0.0,0.0,0.0,0.0,0.0,0.0,0.0,0.0
SLPW1B,15.181951634087923,0.5408328826392644,84.18450127482036,0.0,0.0,0.0,0.07726184037703777,0.0,0.0,0.0,0.0,0.0,0.0,0.015452368075407556,0.0,0.0,0.0,0.0,0.0,0.0
SLPW3A,13.638907892281859,0.8955780832141302,84.5574973568008,0.0,0.0,0.9080166677032153,0.0,0.0,0.0,0.0,0.0,0.0,0.0,0.0,0.0,0.0,0.0,0.0,0.0,0.0
SLPW4A,22.524412296564194,0.6292947558770343,76.8390596745027,0.0,0.0,0.0,0.0,0.0,0.0,0.0,0.0,0.0,0.0,0.0,0.0,0.0,0.0,0.0,0.007233273056057866,0.0
SLPW5X,47.40336631988497,5.738814175759114,46.857819504355916,0.0,0.0,0.0,0.0,0.0,0.0,0.0,0.0,0.0,0.0,0.0,0.0,0.0,0.0,0.0,0.0,0.0
SLPW6A,11.768802228412257,3.1337047353760448,85.0974930362117,0.0,0.0,0.0,0.0,0.0,0.0,0.0,0.0,0.0,0.0,0.0,0.0,0.0,0.0,0.0,0.0,0.0
SLPW7,14.903846153846153,0.6410256410256411,84.4551282051282,0.0,0.0,0.0,0.0,0.0,0.0,0.0,0.0,0.0,0.0,0.0,0.0,0.0,0.0,0.0,0.0,0.0
SLPW8,33.333333333333336,1.3333333333333333,65.33333333333333,0.0,0.0,0.0,0.0,0.0,0.0,0.0,0.0,0.0,0.0,0.0,0.0,0.0,0.0,0.0,0.0,0.0
