,Fungi,Viridiplantae,Unclassified,Rhizaria,Choanoflagellozoa,Amoebozoa,Metazoa,Ichthyosporia
SL1501,96.3306798385852,0.0,3.669320161414805,0.0,0.0,0.0,0.0,0.0
SL1502,83.40273808551754,14.087803815900493,2.5094580985819657,0.0,0.0,0.0,0.0,0.0
SL1503,41.78086086313755,0.0,58.21913913686245,0.0,0.0,0.0,0.0,0.0
SL1504,95.6918126564176,0.4647836968180193,3.8434036467643904,0.0,0.0,0.0,0.0,0.0
SL1505,92.06224457717698,0.039295818924866395,7.890600440113172,0.00785916378497328,0.0,0.0,0.0,0.0
SL1506,82.48192917451254,5.570066209074895,11.948004616412561,0.0,0.0,0.0,0.0,0.0
SL1507,87.7612633534603,1.8462610311193683,10.392475615420343,0.0,0.0,0.0,0.0,0.0
SL1508,83.06645938593083,3.7621453556160125,13.171395258453167,0.0,0.0,0.0,0.0,0.0
SL1509,94.54828145158622,0.48959608323133413,4.962122465182441,0.0,0.0,0.0,0.0,0.0
SL1510,90.39173242092032,3.1701696808882063,6.438097898191467,0.0,0.0,0.0,0.0,0.0
SL1511,89.02794653705953,2.01093560145808,8.961117861482382,0.0,0.0,0.0,0.0,0.0
SL1512,92.03606180029993,2.470965716876504,5.492972482823562,0.0,0.0,0.0,0.0,0.0
SL1513,92.82013710816892,0.5939609608038097,6.55450311371605,0.03139881731121461,0.0,0.0,0.0,0.0
SL1514,86.48844333054859,4.603174603174603,8.908382066276802,0.0,0.0,0.0,0.0,0.0
SL1515,87.00578788619875,1.3736039781527676,11.61653215945219,0.004075976196299014,0.0,0.0,0.0,0.0
SL1516,62.7555661011587,9.48313362597382,27.749436469332068,0.011863803535413454,0.0,0.0,0.0,0.0
SL1517,95.3123634775011,0.3800786369593709,4.307557885539537,0.0,0.0,0.0,0.0,0.0
SL1518,89.152568519566,5.520131639841621,5.32729984059238,0.0,0.0,0.0,0.0,0.0
SL1519,96.78050837248524,0.0,3.219491627514757,0.0,0.0,0.0,0.0,0.0
SL1520,92.63271939328277,4.690931451494832,2.6763491552223946,0.0,0.0,0.0,0.0,0.0
SL1521,95.72304516755706,0.0,4.149465760077708,0.12748907236522583,0.0,0.0,0.0,0.0
SL1522,92.06937774805989,4.267217798310133,3.6634044536299717,0.0,0.0,0.0,0.0,0.0
SL1523,90.75499086893409,1.4063402375638003,7.8371080275336755,0.0,0.0,0.0,0.0015608659684392902,0.0
SL1524,87.09941603760149,1.7732516735507762,11.127332288847743,0.0,0.0,0.0,0.0,0.0
SL1525,96.426328068916,0.26022972002871503,3.3134422110552766,0.0,0.0,0.0,0.0,0.0
SL1526,81.60166716284608,14.600433802577298,3.7936460681325226,0.0,0.0,0.0,0.004252966444094756,0.0
SL1527,97.38383524785263,0.6002276725654558,2.0159370795819105,0.0,0.0,0.0,0.0,0.0
SL1528,91.08928258200315,0.5086826872478513,8.40203473074899,0.0,0.0,0.0,0.0,0.0
SL1529,91.9606914515747,0.4735969689793985,7.41968584734391,0.14207909069381955,0.0,0.0,0.0039466414081616545,0.0
SL1530,94.76240483066421,0.0,5.237595169335783,0.0,0.0,0.0,0.0,0.0
SL1531,86.83730947647449,0.45974155069582506,12.702948972829688,0.0,0.0,0.0,0.0,0.0
SL1532,88.53359628116637,1.4959853500493028,9.970418368784335,0.0,0.0,0.0,0.0,0.0
SL1533,94.68612038333154,1.0929255949176269,4.220954021750835,0.0,0.0,0.0,0.0,0.0
SL1534,92.70866333617643,0.0,7.291336663823565,0.0,0.0,0.0,0.0,0.0
SL1535,96.89807114301556,0.3647611543961014,2.737167702588345,0.0,0.0,0.0,0.0,0.0
SL1536,78.67746288798921,7.827260458839406,13.49527665317139,0.0,0.0,0.0,0.0,0.0
SL1537,94.1526656965207,0.0,5.291705252017462,0.5556290514618336,0.0,0.0,0.0,0.0
SL1538,89.97467386629712,0.0,10.025326133702873,0.0,0.0,0.0,0.0,0.0
SL1539,96.26500157534443,0.0,3.7349984246555725,0.0,0.0,0.0,0.0,0.0
SL1540,11.206896551724139,0.0,88.79310344827586,0.0,0.0,0.0,0.0,0.0
SL1541,95.64977636174254,1.9953842697547128,2.354839368502747,0.0,0.0,0.0,0.0,0.0
SL1542,94.49332770544498,1.6007013214714763,3.9059709730835417,0.0,0.0,0.0,0.0,0.0
SL1543,97.48107133119403,0.0,2.518928668805973,0.0,0.0,0.0,0.0,0.0
SL1544,96.5833784585235,0.4873520538407983,2.9292694876356977,0.0,0.0,0.0,0.0,0.0
SL1545,95.38423339540658,0.0223463687150838,4.439478584729981,0.15394165114835506,0.0,0.0,0.0,0.0
SL1546,94.2814019788697,0.0,5.604561462351166,0.11403655877913801,0.0,0.0,0.0,0.0
SL1547,92.56387057860498,0.0,7.436129421395028,0.0,0.0,0.0,0.0,0.0
SL1548,21.30251444635327,1.0620021864750897,77.61986568795876,0.015617679212868968,0.0,0.0,0.0,0.0
SL1549,85.03517587939699,9.55108877721943,5.413735343383585,0.0,0.0,0.0,0.0,0.0
SL1550,94.12627333909445,0.0,5.873726660905544,0.0,0.0,0.0,0.0,0.0
SL1551,96.57577468531004,0.0,3.4242253146899597,0.0,0.0,0.0,0.0,0.0
SL1552,91.54929577464789,0.0,8.450704225352112,0.0,0.0,0.0,0.0,0.0
SL1553,89.73805855161787,0.0,10.261941448382126,0.0,0.0,0.0,0.0,0.0
SL1554,86.72909267032612,1.6063932838230546,11.44656118824669,0.21795285760413302,0.0,0.0,0.0,0.0
SL1555,95.41473641497312,0.0,4.585263585026882,0.0,0.0,0.0,0.0,0.0
SL1556,54.1455938697318,0.0,45.83141762452107,0.01532567049808429,0.0,0.0,0.007662835249042145,0.0
SL1557,92.99568965517241,0.0051313628899835794,6.814449917898194,0.18472906403940886,0.0,0.0,0.0,0.0
SL1558,94.17718778332589,1.9797290897035142,3.843083126970595,0.0,0.0,0.0,0.0,0.0
SL1559,89.99385227904799,5.76714775022688,4.238999970725138,0.0,0.0,0.0,0.0,0.0
SL1560,98.30773818398688,0.0,1.6922618160131206,0.0,0.0,0.0,0.0,0.0
SL1561,92.93316304810558,0.0,6.436007585432873,0.6308293664615504,0.0,0.0,0.0,0.0
SL1562,82.50467530792545,7.1516089507964145,10.343715741278132,0.0,0.0,0.0,0.0,0.0
SL1563,91.08401387179774,2.8414811500167803,6.068911511354738,0.005593466830741693,0.0,0.0,0.0,0.0
SL1564,86.92620569436374,0.05810575246949448,13.015688553166763,0.0,0.0,0.0,0.0,0.0
SL1565,94.43512809267047,0.0,5.5468125177369005,0.01805938959263177,0.0,0.0,0.0,0.0
SL1566,96.61117938405393,0.0,3.1765538301120917,0.21226678583398503,0.0,0.0,0.0,0.0
SL1567,94.37622717814963,1.1634381502212583,4.460334671629107,0.0,0.0,0.0,0.0,0.0
SL1568,90.2673965680598,4.54609257114784,5.186510860792364,0.0,0.0,0.0,0.0,0.0
SL1569,92.8884209518796,0.0,5.730898997391783,1.3806800507286259,0.0,0.0,0.0,0.0
SL1570,91.3179612657073,0.0,8.682038734292705,0.0,0.0,0.0,0.0,0.0
SL1571,94.37254540182926,1.0437808060307336,4.578402171907536,0.005271620232478453,0.0,0.0,0.0,0.0
SL1572,71.49059334298119,0.0,28.509406657018815,0.0,0.0,0.0,0.0,0.0
SL1573,96.2858288616877,0.0,3.7141711383122957,0.0,0.0,0.0,0.0,0.0
SL1574,4.926423544465771,0.0,95.07357645553422,0.0,0.0,0.0,0.0,0.0
SL1575,98.15284232267756,0.0,1.847157677322443,0.0,0.0,0.0,0.0,0.0
SL1576,93.74910905203136,2.767878355904015,3.4830125920646235,0.0,0.0,0.0,0.0,0.0
SL1577,95.38555478018144,0.732728541521284,3.715980460572226,0.16573621772505234,0.0,0.0,0.0,0.0
SL1578,94.87666034155598,0.4248824354426202,4.677831862057586,0.020625360943816517,0.0,0.0,0.0,0.0
SL1579,95.94801862851725,0.6804428455896706,3.3603837251457094,0.01115480074737165,0.0,0.0,0.0,0.0
SL1580,91.73400761169907,0.0,8.260778895782284,0.005213492518638236,0.0,0.0,0.0,0.0
SL1581,95.14253471370394,0.7212599970560817,4.136205289239978,0.0,0.0,0.0,0.0,0.0
SL1582,83.01180408738549,11.257928118393234,5.703840732910501,0.026427061310782242,0.0,0.0,0.0,0.0
SL1583,88.62534948741845,2.814538676607642,8.560111835973904,0.0,0.0,0.0,0.0,0.0
SL1584,92.90495924222415,0.318775900541919,6.776264857233936,0.0,0.0,0.0,0.0,0.0
SL1585,95.40490251597767,0.09707952431033087,4.150149664266645,0.3478682954453523,0.0,0.0,0.0,0.0
SL1586,90.63818280151433,2.6446727961060033,6.717144402379665,0.0,0.0,0.0,0.0,0.0
SL1587,84.2377999020728,0.0,15.762200097927208,0.0,0.0,0.0,0.0,0.0
SL1588,10.294836292555791,0.0,89.68887440951295,0.01628929793125916,0.0,0.0,0.0,0.0
SL1589,95.05591524426133,1.9330256187850439,3.007961339487624,0.0,0.0,0.0,0.003097797466001673,0.0
SL1590,96.35983846260966,0.0,3.6401615373903358,0.0,0.0,0.0,0.0,0.0
SL1591,62.75100401606426,28.45227062094532,8.796725362990424,0.0,0.0,0.0,0.0,0.0
SL1592,94.58578470345047,0.003975194784544443,5.410240101764987,0.0,0.0,0.0,0.0,0.0
SL1593,91.69877408056043,0.10897061685152754,6.795096322241681,1.3971589803463709,0.0,0.0,0.0,0.0
SL1594,85.88259429676738,0.0,14.117405703232613,0.0,0.0,0.0,0.0,0.0
SL1595,95.3356764162745,2.2021008319930107,2.4622227517324915,0.0,0.0,0.0,0.0,0.0
SL1596,65.68130204390613,4.220287660862983,29.451173353520062,0.6472369417108251,0.0,0.0,0.0,0.0
SL1597,84.26108619830593,9.945191828599901,5.79372197309417,0.0,0.0,0.0,0.0,0.0
SL1598,84.9817221770918,13.156647711887354,1.8616301110208502,0.0,0.0,0.0,0.0,0.0
SL1599,94.91081719967961,0.7150252993924239,4.37415750092797,0.0,0.0,0.0,0.0,0.0
SL1600,68.96936203218925,18.07252278456467,12.958115183246074,0.0,0.0,0.0,0.0,0.0
SL1601,92.86846799233666,3.3196802536830283,3.811851753980313,0.0,0.0,0.0,0.0,0.0
SL1602,94.67760714087709,3.0077063813272717,2.281421522426124,0.03326495536951821,0.0,0.0,0.0,0.0
SL1603,73.38506065644437,24.394975060040643,2.2199642835149946,0.0,0.0,0.0,0.0,0.0
SL1604,54.929577464788736,1.408450704225352,40.84507042253521,2.816901408450704,0.0,0.0,0.0,0.0
SL1605,92.84178610804851,3.7127894156560086,3.434399117971334,0.008269018743109152,0.0,0.0,0.0027563395810363835,0.0
SL1606,89.61548824140718,8.754474423617259,1.630037334975559,0.0,0.0,0.0,0.0,0.0
SL1607,70.78324825731379,26.809923706021188,2.40682803666502,0.0,0.0,0.0,0.0,0.0
SL1608,97.69716587794451,0.43277096564220746,1.8700631564132786,0.0,0.0,0.0,0.0,0.0
SL1609,64.08299906505414,34.29743342280665,1.6195675121392163,0.0,0.0,0.0,0.0,0.0
SL1610,99.79832096125575,0.0,0.20167903874424425,0.0,0.0,0.0,0.0,0.0
SL1611,12.589806281737822,85.52943389129209,1.5760767350009404,0.30468309196915555,0.0,0.0,0.0,0.0
SL1612,98.07375117813383,0.15708451146716934,1.7691643103989947,0.0,0.0,0.0,0.0,0.0
SL1613,93.06705428806168,5.32558090543302,1.6073648065052981,0.0,0.0,0.0,0.0,0.0
SL1614,99.08968609865471,0.0,0.9103139013452914,0.0,0.0,0.0,0.0,0.0
SL1615,94.06569030947672,3.3272756427387886,2.607034047784489,0.0,0.0,0.0,0.0,0.0
SL1616,65.64010888554829,27.899890301872993,6.460000812578719,0.0,0.0,0.0,0.0,0.0
SL1617,98.41096943679118,0.0,1.5890305632088166,0.0,0.0,0.0,0.0,0.0
SL1618,85.78408273604326,13.434686639716277,0.7812306242404702,0.0,0.0,0.0,0.0,0.0
SL1619,96.04194319086807,2.1449429254048313,1.8131138837271037,0.0,0.0,0.0,0.0,0.0
SL1620,83.28735850851326,0.0,16.712641491486732,0.0,0.0,0.0,0.0,0.0
SL1621,97.44338933528122,0.0,2.556610664718773,0.0,0.0,0.0,0.0,0.0
SL1622,96.11623537449825,1.515927918695021,2.36783670680673,0.0,0.0,0.0,0.0,0.0
SL1623,97.92596611507065,0.0,2.074033884929345,0.0,0.0,0.0,0.0,0.0
SL1624,97.11152504132015,1.957131988351654,0.9313429703282,0.0,0.0,0.0,0.0,0.0
SL1625,50.0,0.0,50.0,0.0,0.0,0.0,0.0,0.0
SL1626,94.24340425531915,1.804255319148936,3.952340425531915,0.0,0.0,0.0,0.0,0.0
SL1627,90.5023529130736,7.3406110407758645,1.127487279936937,1.0295487662136016,0.0,0.0,0.0,0.0
SL1628,87.58029978586724,0.5139186295503212,11.90578158458244,0.0,0.0,0.0,0.0,0.0
SL1629,95.22815325010762,1.34739560912613,3.4244511407662506,0.0,0.0,0.0,0.0,0.0
SL1630,94.65417580227228,1.5746462029101056,3.7671915487343033,0.003986446083316724,0.0,0.0,0.0,0.0
SL1631,92.25774225774225,4.991674991674992,2.450882450882451,0.2997002997002997,0.0,0.0,0.0,0.0
SL1632,95.82072829131653,0.0,4.179271708683474,0.0,0.0,0.0,0.0,0.0
SL1633,91.83420365535248,1.866840731070496,6.298955613577023,0.0,0.0,0.0,0.0,0.0
SL1634,77.29173928197979,13.57615894039735,9.132101777622864,0.0,0.0,0.0,0.0,0.0
SL1635,90.12807506974384,3.6900836926198326,5.249809789500381,0.9320314481359371,0.0,0.0,0.0,0.0
SL1636,93.85843877521064,2.6715204180489094,3.4700408067404513,0.0,0.0,0.0,0.0,0.0
SL1637,91.95356285028022,0.49639711769415534,7.5500400320256205,0.0,0.0,0.0,0.0,0.0
SL1638,84.89224816664417,0.4094119764250686,11.661492779052503,2.982858685382643,0.0,0.05398839249561344,0.0,0.0
SL1639,85.1692322176717,9.984465470978675,4.846302311349621,0.0,0.0,0.0,0.0,0.0
SL1640,96.72017713811238,0.0,2.8738813543684842,0.4059415075191438,0.0,0.0,0.0,0.0
SL1641,90.01245330012453,0.0,9.987546699875468,0.0,0.0,0.0,0.0,0.0
SL1642,93.09994926433282,1.1973617453069507,5.702688990360223,0.0,0.0,0.0,0.0,0.0
SL1643,91.60409857786415,2.831021994523452,5.564879427612402,0.0,0.0,0.0,0.0,0.0
SL1644,0.0,0.0,100.0,0.0,0.0,0.0,0.0,0.0
SL1645,94.1600867788401,2.025680482328902,3.8142327388310084,0.0,0.0,0.0,0.0,0.0
SL1646,96.1190533882562,0.5451902108068815,3.275179710847266,0.0605766900896535,0.0,0.0,0.0,0.0
SL1647,50.0,0.0,50.0,0.0,0.0,0.0,0.0,0.0
SL1648,97.52189949285385,0.39188566159520516,2.0862148455509453,0.0,0.0,0.0,0.0,0.0
SL1649,95.22784004698742,2.0997503793255348,2.672409573687044,0.0,0.0,0.0,0.0,0.0
SL1650,91.75860830297121,5.89623851798635,2.3451531790424385,0.0,0.0,0.0,0.0,0.0
SL1651,96.15501365981989,0.0,2.2024351580154473,1.64255118216466,0.0,0.0,0.0,0.0
SL1652,97.86017433734021,0.030496327733868712,2.1093293349259192,0.0,0.0,0.0,0.0,0.0
SL1653,95.86897179253867,1.3521383075523203,2.778889899909008,0.0,0.0,0.0,0.0,0.0
SL1654,96.0503118174881,1.2314817251269636,2.7076809725547983,0.0,0.010525484830144989,0.0,0.0,0.0
SL1655,100.0,0.0,0.0,0.0,0.0,0.0,0.0,0.0
SL1656,98.81989832970226,0.0030259017187121763,1.1770757685790365,0.0,0.0,0.0,0.0,0.0
SL1657,97.2993323628332,1.1018523166507705,1.5988153205160383,0.0,0.0,0.0,0.0,0.0
SL1658,98.9826041117554,0.0,1.0173958882445968,0.0,0.0,0.0,0.0,0.0
SL1659,47.17684538737884,46.69897647936013,4.822747915678167,1.0370772046363452,0.0,0.0,0.26435301294651936,0.0
SL1660,86.98015267175573,0.0,12.830534351145038,0.18931297709923664,0.0,0.0,0.0,0.0
SL1661,98.07081189009814,0.0,1.9291881099018533,0.0,0.0,0.0,0.0,0.0
SL1662,94.95709570957095,3.9405940594059405,1.1023102310231023,0.0,0.0,0.0,0.0,0.0
SL1663,97.999472001408,0.3079991786688569,1.692528819923147,0.0,0.0,0.0,0.0,0.0
SL1664,60.749145924841386,4.465592972181552,34.78526110297706,0.0,0.0,0.0,0.0,0.0
SL1665,97.2732079462195,1.6844172520583125,1.0423748017221846,0.0,0.0,0.0,0.0,0.0
SL1666,98.07377886777029,0.0,1.926221132229716,0.0,0.0,0.0,0.0,0.0
SL1667,95.26607239330092,0.2025931928687196,4.531334413830362,0.0,0.0,0.0,0.0,0.0
SL1668,90.99744666831398,5.889135985503665,3.113417346182357,0.0,0.0,0.0,0.0,0.0
SL1669,96.61782527266718,1.8376115456648672,1.544563181667952,0.0,0.0,0.0,0.0,0.0
SL1670,88.17573516464167,9.359042084874098,2.4652227504842403,0.0,0.0,0.0,0.0,0.0
SL1671,96.92069671108449,1.8216299845286221,1.2576733043868842,0.0,0.0,0.0,0.0,0.0
SL1672,88.90890375707669,8.980957282552753,2.110138960370561,0.0,0.0,0.0,0.0,0.0
SL1673,93.01695275548705,5.649147047882234,1.3339001966307062,0.0,0.0,0.0,0.0,0.0
SL1674,96.19367406572,0.0,3.806325934280002,0.0,0.0,0.0,0.0,0.0
SL1675,98.37285788471524,0.46737060758178983,1.15977150770296,0.0,0.0,0.0,0.0,0.0
SL1676,74.98479133714564,20.45260980654581,4.562598856308553,0.0,0.0,0.0,0.0,0.0
SL1677,65.30225207427894,0.0,34.69774792572106,0.0,0.0,0.0,0.0,0.0
SL1678,93.76219132600124,3.656360240713841,2.5814484332849137,0.0,0.0,0.0,0.0,0.0
SL1679,93.17829457364341,4.939707149009474,1.8819982773471144,0.0,0.0,0.0,0.0,0.0
SL1680,96.0223283246735,0.3545850301923887,3.6230866451341104,0.0,0.0,0.0,0.0,0.0
SL1681,98.12601507516762,0.7371007371007371,1.1368841877316453,0.0,0.0,0.0,0.0,0.0
SL1682,99.56220463309269,0.0,0.43779536690730914,0.0,0.0,0.0,0.0,0.0
SL1683,12.011173184357542,0.5586592178770949,87.43016759776536,0.0,0.0,0.0,0.0,0.0
SL1684,95.83333333333333,3.007770632368703,1.1588960342979635,0.0,0.0,0.0,0.0,0.0
SL1685,87.85433372490934,6.35374636089688,5.791919914193779,0.0,0.0,0.0,0.0,0.0
SL1686,99.62772611493767,0.0,0.37227388506232195,0.0,0.0,0.0,0.0,0.0
SL1687,97.26949207376254,0.7505661598188289,1.9799417664186347,0.0,0.0,0.0,0.0,0.0
SL1688,91.4868433032869,5.599562960939634,2.913593735773468,0.0,0.0,0.0,0.0,0.0
SL1689,96.62337662337663,0.983016983016983,2.393606393606394,0.0,0.0,0.0,0.0,0.0
SL1690,97.81937538591531,0.0,2.18062461408469,0.0,0.0,0.0,0.0,0.0
SL1691,93.66226430766675,3.866600215964781,2.471135476368469,0.0,0.0,0.0,0.0,0.0
SL1692,95.05957386048135,0.6663387856768892,4.27408735384176,0.0,0.0,0.0,0.0,0.0
SL1693,92.01067399830187,1.9670076416124207,6.020296769498241,0.0,0.0,0.0,0.002021590587474225,0.0
SL1694,66.17879916121025,15.73586682073009,17.49903710360765,0.5862969144520049,0.0,0.0,0.0,0.0
SL1695,89.38205471589822,2.841017792232638,7.776927491869141,0.0,0.0,0.0,0.0,0.0
SL1696,66.74040588631335,5.992113109550832,27.257862845051456,0.009618159084351255,0.0,0.0,0.0,0.0
SL1697,75.24525534060695,0.0,24.751688518077074,0.0,0.0,0.0,0.0030561413159744507,0.0
SL1698,86.75990675990676,0.8857808857808858,12.354312354312354,0.0,0.0,0.0,0.0,0.0
SL1699,91.00585417775413,0.8515167642362959,8.13702697403434,0.0028010419876193945,0.0,0.0,0.0028010419876193945,0.0
SL1700,85.46984172251533,1.297590189647797,13.232568087836874,0.0,0.0,0.0,0.0,0.0
SL1701,79.94507650058847,0.0,19.364456649666536,0.6904668497449981,0.0,0.0,0.0,0.0
SL1702,74.43120260021668,14.5488314502399,10.992880359077542,0.027085590465872156,0.0,0.0,0.0,0.0
SL1703,91.92449073364988,1.3133711134936437,6.758309082554756,0.0038290703017307397,0.0,0.0,0.0,0.0
SL1704,93.37466497805791,0.5890495685211911,6.036285453420906,0.0,0.0,0.0,0.0,0.0
SL1705,88.44222787521757,1.3991163475699557,10.158655777212479,0.0,0.0,0.0,0.0,0.0
SL1706,95.46086150995832,0.6885903967886368,3.850548093253049,0.0,0.0,0.0,0.0,0.0
SL1707,78.19061228976585,9.277783884797186,12.52610750796966,0.005496317467296911,0.0,0.0,0.0,0.0
SL1708,90.14980214810628,0.0,9.850197851893725,0.0,0.0,0.0,0.0,0.0
SL1709,93.85554284129131,0.06588300565206838,6.078574153056625,0.0,0.0,0.0,0.0,0.0
SL1710,80.0346684826348,16.127035225654677,3.813533089828515,0.0,0.0,0.024763201882003344,0.0,0.0
SL1711,76.80119817121236,0.5833201954910926,22.615481633296547,0.0,0.0,0.0,0.0,0.0
SL1712,77.10672765119868,10.926237981279826,11.967034367521489,0.0,0.0,0.0,0.0,0.0
SL1713,92.45190703880796,0.002223951962637607,7.545869009229401,0.0,0.0,0.0,0.0,0.0
SL1714,94.80548269109987,0.5357076883289614,3.9346806073816825,0.7241290131894927,0.0,0.0,0.0,0.0
SL1715,93.04049416609472,2.0260809883321893,4.925188743994509,0.008236101578586136,0.0,0.0,0.0,0.0
SL1716,49.558906087096,20.607105621942416,29.82997834629882,0.0040099446627636535,0.0,0.0,0.0,0.0
SL1717,93.49923878674318,0.8970605457313503,5.603700667525471,0.0,0.0,0.0,0.0,0.0
SL1718,90.56490245539331,0.0,9.42584064242901,0.009256902177686238,0.0,0.0,0.0,0.0
SL1719,71.78566117167927,19.147037625982406,9.067301202338324,0.0,0.0,0.0,0.0,0.0
SL1720,95.73338615430326,0.0,4.2666138456967415,0.0,0.0,0.0,0.0,0.0
SL1721,16.0,2.6666666666666665,81.33333333333333,0.0,0.0,0.0,0.0,0.0
SL1722,90.24411319939512,0.0,9.745085331605098,0.01080146899978397,0.0,0.0,0.0,0.0
SL1723,94.84197972570065,0.569469290399523,4.525939177101968,0.0626118067978533,0.0,0.0,0.0,0.0
SL1724,80.06142608118203,0.8508342325890264,19.07943886444758,0.008300821781356355,0.0,0.0,0.0,0.0
SL1725,95.65541977051788,0.0,4.344580229482124,0.0,0.0,0.0,0.0,0.0
SL1726,91.5617128463476,0.2518891687657431,8.18639798488665,0.0,0.0,0.0,0.0,0.0
SL1727,86.49988381999844,3.237549376500658,10.26256680350089,0.0,0.0,0.0,0.0,0.0
SL1728,94.05681683109474,0.0,5.931296802567455,0.011886366337810532,0.0,0.0,0.0,0.0
SL1729,91.6847119965353,0.7001587989028439,7.6151292045618595,0.0,0.0,0.0,0.0,0.0
SL1730,94.6494213750851,0.0,5.33356024506467,0.01701837985023826,0.0,0.0,0.0,0.0
SL1731,80.41054723474383,11.858368474625564,7.731084290630604,0.0,0.0,0.0,0.0,0.0
SL1732,88.62539051405851,0.615355486130834,10.75925399981066,0.0,0.0,0.0,0.0,0.0
SL1733,90.0,0.0,9.99473129610116,0.0,0.0,0.0,0.005268703898840885,0.0
SL1734,69.77747110574435,0.0,27.18647576332586,2.9498016215283767,0.0,0.08625150940141453,0.0,0.0
SL1735,89.06136528685548,1.6793754538852579,9.25925925925926,0.0,0.0,0.0,0.0,0.0
SL1736,93.7016471175443,0.0,6.298352882455703,0.0,0.0,0.0,0.0,0.0
SL1737,86.19574919784806,1.0976815999614002,11.536512991242672,1.170056210947866,0.0,0.0,0.0,0.0
SL1738,93.79328180224707,0.580443090715784,5.626275107037154,0.0,0.0,0.0,0.0,0.0
SL1739,87.35723839901225,0.5324621874678465,12.11029941351991,0.0,0.0,0.0,0.0,0.0
SL1740,93.62426226683324,0.551415155300909,5.7769353379571795,0.047387239908671865,0.0,0.0,0.0,0.0
SL1741,82.10022382491917,0.47251927381248443,17.42725690126834,0.0,0.0,0.0,0.0,0.0
SL1742,87.29168484425443,2.3361835790943197,10.372131576651253,0.0,0.0,0.0,0.0,0.0
SL1743,12.0,1.3333333333333333,86.66666666666667,0.0,0.0,0.0,0.0,0.0
SL1744,92.64631657486449,2.198863262305515,5.154820162829994,0.0,0.0,0.0,0.0,0.0
SL1745,90.8829815655891,0.0,9.1170184344109,0.0,0.0,0.0,0.0,0.0
SL1746,95.21752085816448,0.5860150973381009,4.196464044497418,0.0,0.0,0.0,0.0,0.0
SL1747,82.07389217546601,10.525728317892622,7.400379506641366,0.0,0.0,0.0,0.0,0.0
SL1748,92.2562196168144,0.0,7.743780383185587,0.0,0.0,0.0,0.0,0.0
SL1749,92.63522215067611,0.008048937540244688,7.3567289117836445,0.0,0.0,0.0,0.0,0.0
SL1750,94.87895716945997,0.0,5.121042830540037,0.0,0.0,0.0,0.0,0.0
SL1751,20.0,2.857142857142857,77.14285714285714,0.0,0.0,0.0,0.0,0.0
SL1752,90.25969475705296,5.388701245918181,4.351603997028857,0.0,0.0,0.0,0.0,0.0
SL1753,93.4762091112083,1.5423217697566816,4.981469119035013,0.0,0.0,0.0,0.0,0.0
SL1754,89.1891891891892,0.4095848425745333,10.401225968236277,0.0,0.0,0.0,0.0,0.0
SL1755,89.81221854023282,1.474211912651882,8.713569547115302,0.0,0.0,0.0,0.0,0.0
SL1756,89.05679849618518,0.0,10.851055987615643,0.09214551619918175,0.0,0.0,0.0,0.0
SL1757,94.35339308578745,0.4844216816047802,4.965855740503628,0.010670081092616303,0.1856594110115237,0.0,0.0,0.0
SL1758,91.45209069158027,1.9283354221260112,6.619573886293722,0.0,0.0,0.0,0.0,0.0
SL1759,17.76224656844226,0.5100113335851908,81.71514922553834,0.012592872434202242,0.0,0.0,0.0,0.0
SL1760,83.38040853084449,0.0,16.619591469155512,0.0,0.0,0.0,0.0,0.0
SL1761,85.0186021791124,3.9795376029763485,10.676322083444061,0.32553813446718044,0.0,0.0,0.0,0.0
SL1762,78.46586623723424,5.728030658213914,15.781641763662678,0.024461340889169743,0.0,0.0,0.0,0.0
SL1763,79.07793469326758,8.596727191212732,12.325338115519688,0.0,0.0,0.0,0.0,0.0
SL1764,71.54843630816171,0.6102212051868803,27.84134248665141,0.0,0.0,0.0,0.0,0.0
SL1765,92.62381813837594,1.5359934464279619,5.806055227497696,0.00682663753967983,0.0,0.0,0.0,0.02730655015871932
SL1766,86.39245929734362,0.9288774635818338,12.66152527849186,0.01713796058269066,0.0,0.0,0.0,0.0
SL1767,97.00773724932891,0.29475235538712563,2.6975103952839623,0.0,0.0,0.0,0.0,0.0
SL1768,91.23805141291389,3.135392917651488,5.626555669434626,0.0,0.0,0.0,0.0,0.0
SL1769,79.37344725201478,3.678119129855178,11.594861540326,5.353572077804036,0.0,0.0,0.0,0.0
SL1770,73.23906781880073,17.907174653050536,8.85375752814873,0.0,0.0,0.0,0.0,0.0
SL1771,79.26909899621326,11.107771833864279,9.623129169922462,0.0,0.0,0.0,0.0,0.0
SL1772,87.78632824805365,2.9161603888213854,9.297511363124972,0.0,0.0,0.0,0.0,0.0
SL1773,21.094436018200685,0.0,78.90157260317714,0.0039913786221761,0.0,0.0,0.0,0.0
SL1774,74.29169992019155,0.0,24.49122106943336,1.2137536578877361,0.0033253524873636604,0.0,0.0,0.0
SL1775,64.5567779770271,30.233121698250375,5.210100324722532,0.0,0.0,0.0,0.0,0.0
SL1776,91.63856625452729,0.0,8.361433745472711,0.0,0.0,0.0,0.0,0.0
SL1777,98.18132341602794,0.0,1.800535171663114,0.01814141230894825,0.0,0.0,0.0,0.0
SL1778,88.05046417519638,1.5829564389431088,10.323732444656034,0.040466555582004286,0.0,0.0,0.00238038562247084,0.0
SL1779,89.41212213276621,0.041774267051496276,9.740999544280722,0.8051040559015646,0.0,0.0,0.0,0.0
SL1780,93.76337780384108,1.3517079607095734,4.884914235449347,0.0,0.0,0.0,0.0,0.0
SL1781,91.5678616264472,0.0,5.903891756172409,2.528246617380388,0.0,0.0,0.0,0.0
SL1782,85.30443639655952,4.877772747849706,9.817790855590765,0.0,0.0,0.0,0.0,0.0
SL1783,92.51414331896552,2.0474137931034484,5.438442887931035,0.0,0.0,0.0,0.0,0.0
SL1784,97.59231392522283,0.0,2.4076860747771733,0.0,0.0,0.0,0.0,0.0
SL1785,88.14254401470693,3.0156261047868202,8.841829880506257,0.0,0.0,0.0,0.0,0.0
SL1786,92.58997357549592,2.4973017231754064,4.7601324946964905,0.15259220663217835,0.0,0.0,0.0,0.0
SL1787,88.44475887277444,2.6215462013127384,8.933694925912825,0.0,0.0,0.0,0.0,0.0
SL1788,88.7504359681664,0.44072418275785535,10.80566917150195,0.0031706775737975206,0.0,0.0,0.0,0.0
SL1789,93.14185603396463,0.002557577462627399,6.236652642616913,0.6189337459558306,0.0,0.0,0.0,0.0
SL1790,71.7191418222346,1.3095569796600723,26.971301198105323,0.0,0.0,0.0,0.0,0.0
SL1791,78.69146314138472,0.0,21.30853685861528,0.0,0.0,0.0,0.0,0.0
SL1792,41.57606332086631,0.0,58.415238757936855,0.0,0.0,0.0,0.008697921196833956,0.0
SL1793,93.56613865459782,0.0,6.404717822121649,0.029143523280532126,0.0,0.0,0.0,0.0
SL1794,88.53075585392486,2.998746309701945,8.470497836373195,0.0,0.0,0.0,0.0,0.0
SL1795,90.26505381126034,0.0,9.734946188739661,0.0,0.0,0.0,0.0,0.0
SL1796,10.240726124704025,0.0,89.71981057616416,0.0,0.03946329913180742,0.0,0.0,0.0
SL1797,94.36754684838161,0.2821550255536627,5.339650766609881,0.005323679727427598,0.0,0.005323679727427598,0.0,0.0
SL1798,95.73054496523885,0.9082753980713164,2.8425655976676385,0.5186140390222023,0.0,0.0,0.0,0.0
SL1799,91.11906106822319,0.9634092763446934,7.917529655432122,0.0,0.0,0.0,0.0,0.0
SL1800,87.50967342516638,1.7799102306144559,10.710416344219162,0.0,0.0,0.0,0.0,0.0
SL1801,88.73790879778903,0.4951635191156149,10.766927683095348,0.0,0.0,0.0,0.0,0.0
SL1802,89.5968143354903,2.857142857142857,7.539406006304961,0.00663680106188817,0.0,0.0,0.0,0.0
SL1803,91.60812117305834,0.3287141475990977,8.063164679342572,0.0,0.0,0.0,0.0,0.0
SL1804,80.35257005010206,0.6309148264984227,19.016515123399518,0.0,0.0,0.0,0.0,0.0
SL1805,92.71911663216011,0.0,7.280883367839889,0.0,0.0,0.0,0.0,0.0
SL1806,95.1281365090288,0.3262351696805189,4.545628321290668,0.0,0.0,0.0,0.0,0.0
SL1807,87.24581638775918,0.4133608907260484,12.334155610374024,0.006667111140742716,0.0,0.0,0.0,0.0
SL1808,96.91136330986927,0.0,3.0886366901307283,0.0,0.0,0.0,0.0,0.0
SL1809,93.72592489954275,0.0,6.066232506581682,0.20784259387557158,0.0,0.0,0.0,0.0
SL1810,91.82835082161948,0.27717283706196794,7.89447634131855,0.0,0.0,0.0,0.0,0.0
SL1811,93.74887035554752,0.0,6.251129644452478,0.0,0.0,0.0,0.0,0.0
SL1812,41.5197146819893,0.0,58.410937190410145,0.06934812760055478,0.0,0.0,0.0,0.0
SL1813,88.8208172803638,3.3600707383313333,7.81911198130487,0.0,0.0,0.0,0.0,0.0
SL1814,82.67791752905589,0.0,17.322082470944117,0.0,0.0,0.0,0.0,0.0
SL1815,76.52173913043478,14.47987117552335,8.998389694041869,0.0,0.0,0.0,0.0,0.0
SL1816,89.3783844765343,1.483528880866426,9.138086642599278,0.0,0.0,0.0,0.0,0.0
SL1817,91.70735960934775,0.0653993721660272,8.21852110219742,0.008719916288803628,0.0,0.0,0.0,0.0
SL1818,48.92585551330799,43.01964512040558,8.05449936628644,0.0,0.0,0.0,0.0,0.0
SL1819,96.42489711934157,0.0,3.575102880658436,0.0,0.0,0.0,0.0,0.0
SL1820,69.07331596576107,0.3442500930405657,30.582433941198364,0.0,0.0,0.0,0.0,0.0
SL1821,95.53762454917782,0.0,4.462375450822178,0.0,0.0,0.0,0.0,0.0
SL1822,90.7164146152997,3.300585053537918,5.98300033116238,0.0,0.0,0.0,0.0,0.0
SL1823,94.70110042629126,0.2974125111529692,5.001487062555765,0.0,0.0,0.0,0.0,0.0
SL1824,94.34089076082086,0.0,5.659109239179138,0.0,0.0,0.0,0.0,0.0
SL1825,84.50941213587129,8.197497108002944,7.293090756125776,0.0,0.0,0.0,0.0,0.0
SL1826,93.38576540192015,0.8892195415736706,5.725015056506182,0.0,0.0,0.0,0.0,0.0
SL1827,93.3600246381275,1.2811826301201108,5.3156760086233446,0.043116723129042196,0.0,0.0,0.0,0.0
SL1828,8.095238095238095,0.0,91.9047619047619,0.0,0.0,0.0,0.0,0.0
SL1829,91.63924699282593,0.8171961810237877,7.543556826150278,0.0,0.0,0.0,0.0,0.0
SL1830,93.18992009834051,2.071296865396435,4.6465888137676705,0.09219422249539029,0.0,0.0,0.0,0.0
SL1831,91.32057492257603,1.9614071309457635,6.654490590010323,0.06352735646787898,0.0,0.0,0.0,0.0
SL1832,91.9608695652174,0.4826086956521739,7.543478260869565,0.013043478260869565,0.0,0.0,0.0,0.0
SL1833,86.46799116997792,5.2170713760117735,8.153053715967623,0.16188373804267844,0.0,0.0,0.0,0.0
SL1834,90.64970467969106,0.5179463880054521,8.832348932303498,0.0,0.0,0.0,0.0,0.0
SL1835,87.34174269223608,0.0,12.658257307763918,0.0,0.0,0.0,0.0,0.0
SL1836,43.04848647200643,0.0,56.95151352799357,0.0,0.0,0.0,0.0,0.0
SL1837,91.64280240390433,2.3474367765094986,6.001694026539749,0.008066793046424395,0.0,0.0,0.0,0.0
SL1838,92.44301720827953,0.0,7.556982791720479,0.0,0.0,0.0,0.0,0.0
SL1839,93.6057378830689,0.0,6.394262116931102,0.0,0.0,0.0,0.0,0.0
SL1840,93.75860145062302,0.5579319323042589,5.6834666170727175,0.0,0.0,0.0,0.0,0.0
SL1841,93.36383989944616,0.0,5.907537609489768,0.7286224910640637,0.0,0.0,0.0,0.0
SL1842,89.470664180175,1.6425190073160236,8.876057954382441,0.010758858126524171,0.0,0.0,0.0,0.0
SL1843,70.09184544868332,23.264609003293888,6.643545548022796,0.0,0.0,0.0,0.0,0.0
SL1844,76.31168831168831,1.5962219598583236,22.082644628099175,0.009445100354191263,0.0,0.0,0.0,0.0
SL1845,91.17040736331698,0.5197293922940681,8.309863244388955,0.0,0.0,0.0,0.0,0.0
SL1846,91.0574412532637,1.174934725848564,7.7676240208877285,0.0,0.0,0.0,0.0,0.0
SL1847,86.31923729309236,7.937064982160613,5.743697724747031,0.0,0.0,0.0,0.0,0.0
SL1848,96.9829429372357,0.0,3.012305791799306,0.004751270964983133,0.0,0.0,0.0,0.0
SL1849,88.09118302109262,0.013101008777675881,11.397877636578016,0.4978383335516835,0.0,0.0,0.0,0.0
SL1850,84.1326871657754,7.348763368983957,8.51854946524064,0.0,0.0,0.0,0.0,0.0
SL1851,87.0774190659562,0.7209062821833162,12.201674651860476,0.0,0.0,0.0,0.0,0.0
SL1852,11.343529250394349,0.0,88.63589602907894,0.013716480351141896,0.0,0.0,0.006858240175570948,0.0
SL1853,91.90387242465638,0.5157657029747136,7.577573949650116,0.0,0.0027879227187822355,0.0,0.0,0.0
SL1854,90.8183766407715,1.346102330565229,7.8355210286632735,0.0,0.0,0.0,0.0,0.0
SL1855,91.4836770476747,0.0,8.51632295232529,0.0,0.0,0.0,0.0,0.0
SL1856,37.254901960784316,1.9607843137254901,60.78431372549019,0.0,0.0,0.0,0.0,0.0
SL1857,8.834266244828425,0.02433682161109759,91.14139693356047,0.0,0.0,0.0,0.0,0.0
SL1858,79.29287485178398,0.0,20.70712514821602,0.0,0.0,0.0,0.0,0.0
SL1859,88.84964682139254,0.31281533804238143,10.837537840565085,0.0,0.0,0.0,0.0,0.0
SL1860,8.951772737282537,0.0,91.02620568156793,0.011010790574763268,0.0,0.0,0.011010790574763268,0.0
SL1861,91.72763083849183,0.03751641343087601,8.234852748077284,0.0,0.0,0.0,0.0,0.0
SL1862,25.062972292191436,0.12594458438287154,74.81108312342569,0.0,0.0,0.0,0.0,0.0
SL1863,97.26204006853382,0.342669086837775,2.395290844628408,0.0,0.0,0.0,0.0,0.0
SL1864,91.8295081967213,1.1737704918032787,6.99672131147541,0.0,0.0,0.0,0.0,0.0
SL1865,92.79712325248596,1.2916009246688438,5.364547022346164,0.5467288004990276,0.0,0.0,0.0,0.0
SL1866,92.8869723104857,0.02723558783477077,7.0857921016795276,0.0,0.0,0.0,0.0,0.0
SL1867,91.61352424497653,3.847310792925039,4.539164962098424,0.0,0.0,0.0,0.0,0.0
SL1868,89.80241595655023,0.0,10.183537784436744,0.0140462590130162,0.0,0.0,0.0,0.0
SL1869,85.0330336297253,7.903233818488897,7.043862699319457,0.0,0.01986985246634544,0.0,0.0,0.0
SL1870,96.2776176753122,0.5763688760806917,3.1460134486071087,0.0,0.0,0.0,0.0,0.0
SL1871,88.59718176808627,1.1394946075730144,10.263323624340707,0.0,0.0,0.0,0.0,0.0
SL1872,5.2631578947368425,0.0,94.73684210526316,0.0,0.0,0.0,0.0,0.0
SL1873,94.48429778415431,0.0,4.870078112545832,0.6456241032998565,0.0,0.0,0.0,0.0
SL1874,89.20220082530949,0.5109058754175673,10.286893299272942,0.0,0.0,0.0,0.0,0.0
SL1875,95.16964344997012,0.0,4.830356550029879,0.0,0.0,0.0,0.0,0.0
SL1876,10.671081115497262,0.025467974022666498,89.29071692346874,0.012733987011333249,0.0,0.0,0.0,0.0
SL1877,94.45794178317671,1.3706165482466193,4.1714416685766675,0.0,0.0,0.0,0.0,0.0
SL1878,93.53870345221928,2.0584661568150953,4.402830390965621,0.0,0.0,0.0,0.0,0.0
SL1879,95.27610512066471,0.0,4.723894879335294,0.0,0.0,0.0,0.0,0.0
SL1880,92.89510301932975,0.0,6.58854297641201,0.0,0.5163540042582441,0.0,0.0,0.0
SL1881,91.25739088827369,0.9193752349704365,7.82323387675587,0.0,0.0,0.0,0.0,0.0
SL1882,91.61680911680912,0.0,8.383190883190883,0.0,0.0,0.0,0.0,0.0
SL1883,94.8816402609506,2.374650512581547,2.743709226467847,0.0,0.0,0.0,0.0,0.0
SL1884,91.58856878398704,2.1936827490454704,6.217748466967488,0.0,0.0,0.0,0.0,0.0
SL1885,89.1606924606432,2.227329940349149,8.611977599007643,0.0,0.0,0.0,0.0,0.0
SL1886,95.6979569795698,0.0011250112501125012,4.300918009180092,0.0,0.0,0.0,0.0,0.0
SL1887,96.37115570801907,0.33945710768201,3.2893871842989135,0.0,0.0,0.0,0.0,0.0
SL1888,95.47582940910421,0.7688828584350973,3.7552877324606913,0.0,0.0,0.0,0.0,0.0
SL1889,86.46529495342841,9.461663947797716,4.073041098773878,0.0,0.0,0.0,0.0,0.0
SL1890,97.26403823178016,0.0,2.7359617682198327,0.0,0.0,0.0,0.0,0.0
SL1891,95.46999468932555,0.04779607010090282,4.482209240573553,0.0,0.0,0.0,0.0,0.0
SL1892,87.92427542301893,1.0118947897470263,11.00351817724912,0.0603116099849221,0.0,0.0,0.0,0.0
SL1893,95.90738464604857,0.0,4.051091253363452,0.04152410058798126,0.0,0.0,0.0,0.0
SL1894,94.25623765274018,0.0,5.743762347259823,0.0,0.0,0.0,0.0,0.0
SL1895,87.48783126014062,0.2893455922120065,12.222823147647377,0.0,0.0,0.0,0.0,0.0
SL1896,94.98942123267356,0.0,5.010578767326439,0.0,0.0,0.0,0.0,0.0
SL1897,94.15860338913633,1.494906056417345,4.346490554446322,0.0,0.0,0.0,0.0,0.0
SL1898,90.5377538071066,1.5016920473773265,7.960554145516075,0.0,0.0,0.0,0.0,0.0
SL1899,96.28157025256202,0.16520132161057288,3.5504284034272273,0.0028000224001792015,0.0,0.0,0.0,0.0
SL1900,91.17048997605097,2.2397614134445933,6.589748610504436,0.0,0.0,0.0,0.0,0.0
SL1901,93.62561874936863,0.956325554769842,5.4180556958615345,0.0,0.0,0.0,0.0,0.0
SL1902,74.69036588824808,0.018908953389429894,22.214868740348557,2.993917619993067,0.0,0.08193879802086287,0.0,0.0
SL1903,89.14482352394091,0.6587819509246199,9.813525956008867,0.3828685691256026,0.0,0.0,0.0,0.0
SL1904,92.19749717726759,2.796857357922469,4.5610651110274745,0.4445803537824614,0.0,0.0,0.0,0.0
SL1905,90.9979867702042,4.8009367681498825,3.8045934508402155,0.3964830108057028,0.0,0.0,0.0,0.0
SL1906,94.23065834842072,1.1877717171950137,4.5815699343842615,0.0,0.0,0.0,0.0,0.0
SL1907,94.39465536907284,2.682499592634838,2.9228450382923254,0.0,0.0,0.0,0.0,0.0
SL1908,76.06011372867587,17.84727863525589,6.092607636068237,0.0,0.0,0.0,0.0,0.0
SL1909,89.3042368148089,2.0226601771323707,8.671108274156227,0.001994733902497407,0.0,0.0,0.0,0.0
SL1910,91.95198771487222,1.8709748186219972,6.17703746650579,0.0,0.0,0.0,0.0,0.0
SL1911,95.08939386598188,0.0,4.910606134018121,0.0,0.0,0.0,0.0,0.0
SL1912,86.88192793768093,3.3818926360876422,9.733825986679532,0.0,0.0,0.0,0.0023534395519051094,0.0
SL1913,92.85260163961854,0.0,6.862974736489877,0.28442362389158443,0.0,0.0,0.0,0.0
SL1914,93.1688650056994,4.260978125169625,2.5701568691309777,0.0,0.0,0.0,0.0,0.0
SL1915,54.54545454545455,0.0,45.45454545454545,0.0,0.0,0.0,0.0,0.0
SL1916,33.333333333333336,0.0,66.66666666666667,0.0,0.0,0.0,0.0,0.0
SL1917,88.25768198389487,2.0872561195464927,9.655061896558632,0.0,0.0,0.0,0.0,0.0
SL1918,96.60487846885832,0.17223191026717474,3.2228896208745077,0.0,0.0,0.0,0.0,0.0
SL1919,89.93151801728355,6.337300940268493,3.7311810424479592,0.0,0.0,0.0,0.0,0.0
SL1920,91.42564051240993,1.3485788630904725,7.170736589271417,0.05504403522818255,0.0,0.0,0.0,0.0
SL1921,94.33953574060428,0.976418570375829,4.6840456890198965,0.0,0.0,0.0,0.0,0.0
SL1922,72.20730474953082,0.0,27.789807997690197,0.0028872527789808,0.0,0.0,0.0,0.0
SL1923,90.9599800966733,0.6539664486778505,8.386053454648849,0.0,0.0,0.0,0.0,0.0
SL1924,46.87438277700968,0.0,53.12067943906774,0.004937783922575548,0.0,0.0,0.0,0.0
SL1925,93.7415153816065,2.6621568762798833,3.596327742113619,0.0,0.0,0.0,0.0,0.0
SL1926,94.58280173513651,2.0847154886450627,3.332482776218423,0.0,0.0,0.0,0.0,0.0
SL1927,96.28268345493913,0.0,3.7173165450608634,0.0,0.0,0.0,0.0,0.0
SL1928,94.81974021383759,1.4867014226385085,3.693558363523902,0.0,0.0,0.0,0.0,0.0
SL1929,13.648468708388815,0.0,86.34043497558811,0.0,0.0,0.0,0.011096316023080338,0.0
SL1930,95.08954994848412,1.0500471315518338,3.8604029199640486,0.0,0.0,0.0,0.0,0.0
SL1931,86.08427411580729,5.282663182022665,8.630920502988367,0.0,0.0,0.0,0.0021421991816799124,0.0
SL1932,94.23911051377604,0.9163663021565154,4.8445231840674445,0.0,0.0,0.0,0.0,0.0
SL1933,96.32468316234159,0.0528062764031382,3.6225105612552806,0.0,0.0,0.0,0.0,0.0
SL1934,92.58508366447707,1.4354066985645932,5.979509636958343,0.0,0.0,0.0,0.0,0.0
SL1935,92.20631766757228,1.4395198897043915,6.354162442723329,0.0,0.0,0.0,0.0,0.0
SL1936,16.666666666666668,0.0,83.33333333333333,0.0,0.0,0.0,0.0,0.0
SL1937,94.55805450448536,0.67599166702096,4.676671910207899,0.08928191828578717,0.0,0.0,0.0,0.0
SL1938,9.202453987730062,0.0,90.79754601226993,0.0,0.0,0.0,0.0,0.0
SL1939,92.65954985623162,1.533529431206002,5.806920712562382,0.0,0.0,0.0,0.0,0.0
SL1940,96.20655582764103,0.0,3.793444172358981,0.0,0.0,0.0,0.0,0.0
SL1941,96.42371401165371,0.753053014359547,2.5068361751778836,0.08160460421766955,0.0,0.23479219459118958,0.0,0.0
SL1942,95.80564137900376,0.02667318677899042,4.163239903087422,0.0044455311298317365,0.0,0.0,0.0,0.0
SL1943,90.20152883947186,0.0,2.980464828970736,6.818006331557409,0.0,0.0,0.0,0.0
SL1944,70.8980247400603,1.7132069091831272,21.195299952097834,6.193468398658739,0.0,0.0,0.0,0.0
SL1945,81.12088514540606,13.356923920356849,5.44244810486182,0.07974282937526476,0.0,0.0,0.0,0.0
SL1946,90.01662971175166,6.840354767184036,3.0783444198078342,0.0646711012564671,0.0,0.0,0.0,0.0
SL1947,96.55618311533888,0.04756242568370987,3.396254458977408,0.0,0.0,0.0,0.0,0.0
SL1948,89.65185938736295,3.8600655589465354,6.488075053690516,0.0,0.0,0.0,0.0,0.0
SL1949,94.45195091686199,0.005514959327174962,5.542534123810837,0.0,0.0,0.0,0.0,0.0
SL1950,94.89984307209453,0.8492569002123143,4.2509000276931594,0.0,0.0,0.0,0.0,0.0
SL1951,94.37970317725753,0.3448996655518395,5.2753971571906355,0.0,0.0,0.0,0.0,0.0
SL1952,89.39653531315439,3.033187384986357,7.570277301859255,0.0,0.0,0.0,0.0,0.0
SL1953,93.07259600478363,1.8447978030739247,5.082606192142446,0.0,0.0,0.0,0.0,0.0
SL1954,94.85651916867525,0.0,5.143480831324753,0.0,0.0,0.0,0.0,0.0
SL1955,89.5449818723476,0.0,10.455018127652398,0.0,0.0,0.0,0.0,0.0
SL1956,95.40898120254391,0.02994908655286014,4.561069710903229,0.0,0.0,0.0,0.0,0.0
SL1957,88.82207429157533,3.9579269151097076,7.219998793314965,0.0,0.0,0.0,0.0,0.0
SL1958,91.44522056032191,3.431781945182598,5.1097107281147975,0.013286766380684838,0.0,0.0,0.0,0.0
SL1959,95.61172986276227,1.6174446252033539,2.770825512034372,0.0,0.0,0.0,0.0,0.0
SL1960,95.28261270680854,0.4797343010025217,4.000861061565902,0.23679193062303955,0.0,0.0,0.0,0.0
SL1961,81.31702134723282,0.5228910062746921,17.51767869592643,0.6424089505660503,0.0,0.0,0.0,0.0
SL1962,5.179063360881543,0.0,94.82093663911846,0.0,0.0,0.0,0.0,0.0
SL1963,93.14086582048958,3.0343381686310065,3.8247960108794197,0.0,0.0,0.0,0.0,0.0
SL1964,92.35399202968256,2.5532499656451835,5.092758004672255,0.0,0.0,0.0,0.0,0.0
SL1965,12.542871141597256,0.02449779519843214,87.40813326800588,0.01224889759921607,0.0,0.0,0.01224889759921607,0.0
SL1966,97.75631820792648,0.0,2.243681792073521,0.0,0.0,0.0,0.0,0.0
SL1967,90.51968577139404,1.5943847905917352,7.38158322874541,0.5043462092688142,0.0,0.0,0.0,0.0
SL1968,90.58114975219056,5.8428658064785965,3.575984441330852,0.0,0.0,0.0,0.0,0.0
SL1969,96.2340982985574,0.056819975378010666,3.709081726064585,0.0,0.0,0.0,0.0,0.0
SL1970,78.48432055749129,16.384225530566994,5.12749445676275,0.0039594551789673745,0.0,0.0,0.0,0.0
SL1971,80.55321050802006,2.5127874062670705,16.934002085712866,0.0,0.0,0.0,0.0,0.0
SL1972,69.98546088979354,18.929921488804887,11.08461762140157,0.0,0.0,0.0,0.0,0.0
SL1973,95.5365725374975,0.0018136641456735043,4.4616137983568205,0.0,0.0,0.0,0.0,0.0
SL1974,97.71148539347226,0.0,2.2853427221112064,0.0031718844165318618,0.0,0.0,0.0,0.0
SL1975,92.92109388608256,0.7768681414387737,6.127852290541718,0.17418568193694478,0.0,0.0,0.0,0.0
SL1976,32.3826714801444,0.36101083032490977,67.25631768953069,0.0,0.0,0.0,0.0,0.0
SL1977,89.53328945925195,1.4793791817483821,8.386804870023035,0.6005264889766371,0.0,0.0,0.0,0.0
SL1978,91.85699475354214,1.6242028211491941,6.517231629543526,0.0,0.0,0.0,0.0015707957651346172,0.0
SL1979,95.67965593640037,0.4268213215170077,3.8935227420826273,0.0,0.0,0.0,0.0,0.0
SL1980,93.84951343100049,1.1151864651133208,5.0353001038861915,0.0,0.0,0.0,0.0,0.0
SL1981,91.65635313531354,1.018976897689769,7.3246699669967,0.0,0.0,0.0,0.0,0.0
SL1982,87.34827892456335,2.720887046855236,9.930834028581424,0.0,0.0,0.0,0.0,0.0
SL1983,97.68585478738791,0.0,2.3141452126120914,0.0,0.0,0.0,0.0,0.0
SL1984,84.26555531183739,0.23396943774219492,15.500475250420413,0.0,0.0,0.0,0.0,0.0
SL1985,93.97695530726257,0.0,6.023044692737431,0.0,0.0,0.0,0.0,0.0
SL1986,95.0257030541276,0.48684608406410645,4.100393105533716,0.3870577562745691,0.0,0.0,0.0,0.0
SL1987,90.94592781430296,0.3461693277874681,8.707902857909566,0.0,0.0,0.0,0.0,0.0
SL1988,95.78012890672504,0.0,4.219871093274961,0.0,0.0,0.0,0.0,0.0
SL1989,80.14562695792058,0.6180679028024723,19.236305139276944,0.0,0.0,0.0,0.0,0.0
SL1990,86.64530312628088,5.171964079442561,8.182732794276559,0.0,0.0,0.0,0.0,0.0
SL1991,94.08067429259482,1.4015653220951234,4.517760385310054,0.0,0.0,0.0,0.0,0.0
SL1992,83.28343536351043,12.024665981500513,4.6784932302605124,0.01340542472854015,0.0,0.0,0.0,0.0
SL1993,7.8125,0.0,92.1875,0.0,0.0,0.0,0.0,0.0
SL1994,95.83564840537838,0.001389043227025225,4.1629625513946,0.0,0.0,0.0,0.0,0.0
SL1995,44.59489292810361,0.0,55.40510707189639,0.0,0.0,0.0,0.0,0.0
SL1996,91.22361337930201,0.2721829069134458,8.49210669569951,0.012097018085042037,0.0,0.0,0.0,0.0
SL1997,93.3937223509585,1.1207078154623973,5.481356646302928,0.0,0.0,0.0,0.0042131872761744255,0.0
SL1998,85.44638822542122,4.6962752566006065,9.854108837389452,0.0032276805887289394,0.0,0.0,0.0,0.0
SL1999,85.04892367906066,0.0,14.794520547945206,0.15655577299412915,0.0,0.0,0.0,0.0
SL2000,86.64499110484019,0.4048831360039261,12.796760934911969,0.15336482424391143,0.0,0.0,0.0,0.0
SL2001,92.47420487182215,0.8031060525476014,6.722689075630252,0.0,0.0,0.0,0.0,0.0
SL2002,91.46080633087371,1.0186076355470004,7.5205860335792964,0.0,0.0,0.0,0.0,0.0
SL2003,88.85856079404466,3.291976840363937,7.841191066997519,0.008271298593879239,0.0,0.0,0.0,0.0
SL2004,86.80555555555556,0.0,13.194444444444445,0.0,0.0,0.0,0.0,0.0
SL2005,85.48838511055136,2.380702490904002,12.130912398544641,0.0,0.0,0.0,0.0,0.0
SL2006,91.9993242672523,0.03547596925415998,7.965199763493538,0.0,0.0,0.0,0.0,0.0
SL2007,13.043478260869565,8.695652173913043,78.26086956521739,0.0,0.0,0.0,0.0,0.0
SL2008,96.68374224858452,0.0,3.316257751415476,0.0,0.0,0.0,0.0,0.0
SL2009,32.26495726495727,1.7094017094017093,66.02564102564102,0.0,0.0,0.0,0.0,0.0
SL2010,17.91044776119403,4.477611940298507,77.61194029850746,0.0,0.0,0.0,0.0,0.0
SL2011,64.0,0.0,36.0,0.0,0.0,0.0,0.0,0.0
SL2012,79.17555081734186,10.059592149144388,10.76485703351375,0.0,0.0,0.0,0.0,0.0
SL2013,95.8415968268185,0.0,4.158403173181498,0.0,0.0,0.0,0.0,0.0
SL2014,93.80831212892282,0.38304741579796986,5.808640455279214,0.0,0.0,0.0,0.0,0.0
SL2015,90.311986863711,6.13847837985769,3.5495347564313082,0.0,0.0,0.0,0.0,0.0
SL2016,92.23873691515817,4.58620091377017,3.1750621710716556,0.0,0.0,0.0,0.0,0.0
SL2017,93.67493132731288,0.0,6.325068672687122,0.0,0.0,0.0,0.0,0.0
SL2018,79.13841543360179,0.0,20.857838546544297,0.0,0.0,0.0,0.0037460198539052258,0.0
SL2019,97.23913177150587,0.0,2.760868228494128,0.0,0.0,0.0,0.0,0.0
SL2020,90.44475706092415,0.0,9.555242939075857,0.0,0.0,0.0,0.0,0.0
SL2021,76.0662671836447,2.2324051227822816,21.701327693573024,0.0,0.0,0.0,0.0,0.0
SL2022,83.92857142857143,0.0,16.071428571428573,0.0,0.0,0.0,0.0,0.0
SL2023,48.157248157248155,0.0,51.80765180765181,0.0117000117000117,0.0,0.0,0.0234000234000234,0.0
SL2024,79.36430865765294,11.268394711287069,9.367296631059984,0.0,0.0,0.0,0.0,0.0
SL2025,90.65698478561549,2.1507607192254494,7.19225449515906,0.0,0.0,0.0,0.0,0.0
SLP2W,80.99821139596287,0.0,18.99327144195554,0.008517162081594414,0.0,0.0,0.0,0.0
SLPW1B,15.900486749594375,0.0,84.08406088233022,0.0,0.015452368075407556,0.0,0.0,0.0
SLPW3A,14.559363144474158,0.0,84.53262018782263,0.9080166677032153,0.0,0.0,0.0,0.0
SLPW4A,23.370705244122966,0.0,76.62206148282098,0.0,0.0,0.0,0.007233273056057866,0.0
SLPW5X,56.74109786010319,0.0,43.25890213989681,0.0,0.0,0.0,0.0,0.0
SLPW6A,17.618384401114206,0.0,82.38161559888579,0.0,0.0,0.0,0.0,0.0
SLPW7,18.26923076923077,0.0,81.73076923076923,0.0,0.0,0.0,0.0,0.0
SLPW8,34.666666666666664,0.0,65.33333333333333,0.0,0.0,0.0,0.0,0.0
