,Unclassified,Ascomycota,Anthophyta,Basidiomycota,Basidiobolomycota,Cercozoa,Rozellomycota,Mortierellomycota,Haplosporidia,Blastocladiomycota,Glomeromycota,Mucoromycota,Choanoflagellata,Calcarisporiellomycota,Eumycetozoa,Monilophyta,Streptophycophyta,Olpidiomycota,Chytridiomycota,Bryophyta
SL1501,39.477503628447025,60.50888969521045,0.0,0.011338896952104499,0.0,0.0,0.0,0.0,0.0,0.0,0.0,0.0,0.0,0.0,0.0,0.0,0.0,0.0,0.0,0.0022677793904208998
SL1502,15.523925715060322,69.90104378473634,14.263250643893182,0.3117798563101532,0.0,0.0,0.0,0.0,0.0,0.0,0.0,0.0,0.0,0.0,0.0,0.0,0.0,0.0,0.0,0.0
SL1503,67.787804211102,20.91878589007383,0.0,8.717528028438611,0.0,0.0,0.0,2.575881870385562,0.0,0.0,0.0,0.0,0.0,0.0,0.0,0.0,0.0,0.0,0.0,0.0
SL1504,78.53154909606522,12.832328961361219,0.4829847571783056,6.456043956043956,1.697093229351294,0.0,0.0,0.0,0.0,0.0,0.0,0.0,0.0,0.0,0.0,0.0,0.0,0.0,0.0,0.0
SL1505,68.33549299092944,28.931558487454353,0.0,2.7250952212667374,0.0,0.0,0.0,0.0,0.007853300349471865,0.0,0.0,0.0,0.0,0.0,0.0,0.0,0.0,0.0,0.0,0.0
SL1506,48.34626865671642,42.53731343283582,5.588059701492537,3.5283582089552237,0.0,0.0,0.0,0.0,0.0,0.0,0.0,0.0,0.0,0.0,0.0,0.0,0.0,0.0,0.0,0.0
SL1507,18.291146489520102,76.79532699576222,1.8325506814797847,3.0580689497193907,0.0,0.0,0.0,0.022906883518497307,0.0,0.0,0.0,0.0,0.0,0.0,0.0,0.0,0.0,0.0,0.0,0.0
SL1508,50.23165271559276,23.52345727078061,3.8466030757251315,22.3982869379015,0.0,0.0,0.0,0.0,0.0,0.0,0.0,0.0,0.0,0.0,0.0,0.0,0.0,0.0,0.0,0.0
SL1509,52.316544859287674,44.20450411719964,0.5059691127352095,2.972981910777473,0.0,0.0,0.0,0.0,0.0,0.0,0.0,0.0,0.0,0.0,0.0,0.0,0.0,0.0,0.0,0.0
SL1510,8.159010355132393,75.83570783237195,3.22468552366391,12.780596288831747,0.0,0.0,0.0,0.0,0.0,0.0,0.0,0.0,0.0,0.0,0.0,0.0,0.0,0.0,0.0,0.0
SL1511,65.92370081105437,26.170021027335537,2.012616401321718,5.893661760288375,0.0,0.0,0.0,0.0,0.0,0.0,0.0,0.0,0.0,0.0,0.0,0.0,0.0,0.0,0.0,0.0
SL1512,76.8327704643095,6.333999586463574,3.3174811036827716,3.8114273898959268,9.54809658372964,0.0,0.0,0.15622487191857928,0.0,0.0,0.0,0.0,0.0,0.0,0.0,0.0,0.0,0.0,0.0,0.0
SL1513,81.88900719349729,15.17126756174202,0.8959409977406705,2.0126210818812162,0.0,0.0025969304282338276,0.0,0.0,0.028566234710572104,0.0,0.0,0.0,0.0,0.0,0.0,0.0,0.0,0.0,0.0,0.0
SL1514,14.849292314081046,73.8450358168668,5.810291725784683,5.491919576426619,0.0,0.0,0.0,0.0,0.0,0.003460566840848531,0.0,0.0,0.0,0.0,0.0,0.0,0.0,0.0,0.0,0.0
SL1515,44.94181567530308,44.84044925597048,1.3948019300166241,8.818878481936505,0.0,0.00405465677330414,0.0,0.0,0.0,0.0,0.0,0.0,0.0,0.0,0.0,0.0,0.0,0.0,0.0,0.0
SL1516,53.51556264964086,21.819632881085393,9.736632083000798,14.189944134078212,0.0,0.0,0.16759776536312848,0.13966480446927373,0.011971268954509178,0.0,0.39106145251396646,0.023942537909018357,0.0,0.0,0.0,0.0,0.0,0.0,0.0,0.0039904229848363925
SL1517,56.54885654885655,38.71367275622595,0.41137700712168795,4.321670279117088,0.0,0.0,0.0,0.0,0.0,0.0,0.0,0.0,0.0,0.0,0.0,0.0,0.0,0.004423408678727828,0.0,0.0
SL1518,64.81420166569035,16.878486106512494,5.743320683595242,12.56399154420192,0.0,0.0,0.0,0.0,0.0,0.0,0.0,0.0,0.0,0.0,0.0,0.0,0.0,0.0,0.0,0.0
SL1519,3.9069739634711387,37.44357755657191,0.0,58.64944847995695,0.0,0.0,0.0,0.0,0.0,0.0,0.0,0.0,0.0,0.0,0.0,0.0,0.0,0.0,0.0,0.0
SL1520,81.61020420104148,13.240887016558423,4.894388859633725,0.24866889005909543,0.0,0.0,0.0,0.0,0.0,0.0,0.002925516353636417,0.0,0.0,0.0,0.0,0.0,0.0,0.0,0.0,0.002925516353636417
SL1521,47.90640770760055,50.86710506193607,0.0,1.0980272212876587,0.0,0.0764642911760208,0.0,0.0,0.051995717999694144,0.0,0.0,0.0,0.0,0.0,0.0,0.0,0.0,0.0,0.0,0.0
SL1522,62.32006603450706,28.807553703368164,4.417064282982022,4.4553159791427595,0.0,0.0,0.0,0.0,0.0,0.0,0.0,0.0,0.0,0.0,0.0,0.0,0.0,0.0,0.0,0.0
SL1523,55.99598362555032,27.97559280142118,1.450529080095775,14.275121649803044,0.30122808372595966,0.0,0.0,0.0,0.0,0.0,0.0015447594037228702,0.0,0.0,0.0,0.0,0.0,0.0,0.0,0.0,0.0
SL1524,66.50213306067765,22.66685470507351,1.7804886648097873,8.994112047385679,0.0,0.0,0.0,0.010577160385008638,0.0,0.0,0.045834361668370766,0.0,0.0,0.0,0.0,0.0,0.0,0.0,0.0,0.0
SL1525,10.132426467276249,88.55456961398136,0.27025809648214044,0.8738345119589208,0.16891131030133777,0.0,0.0,0.0,0.0,0.0,0.0,0.0,0.0,0.0,0.0,0.0,0.0,0.0,0.0,0.0
SL1526,9.629128430667738,75.39645621009008,14.746056582230304,0.2241299107709223,0.0,0.0,0.0,0.0,0.0,0.0,0.0,0.0,0.0,0.0,0.0,0.0,0.004228866240960799,0.0,0.0,0.0
SL1527,2.546176598341159,96.83330920222558,0.6081039154445984,0.012410283988665274,0.0,0.0,0.0,0.0,0.0,0.0,0.0,0.0,0.0,0.0,0.0,0.0,0.0,0.0,0.0,0.0
SL1528,44.735876742479824,33.67571533382245,0.5319148936170213,11.573734409391049,9.482758620689655,0.0,0.0,0.0,0.0,0.0,0.0,0.0,0.0,0.0,0.0,0.0,0.0,0.0,0.0,0.0
SL1529,45.37560898947038,44.4955209806695,0.4871915763004872,9.492377809209492,0.0,0.051076536225051074,0.0,0.0,0.06679239352506679,0.0,0.027502750275027504,0.0,0.0,0.0,0.0,0.003928964325003929,0.0,0.0,0.0,0.0
SL1530,6.022087934986455,90.67774536361742,0.0,3.3001667013961242,0.0,0.0,0.0,0.0,0.0,0.0,0.0,0.0,0.0,0.0,0.0,0.0,0.0,0.0,0.0,0.0
SL1531,70.15355481454037,28.961343707546003,0.45695936766703715,0.4281421102465934,0.0,0.0,0.0,0.0,0.0,0.0,0.0,0.0,0.0,0.0,0.0,0.0,0.0,0.0,0.0,0.0
SL1532,72.81691714620929,16.875244427062963,1.6369629588245154,8.66808201575507,0.0,0.0,0.0,0.0,0.0,0.0,0.0,0.0,0.0,0.0,0.0,0.0,0.0,0.002793452148164702,0.0,0.0
SL1533,46.2261120925004,51.15625501846796,1.1027246935388897,1.5149081954927466,0.0,0.0,0.0,0.0,0.0,0.0,0.0,0.0,0.0,0.0,0.0,0.0,0.0,0.0,0.0,0.0
SL1534,11.372908770489824,83.76505805953214,0.0,4.859619052217367,0.0,0.0,0.0,0.0,0.0,0.0,0.002414117760664365,0.0,0.0,0.0,0.0,0.0,0.0,0.0,0.0,0.0
SL1535,9.071369685549405,37.89306324343423,0.3739253327052173,52.661641738311154,0.0,0.0,0.0,0.0,0.0,0.0,0.0,0.0,0.0,0.0,0.0,0.0,0.0,0.0,0.0,0.0
SL1536,15.878266622560371,22.82500826993053,7.8068144227588485,53.48991068475025,0.0,0.0,0.0,0.0,0.0,0.0,0.0,0.0,0.0,0.0,0.0,0.0,0.0,0.0,0.0,0.0
SL1537,19.496699484083177,70.3854732241422,0.0,9.550093495843377,0.0,0.42129452317119875,0.0,0.0,0.14643927276004234,0.0,0.0,0.0,0.0,0.0,0.0,0.0,0.0,0.0,0.0,0.0
SL1538,33.69139692542729,62.603838441707246,0.0,3.7047646328654635,0.0,0.0,0.0,0.0,0.0,0.0,0.0,0.0,0.0,0.0,0.0,0.0,0.0,0.0,0.0,0.0
SL1539,12.342964824120603,78.24349017816354,0.0,9.413544997715851,0.0,0.0,0.0,0.0,0.0,0.0,0.0,0.0,0.0,0.0,0.0,0.0,0.0,0.0,0.0,0.0
SL1540,93.75,3.90625,0.0,2.34375,0.0,0.0,0.0,0.0,0.0,0.0,0.0,0.0,0.0,0.0,0.0,0.0,0.0,0.0,0.0,0.0
SL1541,12.331916105539394,1.1554814166853145,2.0932929186077263,84.41930955916756,0.0,0.0,0.0,0.0,0.0,0.0,0.0,0.0,0.0,0.0,0.0,0.0,0.0,0.0,0.0,0.0
SL1542,71.2445237708908,24.34528638650008,1.6680188220022716,2.7421710206068473,0.0,0.0,0.0,0.0,0.0,0.0,0.0,0.0,0.0,0.0,0.0,0.0,0.0,0.0,0.0,0.0
SL1543,2.808366592139081,30.25262761978394,0.0,66.93900578807698,0.0,0.0,0.0,0.0,0.0,0.0,0.0,0.0,0.0,0.0,0.0,0.0,0.0,0.0,0.0,0.0
SL1544,6.03547209181012,91.47626499739175,0.49295774647887325,0.8763693270735524,1.1189358372456963,0.0,0.0,0.0,0.0,0.0,0.0,0.0,0.0,0.0,0.0,0.0,0.0,0.0,0.0,0.0
SL1545,13.991441934520848,77.55249278535177,0.0,7.80674693999403,0.4950741367300229,0.09453676982784356,0.0,0.0,0.05970743357548015,0.0,0.0,0.0,0.0,0.0,0.0,0.0,0.0,0.0,0.0,0.0
SL1546,8.238232335495509,70.66495542682715,0.0,20.978875437927087,0.0,0.11793679975025148,0.0,0.0,0.0,0.0,0.0,0.0,0.0,0.0,0.0,0.0,0.0,0.0,0.0,0.0
SL1547,83.06768558951966,13.982532751091703,0.0,2.949781659388646,0.0,0.0,0.0,0.0,0.0,0.0,0.0,0.0,0.0,0.0,0.0,0.0,0.0,0.0,0.0,0.0
SL1548,85.25119281504351,13.345495369071008,0.9823182711198428,0.3929273084479371,0.0,0.014033118158854897,0.0,0.0,0.0,0.0,0.014033118158854897,0.0,0.0,0.0,0.0,0.0,0.0,0.0,0.0,0.0
SL1549,38.39224016584342,49.52012898932767,7.803342461546336,2.2957029150564328,1.9885854682261408,0.0,0.0,0.0,0.0,0.0,0.0,0.0,0.0,0.0,0.0,0.0,0.0,0.0,0.0,0.0
SL1550,12.981451316273448,52.656192527980664,0.0,13.06027008564973,21.157584992906312,0.0,0.14450107718984814,0.0,0.0,0.0,0.0,0.0,0.0,0.0,0.0,0.0,0.0,0.0,0.0,0.0
SL1551,4.949272460285676,88.99679615538646,0.0,1.1246829528767854,4.809104258443465,0.0,0.0,0.12014417300760913,0.0,0.0,0.0,0.0,0.0,0.0,0.0,0.0,0.0,0.0,0.0,0.0
SL1552,18.055555555555557,51.388888888888886,0.0,30.555555555555557,0.0,0.0,0.0,0.0,0.0,0.0,0.0,0.0,0.0,0.0,0.0,0.0,0.0,0.0,0.0,0.0
SL1553,17.915010700091717,54.66218281870987,0.0,27.42280648119841,0.0,0.0,0.0,0.0,0.0,0.0,0.0,0.0,0.0,0.0,0.0,0.0,0.0,0.0,0.0,0.0
SL1554,19.085977313825413,76.60693736643104,1.652145323031399,1.964491204997534,0.46029919447640966,0.0,0.0,0.0,0.2219299687654118,0.0,0.00821962847279303,0.0,0.0,0.0,0.0,0.0,0.0,0.0,0.0,0.0
SL1555,56.64392080406064,38.80130424552086,0.0,4.554774950418501,0.0,0.0,0.0,0.0,0.0,0.0,0.0,0.0,0.0,0.0,0.0,0.0,0.0,0.0,0.0,0.0
SL1556,87.87900612171408,11.444004321209938,0.0,0.6625855239467051,0.0,0.014404033129276198,0.0,0.0,0.0,0.0,0.0,0.0,0.0,0.0,0.0,0.0,0.0,0.0,0.0,0.0
SL1557,20.98162008044397,76.70179726083194,0.00509139045873428,2.123109821292195,0.18838144697316836,0.0,0.0,0.0,0.0,0.0,0.0,0.0,0.0,0.0,0.0,0.0,0.0,0.0,0.0,0.0
SL1558,8.944016091183373,88.41568890378814,1.9778746228628896,0.2614817298022125,0.40093865236339254,0.0,0.0,0.0,0.0,0.0,0.0,0.0,0.0,0.0,0.0,0.0,0.0,0.0,0.0,0.0
SL1559,36.18611167868298,55.31685104644035,6.316588341749613,2.1804489331270616,0.0,0.0,0.0,0.0,0.0,0.0,0.0,0.0,0.0,0.0,0.0,0.0,0.0,0.0,0.0,0.0
SL1560,48.580769802348044,47.33987219497696,0.0,4.071927478079952,0.0,0.0,0.0,0.00743052459503641,0.0,0.0,0.0,0.0,0.0,0.0,0.0,0.0,0.0,0.0,0.0,0.0
SL1561,12.219134577213179,64.65660976578008,0.0,15.224295355299722,7.058356490670901,0.34537514886859866,0.0,0.1349741961095673,0.3017070265978563,0.0,0.011909487892020643,0.03572846367606193,0.0,0.011909487892020643,0.0,0.0,0.0,0.0,0.0,0.0
SL1562,65.30742274609749,18.674737177445046,7.263459700541574,8.754380375915897,0.0,0.0,0.0,0.0,0.0,0.0,0.0,0.0,0.0,0.0,0.0,0.0,0.0,0.0,0.0,0.0
SL1563,30.86894755534509,63.513673493548005,3.0661773410678346,2.5452823487628744,0.0,0.005919261276192731,0.0,0.0,0.0,0.0,0.0,0.0,0.0,0.0,0.0,0.0,0.0,0.0,0.0,0.0
SL1564,45.01100162632737,40.03635320003826,0.23916578972543767,14.713479383908926,0.0,0.0,0.0,0.0,0.0,0.0,0.0,0.0,0.0,0.0,0.0,0.0,0.0,0.0,0.0,0.0
SL1565,84.01354295162857,15.348678512375002,0.0,0.6167817117660954,0.0,0.018372221201543266,0.0,0.0,0.0,0.0,0.0,0.0,0.0,0.0,0.0,0.0,0.0,0.0,0.0,0.002624603028791895
SL1566,10.978761658613328,86.58276210810203,0.00374573922163539,2.386035884181743,0.0,0.048694609881260065,0.0,0.0,0.0,0.0,0.0,0.0,0.0,0.0,0.0,0.0,0.0,0.0,0.0,0.0
SL1567,21.183918776986815,76.17574979577547,1.1757497957754697,1.0123701715486055,0.4522114599136422,0.0,0.0,0.0,0.0,0.0,0.0,0.0,0.0,0.0,0.0,0.0,0.0,0.0,0.0,0.0
SL1568,71.3289752773045,20.000695434472686,4.801975033902431,3.828366772140895,0.0,0.0,0.0,0.03824889599777461,0.0,0.0,0.0017385861817170278,0.0,0.0,0.0,0.0,0.0,0.0,0.0,0.0,0.0
SL1569,20.610837438423644,67.27586206896552,0.0,10.625615763546797,0.0,0.7389162561576355,0.0,0.059113300492610835,0.6822660098522167,0.0,0.0,0.007389162561576354,0.0,0.0,0.0,0.0,0.0,0.0,0.0,0.0
SL1570,34.097657538766086,63.44028373474101,0.0,2.0640877598152425,0.36704058066644674,0.0,0.0,0.03093038601121742,0.0,0.0,0.0,0.0,0.0,0.0,0.0,0.0,0.0,0.0,0.0,0.0
SL1571,12.434229470432712,79.49006570508625,1.0627994031569854,7.002434491243685,0.0,0.005235465040182194,0.0,0.0,0.0,0.0,0.0,0.0,0.0,0.0,0.0,0.0,0.0,0.0,0.005235465040182194,0.0
SL1572,30.805302219104234,68.20883949340914,0.0,0.9821659343499612,0.0,0.0,0.0,0.0,0.0,0.0,0.0036923531366539896,0.0,0.0,0.0,0.0,0.0,0.0,0.0,0.0,0.0
SL1573,9.435632746863579,89.62815054816713,0.0,0.2957465245074031,0.640470180461892,0.0,0.0,0.0,0.0,0.0,0.0,0.0,0.0,0.0,0.0,0.0,0.0,0.0,0.0,0.0
SL1574,97.98657718120805,1.6778523489932886,0.0,0.33557046979865773,0.0,0.0,0.0,0.0,0.0,0.0,0.0,0.0,0.0,0.0,0.0,0.0,0.0,0.0,0.0,0.0
SL1575,13.039500844436104,62.44604991555639,0.0,23.49174329142428,1.022705948583224,0.0,0.0,0.0,0.0,0.0,0.0,0.0,0.0,0.0,0.0,0.0,0.0,0.0,0.0,0.0
SL1576,7.86763303452222,54.65144001525844,2.8228113675376694,33.73545679954225,0.40291817661644097,0.0,0.0,0.519740606522983,0.0,0.0,0.0,0.0,0.0,0.0,0.0,0.0,0.0,0.0,0.0,0.0
SL1577,12.542809472236044,80.4437549395545,0.7434944237918215,6.103093990574599,0.0,0.0,0.0,0.0,0.16684717384304656,0.0,0.0,0.0,0.0,0.0,0.0,0.0,0.0,0.0,0.0,0.0
SL1578,15.27696057829705,74.54400268975373,0.4665041607127847,8.275195427418677,1.0044549045977977,0.021013700933008323,0.3530301756745398,0.0588383626124233,0.0,0.0,0.0,0.0,0.0,0.0,0.0,0.0,0.0,0.0,0.0,0.0
SL1579,68.64005319001579,26.85264703437959,0.7147408371886861,3.781477685126188,0.0,0.011081253289747071,0.0,0.0,0.0,0.0,0.0,0.0,0.0,0.0,0.0,0.0,0.0,0.0,0.0,0.0
SL1580,58.606821521565394,40.07063858310346,0.0,1.2503544819407564,0.0,0.0051561009564567275,0.0,0.06702931243393746,0.0,0.0,0.0,0.0,0.0,0.0,0.0,0.0,0.0,0.0,0.0,0.0
SL1581,9.375,88.05075698757764,0.7302989130434783,0.5046583850931677,1.186432453416149,0.0,0.0,0.15285326086956522,0.0,0.0,0.0,0.0,0.0,0.0,0.0,0.0,0.0,0.0,0.0,0.0
SL1582,58.708662793237515,25.188938884277665,11.432440697217247,4.477742344152724,0.0,0.00436852911624656,0.0,0.0,0.0,0.18784675199860207,0.0,0.0,0.0,0.0,0.0,0.0,0.0,0.0,0.0,0.0
SL1583,75.88000371505527,13.025912510448594,3.232098077458902,7.861985697037244,0.0,0.0,0.0,0.0,0.0,0.0,0.0,0.0,0.0,0.0,0.0,0.0,0.0,0.0,0.0,0.0
SL1584,69.44168846396681,21.755208803102732,0.36078289889059256,8.442319834039866,0.0,0.0,0.0,0.0,0.0,0.0,0.0,0.0,0.0,0.0,0.0,0.0,0.0,0.0,0.0,0.0
SL1585,14.217462932454696,72.39703459637562,0.0,12.784184514003295,0.15650741350906094,0.2883031301482702,0.0,0.0,0.06589785831960461,0.0,0.0,0.0,0.0,0.0,0.0,0.0,0.09060955518945635,0.0,0.0,0.0
SL1586,48.96603450123219,38.33708346726669,2.753669773920497,9.943212257580628,0.0,0.0,0.0,0.0,0.0,0.0,0.0,0.0,0.0,0.0,0.0,0.0,0.0,0.0,0.0,0.0
SL1587,27.88191941039814,67.7080829928703,0.0,3.5608427461347434,0.8451494031883361,0.0,0.0,0.0,0.0,0.0,0.0040054474084755265,0.0,0.0,0.0,0.0,0.0,0.0,0.0,0.0,0.0
SL1588,93.9068100358423,5.562724014336918,0.0,0.32974910394265233,0.0,0.014336917562724014,0.0,0.17204301075268819,0.014336917562724014,0.0,0.0,0.0,0.0,0.0,0.0,0.0,0.0,0.0,0.0,0.0
SL1589,45.34761669548037,51.80908866386762,2.198073598419363,0.6452210422326501,0.0,0.0,0.0,0.0,0.0,0.0,0.0,0.0,0.0,0.0,0.0,0.0,0.0,0.0,0.0,0.0
SL1590,4.458686704052598,92.90311887068704,0.0,0.47238874002044257,1.0193651758335867,0.0,0.0,1.1464405094063372,0.0,0.0,0.0,0.0,0.0,0.0,0.0,0.0,0.0,0.0,0.0,0.0
SL1591,48.44331836154939,16.93731045337633,33.67499712081078,0.8791124419363507,0.0,0.0,0.0,0.06526162232715267,0.0,0.0,0.0,0.0,0.0,0.0,0.0,0.0,0.0,0.0,0.0,0.0
SL1592,14.374391431353457,84.70464135021098,0.0,0.7749107432651736,0.1460564751703992,0.0,0.0,0.0,0.0,0.0,0.0,0.0,0.0,0.0,0.0,0.0,0.0,0.0,0.0,0.0
SL1593,23.229784393040884,71.20920551388289,0.0,3.5306130463810232,0.5105447119349644,0.6558535914856851,0.0,0.0,0.7540352668577937,0.0,0.0,0.0,0.0,0.0,0.0,0.0,0.10996347641676157,0.0,0.0,0.0
SL1594,15.545148543831406,81.05663690911751,0.0,3.3396751061027365,0.0,0.0,0.0,0.05853944094833894,0.0,0.0,0.0,0.0,0.0,0.0,0.0,0.0,0.0,0.0,0.0,0.0
SL1595,8.86141062419626,86.56840439212583,2.2494806607973095,2.3207043228806015,0.0,0.0,0.0,0.0,0.0,0.0,0.0,0.0,0.0,0.0,0.0,0.0,0.0,0.0,0.0,0.0
SL1596,38.22724920529312,54.16574258889628,4.150957344570119,2.820285355215495,0.0,0.6320691949434465,0.0,0.0,0.0,0.0,0.0,0.0,0.0,0.0,0.0,0.0,0.0,0.0,0.0,0.0036963110815406226
SL1597,52.72759899509511,30.07536786696973,13.432627507277585,3.7644056306575746,0.0,0.0,0.0,0.0,0.0,0.0,0.0,0.0,0.0,0.0,0.0,0.0,0.0,0.0,0.0,0.0
SL1598,29.08949574151683,51.270785453562254,14.816817628768419,4.745166959578207,0.0,0.0,0.0,0.07773421657428688,0.0,0.0,0.0,0.0,0.0,0.0,0.0,0.0,0.0,0.0,0.0,0.0
SL1599,81.17069574327732,14.23887315199255,1.0845524038648093,3.50393853556323,0.0,0.0,0.0,0.0,0.0,0.0,0.0,0.0,0.0,0.0,0.0,0.0,0.0019401653020837376,0.0,0.0,0.0
SL1600,50.72938231187714,17.13446632323913,28.833469741466466,3.3026816234172642,0.0,0.0,0.0,0.0,0.0,0.0,0.0,0.0,0.0,0.0,0.0,0.0,0.0,0.0,0.0,0.0
SL1601,86.12522266939368,9.797453321897473,3.6847661146664907,0.3925578940423567,0.0,0.0,0.0,0.0,0.0,0.0,0.0,0.0,0.0,0.0,0.0,0.0,0.0,0.0,0.0,0.0
SL1602,48.8571349603383,35.51311461816976,3.7367679168624415,11.859815925485751,0.0,0.03316657914374948,0.0,0.0,0.0,0.0,0.0,0.0,0.0,0.0,0.0,0.0,0.0,0.0,0.0,0.0
SL1603,8.028973052605734,65.85231109201399,25.13657847891474,0.9821373764655331,0.0,0.0,0.0,0.0,0.0,0.0,0.0,0.0,0.0,0.0,0.0,0.0,0.0,0.0,0.0,0.0
SL1604,71.05263157894737,7.894736842105263,1.3157894736842106,17.105263157894736,0.0,2.6315789473684212,0.0,0.0,0.0,0.0,0.0,0.0,0.0,0.0,0.0,0.0,0.0,0.0,0.0,0.0
SL1605,75.62458361092605,16.25582944703531,3.7391738840772817,4.380413057961359,0.0,0.0,0.0,0.0,0.0,0.0,0.0,0.0,0.0,0.0,0.0,0.0,0.0,0.0,0.0,0.0
SL1606,12.397809656023446,72.53779114607435,10.049359864260373,5.015039333641832,0.0,0.0,0.0,0.0,0.0,0.0,0.0,0.0,0.0,0.0,0.0,0.0,0.0,0.0,0.0,0.0
SL1607,51.83927719632986,17.66323409747748,27.262268862762703,2.0483178540363087,0.24411459356323129,0.0,0.0,0.9427873958304105,0.0,0.0,0.0,0.0,0.0,0.0,0.0,0.0,0.0,0.0,0.0,0.0
SL1608,59.55206066137752,39.94944885206768,0.4317910552552131,0.06669943129958576,0.0,0.0,0.0,0.0,0.0,0.0,0.0,0.0,0.0,0.0,0.0,0.0,0.0,0.0,0.0,0.0
SL1609,9.397847437949103,48.08748313408014,35.834196240861026,6.677335341554489,0.0,0.0,0.0,0.0,0.0,0.0,0.003137845555241771,0.0,0.0,0.0,0.0,0.0,0.0,0.0,0.0,0.0
SL1610,0.3142136167321784,99.57538700441597,0.0,0.11039937885184646,0.0,0.0,0.0,0.0,0.0,0.0,0.0,0.0,0.0,0.0,0.0,0.0,0.0,0.0,0.0,0.0
SL1611,1.8116625778448765,10.039630118890356,85.82374032836384,2.019248914889602,0.0,0.3057180600113229,0.0,0.0,0.0,0.0,0.0,0.0,0.0,0.0,0.0,0.0,0.0,0.0,0.0,0.0
SL1612,54.78746327130264,43.07737512242899,0.2820763956904995,1.8530852105778648,0.0,0.0,0.0,0.0,0.0,0.0,0.0,0.0,0.0,0.0,0.0,0.0,0.0,0.0,0.0,0.0
SL1613,22.5476738538213,70.50028509281356,5.499123603573163,1.4508056511731042,0.0,0.0,0.0,0.0,0.0,0.0,0.002111798618883703,0.0,0.0,0.0,0.0,0.0,0.0,0.0,0.0,0.0
SL1614,2.5541241724816603,94.44444444444444,0.004473072105922347,2.996958310967973,0.0,0.0,0.0,0.0,0.0,0.0,0.0,0.0,0.0,0.0,0.0,0.0,0.0,0.0,0.0,0.0
SL1615,16.94355270197967,74.51177100053505,3.619582664526485,4.9210807918673085,0.0,0.0,0.0,0.001337613697164259,0.0,0.0,0.0,0.002675227394328518,0.0,0.0,0.0,0.0,0.0,0.0,0.0,0.0
SL1616,40.60016750760934,19.063183053132597,34.63730517026536,5.699344268992707,0.0,0.0,0.0,0.0,0.0,0.0,0.0,0.0,0.0,0.0,0.0,0.0,0.0,0.0,0.0,0.0
SL1617,13.174778044196747,86.36510919577474,0.0,0.46011276002851403,0.0,0.0,0.0,0.0,0.0,0.0,0.0,0.0,0.0,0.0,0.0,0.0,0.0,0.0,0.0,0.0
SL1618,5.162758137906895,63.66818340917046,13.6056802840142,17.563378168908446,0.0,0.0,0.0,0.0,0.0,0.0,0.0,0.0,0.0,0.0,0.0,0.0,0.0,0.0,0.0,0.0
SL1619,45.822073862131084,48.04482594182165,2.2995814126000105,3.8308694961055476,0.0,0.0,0.0,0.0,0.0,0.0,0.0026492873417050815,0.0,0.0,0.0,0.0,0.0,0.0,0.0,0.0,0.0
SL1620,41.980067694622036,49.10680707032719,0.0,8.90372320421211,0.0,0.0,0.0,0.009402030838661151,0.0,0.0,0.0,0.0,0.0,0.0,0.0,0.0,0.0,0.0,0.0,0.0
SL1621,32.30238726790451,61.790450928381965,0.0,4.997347480106101,0.16710875331564987,0.0,0.0,0.0,0.0,0.7427055702917772,0.0,0.0,0.0,0.0,0.0,0.0,0.0,0.0,0.0,0.0
SL1622,88.49600955998464,8.211343946054372,1.7284793649438777,1.5641671290171142,0.0,0.0,0.0,0.0,0.0,0.0,0.0,0.0,0.0,0.0,0.0,0.0,0.0,0.0,0.0,0.0
SL1623,59.72316768776946,38.19932934977183,0.0,2.0775029624587145,0.0,0.0,0.0,0.0,0.0,0.0,0.0,0.0,0.0,0.0,0.0,0.0,0.0,0.0,0.0,0.0
SL1624,11.863893098222896,77.3798043807687,2.259264361482298,8.497038159526106,0.0,0.0,0.0,0.0,0.0,0.0,0.0,0.0,0.0,0.0,0.0,0.0,0.0,0.0,0.0,0.0
SL1625,66.66666666666667,33.333333333333336,0.0,0.0,0.0,0.0,0.0,0.0,0.0,0.0,0.0,0.0,0.0,0.0,0.0,0.0,0.0,0.0,0.0,0.0
SL1626,49.25171446910577,33.022533022533025,1.9796628492280666,15.746089659133137,0.0,0.0,0.0,0.0,0.0,0.0,0.0,0.0,0.0,0.0,0.0,0.0,0.0,0.0,0.0,0.0
SL1627,46.29906320407921,15.135776117633108,7.316494723111585,30.22649116565872,0.0,1.0221747895173723,0.0,0.0,0.0,0.0,0.0,0.0,0.0,0.0,0.0,0.0,0.0,0.0,0.0,0.0
SL1628,80.99701746910951,15.168299957392415,0.5112910097997444,3.323391563698338,0.0,0.0,0.0,0.0,0.0,0.0,0.0,0.0,0.0,0.0,0.0,0.0,0.0,0.0,0.0,0.0
SL1629,83.1150768177344,7.994179826250695,1.651902255317328,7.238841100697565,0.0,0.0,0.0,0.0,0.0,0.0,0.0,0.0,0.0,0.0,0.0,0.0,0.0,0.0,0.0,0.0
SL1630,30.066343766535063,46.098742317554645,4.432414831698482,19.398428914485734,0.0,0.004070169726077578,0.0,0.0,0.0,0.0,0.0,0.0,0.0,0.0,0.0,0.0,0.0,0.0,0.0,0.0
SL1631,10.38666937064828,81.13634827283174,5.066585547218279,3.1061988778476306,0.0,0.3041979314540661,0.0,0.0,0.0,0.0,0.0,0.0,0.0,0.0,0.0,0.0,0.0,0.0,0.0,0.0
SL1632,9.11062906724512,88.72017353579176,0.274765003615329,1.8944323933477947,0.0,0.0,0.0,0.0,0.0,0.0,0.0,0.0,0.0,0.0,0.0,0.0,0.0,0.0,0.0,0.0
SL1633,49.53524399690163,45.55899819261554,1.8461141234185385,3.059643687064291,0.0,0.0,0.0,0.0,0.0,0.0,0.0,0.0,0.0,0.0,0.0,0.0,0.0,0.0,0.0,0.0
SL1634,80.44191265320214,1.4845503193509408,14.08596582081823,3.9703089936129814,0.0,0.0,0.0,0.0,0.0,0.017262213015708613,0.0,0.0,0.0,0.0,0.0,0.0,0.0,0.0,0.0,0.0
SL1635,45.596661243545306,38.968663790054464,4.873735587465516,8.233712951828535,1.2874018532927778,1.0398245738133975,0.0,0.0,0.0,0.0,0.0,0.0,0.0,0.0,0.0,0.0,0.0,0.0,0.0,0.0
SL1636,77.43943423244396,2.9223530786989684,2.89020719483328,16.748005494023786,0.0,0.0,0.0,0.0,0.0,0.0,0.0,0.0,0.0,0.0,0.0,0.0,0.0,0.0,0.0,0.0
SL1637,28.45068176381469,70.42500598038434,0.5182999760784627,0.32692767721872257,0.2790846025037876,0.0,0.0,0.0,0.0,0.0,0.0,0.0,0.0,0.0,0.0,0.0,0.0,0.0,0.0,0.0
SL1638,35.722115648122774,43.815657257696174,0.44304375628025944,16.817392893030053,0.0,2.251758472640906,0.0,0.0,0.5937699826436467,0.28318260710696996,0.0,0.0,0.0,0.0,0.05480953685941354,0.0,0.018269845619804513,0.0,0.0,0.0
SL1639,47.91422545113663,29.17740801499883,13.918443871572533,8.987579095383174,0.0,0.0,0.0,0.0,0.0,0.0,0.0,0.0,0.0,0.0,0.0,0.002343566908835247,0.0,0.0,0.0,0.0
SL1640,37.65729089563286,62.097520355292374,0.0,0.24518874907475943,0.0,0.0,0.0,0.0,0.0,0.0,0.0,0.0,0.0,0.0,0.0,0.0,0.0,0.0,0.0,0.0
SL1641,13.667285095856524,74.17439703153988,0.0,12.158317872603586,0.0,0.0,0.0,0.0,0.0,0.0,0.0,0.0,0.0,0.0,0.0,0.0,0.0,0.0,0.0,0.0
SL1642,36.96177062374245,57.72635814889336,1.2072434607645874,4.094567404426559,0.0,0.0,0.0,0.0,0.0,0.01006036217303823,0.0,0.0,0.0,0.0,0.0,0.0,0.0,0.0,0.0,0.0
SL1643,74.13188913666772,7.632093933463796,3.7227506485231876,14.508715241432668,0.0,0.0,0.0,0.0,0.0,0.004551039912620034,0.0,0.0,0.0,0.0,0.0,0.0,0.0,0.0,0.0,0.0
SL1644,100.0,0.0,0.0,0.0,0.0,0.0,0.0,0.0,0.0,0.0,0.0,0.0,0.0,0.0,0.0,0.0,0.0,0.0,0.0,0.0
SL1645,70.25253427980492,22.018231494012205,2.9696397109516637,4.759594515231213,0.0,0.0,0.0,0.0,0.0,0.0,0.0,0.0,0.0,0.0,0.0,0.0,0.0,0.0,0.0,0.0
SL1646,93.65524985962942,4.592123205261891,0.6015881928290687,1.0868693350445175,0.0,0.05213764337851929,0.0,0.0,0.008021175904387582,0.004010587952193791,0.0,0.0,0.0,0.0,0.0,0.0,0.0,0.0,0.0,0.0
SL1647,100.0,0.0,0.0,0.0,0.0,0.0,0.0,0.0,0.0,0.0,0.0,0.0,0.0,0.0,0.0,0.0,0.0,0.0,0.0,0.0
SL1648,5.813953488372093,93.29056402031543,0.45442395081529,0.4410585404971933,0.0,0.0,0.0,0.0,0.0,0.0,0.0,0.0,0.0,0.0,0.0,0.0,0.0,0.0,0.0,0.0
SL1649,35.18864216938495,47.68127333464335,2.1516997445470625,14.718019257221458,0.25545293770878363,0.0,0.0,0.0,0.0,0.0,0.0049125564943996855,0.0,0.0,0.0,0.0,0.0,0.0,0.0,0.0,0.0
SL1650,62.55987638423899,23.383981457635848,5.974761782127222,8.07622971928921,0.0,0.0,0.0,0.0,0.0,0.0051506567087303634,0.0,0.0,0.0,0.0,0.0,0.0,0.0,0.0,0.0,0.0
SL1651,10.505339148744172,83.41479921792751,0.0,4.248759211911565,0.0,1.8311024214167544,0.0,0.0,0.0,0.0,0.0,0.0,0.0,0.0,0.0,0.0,0.0,0.0,0.0,0.0
SL1652,41.98830409356725,49.3160437325197,0.0,8.695652173913043,0.0,0.0,0.0,0.0,0.0,0.0,0.0,0.0,0.0,0.0,0.0,0.0,0.0,0.0,0.0,0.0
SL1653,58.09007961030935,35.45748664073576,1.654004144098295,4.796612017885056,0.0,0.0,0.0,0.0,0.0,0.0,0.001817586971536588,0.0,0.0,0.0,0.0,0.0,0.0,0.0,0.0,0.0
SL1654,65.45941264467365,18.85153399994751,1.5116919927564758,14.161614571031153,0.0,0.0,0.0,0.0,0.0,0.002624465265202215,0.002624465265202215,0.0,0.01049786106080886,0.0,0.0,0.0,0.0,0.0,0.0,0.0
SL1655,0.0,100.0,0.0,0.0,0.0,0.0,0.0,0.0,0.0,0.0,0.0,0.0,0.0,0.0,0.0,0.0,0.0,0.0,0.0,0.0
SL1656,52.68378773125609,47.06061343719571,0.0,0.2555988315481986,0.0,0.0,0.0,0.0,0.0,0.0,0.0,0.0,0.0,0.0,0.0,0.0,0.0,0.0,0.0,0.0
SL1657,92.84175725091418,4.751289886289636,1.3550067625106448,1.0519461002855282,0.0,0.0,0.0,0.0,0.0,0.0,0.0,0.0,0.0,0.0,0.0,0.0,0.0,0.0,0.0,0.0
SL1658,42.19054132253143,46.89883739281393,0.0,10.910621284654637,0.0,0.0,0.0,0.0,0.0,0.0,0.0,0.0,0.0,0.0,0.0,0.0,0.0,0.0,0.0,0.0
SL1659,8.00230282095567,38.487588472349216,47.51938772054591,4.0333231738291175,0.0,1.0362694300518134,0.0,0.0,0.0,0.0,0.9211283822682786,0.0,0.0,0.0,0.0,0.0,0.0,0.0,0.0,0.0
SL1660,68.50102918028817,29.23477418573677,0.0,2.076522581426323,0.0,0.1876740525487347,0.0,0.0,0.0,0.0,0.0,0.0,0.0,0.0,0.0,0.0,0.0,0.0,0.0,0.0
SL1661,5.213523632576077,85.38130225487713,0.0,9.393913802325255,0.0,0.0056301551107733015,0.0,0.0,0.0,0.0028150775553866508,0.0028150775553866508,0.0,0.0,0.0,0.0,0.0,0.0,0.0,0.0,0.0
SL1662,10.288623665156875,70.9822461731742,4.149171818692763,14.417958805831983,0.16199953714417958,0.0,0.0,0.0,0.0,0.0,0.0,0.0,0.0,0.0,0.0,0.0,0.0,0.0,0.0,0.0
SL1663,44.43329397874852,53.48288075560803,0.32762691853600945,1.7414403778040142,0.0,0.0,0.0,0.0,0.0,0.0,0.0,0.0,0.0,0.0,0.0,0.0,0.0,0.0,0.01475796930342385,0.0
SL1664,62.94207496181412,8.189401950417107,4.347315239102338,22.770532252379272,1.7271765949947127,0.0,0.0,0.0,0.0,0.02349900129244507,0.0,0.0,0.0,0.0,0.0,0.0,0.0,0.0,0.0,0.0
SL1665,26.060379241516966,67.6230871590153,2.012641383898869,4.303892215568863,0.0,0.0,0.0,0.0,0.0,0.0,0.0,0.0,0.0,0.0,0.0,0.0,0.0,0.0,0.0,0.0
SL1666,29.233902553658154,58.14402840879419,0.0,12.622069037547652,0.0,0.0,0.0,0.0,0.0,0.0,0.0,0.0,0.0,0.0,0.0,0.0,0.0,0.0,0.0,0.0
SL1667,59.446629594466295,10.830055608300556,0.33229350332293506,29.391021293910214,0.0,0.0,0.0,0.0,0.0,0.0,0.0,0.0,0.0,0.0,0.0,0.0,0.0,0.0,0.0,0.0
SL1668,14.426337993216974,70.78335677061791,6.013731491438498,8.77657374472661,0.0,0.0,0.0,0.0,0.0,0.0,0.0,0.0,0.0,0.0,0.0,0.0,0.0,0.0,0.0,0.0
SL1669,26.045703594814913,49.138046238139786,1.873134660786672,22.943115506258632,0.0,0.0,0.0,0.0,0.0,0.0,0.0,0.0,0.0,0.0,0.0,0.0,0.0,0.0,0.0,0.0
SL1670,24.879834193235435,63.09917537593156,9.564757243021564,2.456233187811439,0.0,0.0,0.0,0.0,0.0,0.0,0.0,0.0,0.0,0.0,0.0,0.0,0.0,0.0,0.0,0.0
SL1671,38.40271877655055,52.16652506372132,1.9191363886251187,7.511619771103003,0.0,0.0,0.0,0.0,0.0,0.0,0.0,0.0,0.0,0.0,0.0,0.0,0.0,0.0,0.0,0.0
SL1672,46.126590433242065,29.04922961292747,9.593600687174531,15.198367960487465,0.0,0.0,0.0,0.02684275514038761,0.0,0.0,0.0,0.005368551028077522,0.0,0.0,0.0,0.0,0.0,0.0,0.0,0.0
SL1673,14.427648095721382,63.33529191816677,5.715506650285775,16.521553335826077,0.0,0.0,0.0,0.0,0.0,0.0,0.0,0.0,0.0,0.0,0.0,0.0,0.0,0.0,0.0,0.0
SL1674,89.33802299333298,8.244527271772796,0.002624809701296656,2.4148249251929235,0.0,0.0,0.0,0.0,0.0,0.0,0.0,0.0,0.0,0.0,0.0,0.0,0.0,0.0,0.0,0.0
SL1675,9.586536555278983,72.94094323413441,0.484613520717228,16.987906689869373,0.0,0.0,0.0,0.0,0.0,0.0,0.0,0.0,0.0,0.0,0.0,0.0,0.0,0.0,0.0,0.0
SL1676,29.878309790252555,46.34012107870116,23.433009233779735,0.3485598972665566,0.0,0.0,0.0,0.0,0.0,0.0,0.0,0.0,0.0,0.0,0.0,0.0,0.0,0.0,0.0,0.0
SL1677,42.70611499847885,56.578947368421055,0.0,0.7073319135990265,0.0,0.0,0.0,0.0,0.0,0.007605719501064801,0.0,0.0,0.0,0.0,0.0,0.0,0.0,0.0,0.0,0.0
SL1678,47.20324597358506,30.261251190328323,3.7593673663727074,18.776135469713907,0.0,0.0,0.0,0.0,0.0,0.0,0.0,0.0,0.0,0.0,0.0,0.0,0.0,0.0,0.0,0.0
SL1679,74.26295510628165,19.85367331919131,5.3985020996579935,0.48486947486904197,0.0,0.0,0.0,0.0,0.0,0.0,0.0,0.0,0.0,0.0,0.0,0.0,0.0,0.0,0.0,0.0
SL1680,82.97345379704888,16.356786548993615,0.3941814630062441,0.275578190951268,0.0,0.0,0.0,0.0,0.0,0.0,0.0,0.0,0.0,0.0,0.0,0.0,0.0,0.0,0.0,0.0
SL1681,88.82917466410748,6.287054809127746,0.8061420345489443,4.077628492215824,0.0,0.0,0.0,0.0,0.0,0.0,0.0,0.0,0.0,0.0,0.0,0.0,0.0,0.0,0.0,0.0
SL1682,0.8236852715857381,41.25626404008985,0.0,57.9200506883244,0.0,0.0,0.0,0.0,0.0,0.0,0.0,0.0,0.0,0.0,0.0,0.0,0.0,0.0,0.0,0.0
SL1683,93.45088161209068,5.037783375314861,0.5037783375314862,1.0075566750629723,0.0,0.0,0.0,0.0,0.0,0.0,0.0,0.0,0.0,0.0,0.0,0.0,0.0,0.0,0.0,0.0
SL1684,13.305237808549068,74.39962539300288,3.003545387651348,9.291591410796709,0.0,0.0,0.0,0.0,0.0,0.0,0.0,0.0,0.0,0.0,0.0,0.0,0.0,0.0,0.0,0.0
SL1685,30.73704375882234,25.620084694494857,7.360354910264166,36.282516636418634,0.0,0.0,0.0,0.0,0.0,0.0,0.0,0.0,0.0,0.0,0.0,0.0,0.0,0.0,0.0,0.0
SL1686,31.699985910421592,68.29531756344224,0.0,0.004696526136167948,0.0,0.0,0.0,0.0,0.0,0.0,0.0,0.0,0.0,0.0,0.0,0.0,0.0,0.0,0.0,0.0
SL1687,60.22411378084258,37.23090184247387,0.8770606615666415,1.1205689042129081,0.0,0.0,0.0,0.5473548109039974,0.0,0.0,0.0,0.0,0.0,0.0,0.0,0.0,0.0,0.0,0.0,0.0
SL1688,27.824267782426777,33.06390262457208,5.7816660327120575,33.14948649676683,0.0,0.0,0.0,0.0,0.0,0.0,0.0,0.0,0.0,0.0,0.0,0.1806770635222518,0.0,0.0,0.0,0.0
SL1689,20.035743612036903,71.9122832439743,1.2172148963918272,6.8202675940684925,0.0,0.0,0.0,0.0,0.0,0.0,0.0,0.0,0.0,0.0,0.0,0.014490653528474133,0.0,0.0,0.0,0.0
SL1690,2.402490030152709,97.46133644587103,0.0,0.1361735239762669,0.0,0.0,0.0,0.0,0.0,0.0,0.0,0.0,0.0,0.0,0.0,0.0,0.0,0.0,0.0,0.0
SL1691,80.2887215542705,11.09539459999168,3.8565544785122934,4.7593293672255275,0.0,0.0,0.0,0.0,0.0,0.0,0.0,0.0,0.0,0.0,0.0,0.0,0.0,0.0,0.0,0.0
SL1692,54.857016741810384,44.16716587319103,0.7078223034965476,0.2679950815020336,0.0,0.0,0.0,0.0,0.0,0.0,0.0,0.0,0.0,0.0,0.0,0.0,0.0,0.0,0.0,0.0
SL1693,19.094169484578337,64.44102879393381,1.994056768111487,10.216210677323497,4.254534276052874,0.0,0.0,0.0,0.0,0.0,0.0,0.0,0.0,0.0,0.0,0.0,0.0,0.0,0.0,0.0
SL1694,27.395241103390187,35.67909033480733,15.632764792587913,19.7094125078964,1.082333122762687,0.0,0.0,0.0,0.5011581385554854,0.0,0.0,0.0,0.0,0.0,0.0,0.0,0.0,0.0,0.0,0.0
SL1695,11.531433651044496,85.3029779248358,3.1013877228505113,0.06420070126919848,0.0,0.0,0.0,0.0,0.0,0.0,0.0,0.0,0.0,0.0,0.0,0.0,0.0,0.0,0.0,0.0
SL1696,51.82197496522949,11.627260083449235,6.7964765878535,29.74501622624015,0.0,0.0,0.0,0.0,0.00927213722763097,0.0,0.0,0.0,0.0,0.0,0.0,0.0,0.0,0.0,0.0,0.0
SL1697,27.578953605498608,67.2453635124726,0.0,4.443917757895361,0.0,0.0,0.0,0.0,0.0,0.0,0.002962611838596907,0.7288025122948392,0.0,0.0,0.0,0.0,0.0,0.0,0.0,0.0
SL1698,82.8385035281587,6.670217015044601,0.8986819331646918,9.48608707229397,0.10651045133803755,0.0,0.0,0.0,0.0,0.0,0.0,0.0,0.0,0.0,0.0,0.0,0.0,0.0,0.0,0.0
SL1699,44.22164905566187,11.523421249687994,1.187009457248246,43.05960007765482,0.0,0.0027733865823557145,0.0,0.0,0.0,0.0,0.0,0.005546773164711429,0.0,0.0,0.0,0.0,0.0,0.0,0.0,0.0
SL1700,34.35941285449622,43.0597121276899,1.3894826849080804,21.15576457175431,0.0,0.0,0.0,0.0,0.0,0.0,0.0,0.03562776115148924,0.0,0.0,0.0,0.0,0.0,0.0,0.0,0.0
SL1701,61.3600312053049,25.74177610193733,0.0,12.229879079443505,0.0,0.5772981406839163,0.0,0.0,0.0,0.09101547263034716,0.0,0.0,0.0,0.0,0.0,0.0,0.0,0.0,0.0,0.0
SL1702,48.641293932773756,29.575332490130695,14.642980338047602,6.557816871718217,0.0,0.026829174811237592,0.0,0.0,0.0,0.0,0.0,0.5557471925184929,0.0,0.0,0.0,0.0,0.0,0.0,0.0,0.0
SL1703,35.651597300776224,55.60322970706401,1.6733627179467176,7.0679096618169055,0.0,0.0039006123961461948,0.0,0.0,0.0,0.0,0.0,0.0,0.0,0.0,0.0,0.0,0.0,0.0,0.0,0.0
SL1704,44.46181989850112,42.29021598017231,0.5901097604154373,12.657854360911129,0.0,0.0,0.0,0.0,0.0,0.0,0.0,0.0,0.0,0.0,0.0,0.0,0.0,0.0,0.0,0.0
SL1705,77.00630600730169,20.83637570527713,1.5632260205774975,0.4679721208098241,0.0,0.0,0.0,0.003318951211417192,0.0,0.12280119482243611,0.0,0.0,0.0,0.0,0.0,0.0,0.0,0.0,0.0,0.0
SL1706,12.616275488203042,86.15782664941786,0.6961128565268281,0.5297850058522763,0.0,0.0,0.0,0.0,0.0,0.0,0.0,0.0,0.0,0.0,0.0,0.0,0.0,0.0,0.0,0.0
SL1707,42.150924864953346,27.77323075244175,10.176242702024336,19.894145250177335,0.0,0.005456430403230207,0.0,0.0,0.0,0.0,0.0,0.0,0.0,0.0,0.0,0.0,0.0,0.0,0.0,0.0
SL1708,92.16566866267465,6.399201596806387,0.0,1.43313373253493,0.0,0.0,0.0,0.0,0.0,0.0,0.001996007984031936,0.0,0.0,0.0,0.0,0.0,0.0,0.0,0.0,0.0
SL1709,47.57080905271717,52.012467814066945,0.0,0.4167231332158829,0.0,0.0,0.0,0.0,0.0,0.0,0.0,0.0,0.0,0.0,0.0,0.0,0.0,0.0,0.0,0.0
SL1710,6.365360303413401,76.1314791403287,16.70670037926675,0.7269279393173198,0.0,0.0,0.0,0.04424778761061947,0.0,0.0,0.0,0.0,0.0,0.0,0.025284450063211124,0.0,0.0,0.0,0.0,0.0
SL1711,70.06418092909536,13.355745721271393,0.5806845965770171,15.999388753056234,0.0,0.0,0.0,0.0,0.0,0.0,0.0,0.0,0.0,0.0,0.0,0.0,0.0,0.0,0.0,0.0
SL1712,80.45745321183107,7.823457775164826,11.087781183947143,0.6313078290569577,0.0,0.0,0.0,0.0,0.0,0.0,0.0,0.0,0.0,0.0,0.0,0.0,0.0,0.0,0.0,0.0
SL1713,57.26190476190476,42.21560846560847,0.002204585537918871,0.5180776014109347,0.0,0.0,0.0,0.0,0.0,0.0,0.002204585537918871,0.0,0.0,0.0,0.0,0.0,0.0,0.0,0.0,0.0
SL1714,33.53302162478083,64.87068965517241,0.5296610169491526,0.3506721215663355,0.0,0.7159555815312683,0.0,0.0,0.0,0.0,0.0,0.0,0.0,0.0,0.0,0.0,0.0,0.0,0.0,0.0
SL1715,16.507618066475086,20.915794610421298,2.2745757197852843,56.79390554681993,0.0,0.008133167055251314,0.0,3.4918397223878976,0.0,0.0,0.0,0.0,0.0,0.0,0.0,0.008133167055251314,0.0,0.0,0.0,0.0
SL1716,54.62540848025174,21.737200952111994,21.103804413603907,2.5295517811756163,0.0,0.0,0.0,0.0,0.0040343728567394195,0.0,0.0,0.0,0.0,0.0,0.0,0.0,0.0,0.0,0.0,0.0
SL1717,16.69236466060437,72.24980878264354,0.9299840955722559,10.127842461179842,0.0,0.0,0.0,0.0,0.0,0.0,0.0,0.0,0.0,0.0,0.0,0.0,0.0,0.0,0.0,0.0
SL1718,94.05082073634425,5.575906519521469,0.0,0.3384957803950663,0.0,0.0,0.0,0.0,0.009273856997125105,0.0,0.0,0.025503106742094037,0.0,0.0,0.0,0.0,0.0,0.0,0.0,0.0
SL1719,26.505140355575218,22.325326875385674,19.83839606934532,30.96554855685827,0.0,0.0,0.0,0.36558814283552027,0.0,0.0,0.0,0.0,0.0,0.0,0.0,0.0,0.0,0.0,0.0,0.0
SL1720,41.33740397872759,56.76777624581446,0.0,1.8948197754579477,0.0,0.0,0.0,0.0,0.0,0.0,0.0,0.0,0.0,0.0,0.0,0.0,0.0,0.0,0.0,0.0
SL1721,91.46341463414635,6.097560975609756,2.4390243902439024,0.0,0.0,0.0,0.0,0.0,0.0,0.0,0.0,0.0,0.0,0.0,0.0,0.0,0.0,0.0,0.0,0.0
SL1722,10.992756710694504,88.31700042607584,0.0,0.6795909671921602,0.0,0.010651896037494673,0.0,0.0,0.0,0.0,0.0,0.0,0.0,0.0,0.0,0.0,0.0,0.0,0.0,0.0
SL1723,27.629787485940923,71.3194814420174,0.5682827206535251,0.4202924288166696,0.0,0.06215592257147931,0.0,0.0,0.0,0.0,0.0,0.0,0.0,0.0,0.0,0.0,0.0,0.0,0.0,0.0
SL1724,53.88956234585963,13.530911674957155,0.8945366383814739,31.676629185302847,0.0,0.0,0.0,0.0,0.00836015549889228,0.0,0.0,0.0,0.0,0.0,0.0,0.0,0.0,0.0,0.0,0.0
SL1725,54.928554129329136,45.071445870670864,0.0,0.0,0.0,0.0,0.0,0.0,0.0,0.0,0.0,0.0,0.0,0.0,0.0,0.0,0.0,0.0,0.0,0.0
SL1726,26.791666666666668,1.5,0.3333333333333333,71.375,0.0,0.0,0.0,0.0,0.0,0.0,0.0,0.0,0.0,0.0,0.0,0.0,0.0,0.0,0.0,0.0
SL1727,23.688363678355596,53.554794256899804,3.2872704877016052,19.434928211247545,0.0,0.0,0.0,0.0,0.0,0.0,0.0,0.03464336579545017,0.0,0.0,0.0,0.0,0.0,0.0,0.0,0.0
SL1728,74.58716678461901,22.045293701344658,0.05307855626326964,3.302665723047889,0.0,0.01179523472517103,0.0,0.0,0.0,0.0,0.0,0.0,0.0,0.0,0.0,0.0,0.0,0.0,0.0,0.0
SL1729,88.44318467223997,8.880198055326325,0.6960640091851745,1.973377345628072,0.0,0.0,0.0,0.0,0.0,0.007175917620465717,0.0,0.0,0.0,0.0,0.0,0.0,0.0,0.0,0.0,0.0
SL1730,34.1172032193159,61.3891683433937,0.2682763246143528,4.137323943661972,0.0,0.06287726358148893,0.0,0.025150905432595575,0.0,0.0,0.0,0.0,0.0,0.0,0.0,0.0,0.0,0.0,0.0,0.0
SL1731,9.58910712133992,75.01144716230871,11.986986383901675,2.9521629111941197,0.46029642125557296,0.0,0.0,0.0,0.0,0.0,0.0,0.0,0.0,0.0,0.0,0.0,0.0,0.0,0.0,0.0
SL1732,17.932300739136576,77.8588578692152,0.6402711736735559,3.5685702179746714,0.0,0.0,0.0,0.0,0.0,0.0,0.0,0.0,0.0,0.0,0.0,0.0,0.0,0.0,0.0,0.0
SL1733,14.15134902719553,72.8044716758035,0.0,13.044179297000968,0.0,0.0,0.0,0.0,0.0,0.0,0.0,0.0,0.0,0.0,0.0,0.0,0.0,0.0,0.0,0.0
SL1734,35.59995459189465,38.04631626745374,0.0,23.09002156885004,0.0,2.3952775570439324,0.0,0.0,0.5789533431717562,0.20433647406061983,0.0,0.0,0.0,0.0,0.08514019752525825,0.0,0.0,0.0,0.0,0.0
SL1735,74.79872261952953,9.872711734808618,1.85759906445374,13.470966581208113,0.0,0.0,0.0,0.0,0.0,0.0,0.0,0.0,0.0,0.0,0.0,0.0,0.0,0.0,0.0,0.0
SL1736,8.869991620371808,90.15859222246361,0.0,0.9714161571645821,0.0,0.0,0.0,0.0,0.0,0.0,0.0,0.0,0.0,0.0,0.0,0.0,0.0,0.0,0.0,0.0
SL1737,27.14793859963236,54.34600969228198,1.1076893695242187,16.24054047601996,0.0,1.1578218625414787,0.0,0.0,0.0,0.0,0.0,0.0,0.0,0.0,0.0,0.0,0.0,0.0,0.0,0.0
SL1738,86.20862145063998,7.473885537737237,0.726791231425629,5.590701780197146,0.0,0.0,0.0,0.0,0.0,0.0,0.0,0.0,0.0,0.0,0.0,0.0,0.0,0.0,0.0,0.0
SL1739,77.97450788919156,19.784653338130237,0.6809888472015213,1.5598499254766922,0.0,0.0,0.0,0.0,0.0,0.0,0.0,0.0,0.0,0.0,0.0,0.0,0.0,0.0,0.0,0.0
SL1740,43.51982851018221,52.553054662379424,0.7331189710610932,3.1468381564844585,0.0,0.00857449088960343,0.0,0.0,0.03858520900321544,0.0,0.0,0.0,0.0,0.0,0.0,0.0,0.0,0.0,0.0,0.0
SL1741,55.36607687614399,42.28492983526541,0.4636973764490543,1.8852959121415498,0.0,0.0,0.0,0.0,0.0,0.0,0.0,0.0,0.0,0.0,0.0,0.0,0.0,0.0,0.0,0.0
SL1742,42.921135374940775,41.17026316922944,2.317267519490029,12.981866735581686,0.3488822845328854,0.0,0.0,0.2605849162251798,0.0,0.0,0.0,0.0,0.0,0.0,0.0,0.0,0.0,0.0,0.0,0.0
SL1743,93.02325581395348,4.651162790697675,1.1627906976744187,1.1627906976744187,0.0,0.0,0.0,0.0,0.0,0.0,0.0,0.0,0.0,0.0,0.0,0.0,0.0,0.0,0.0,0.0
SL1744,22.77748782185108,73.63430758524704,2.2834029227557413,1.3048016701461378,0.0,0.0,0.0,0.0,0.0,0.0,0.0,0.0,0.0,0.0,0.0,0.0,0.0,0.0,0.0,0.0
SL1745,9.982139313355825,89.90540451147714,0.0,0.11245617516703049,0.0,0.0,0.0,0.0,0.0,0.0,0.0,0.0,0.0,0.0,0.0,0.0,0.0,0.0,0.0,0.0
SL1746,5.170462931076893,93.66851970285826,0.58050868303242,0.58050868303242,0.0,0.0,0.0,0.0,0.0,0.0,0.0,0.0,0.0,0.0,0.0,0.0,0.0,0.0,0.0,0.0
SL1747,39.551184374567114,48.341875606039615,11.497437318188116,0.609502701205153,0.0,0.0,0.0,0.0,0.0,0.0,0.0,0.0,0.0,0.0,0.0,0.0,0.0,0.0,0.0,0.0
SL1748,85.22395257141237,3.1486681984511957,0.0,11.627379230136443,0.0,0.0,0.0,0.0,0.0,0.0,0.0,0.0,0.0,0.0,0.0,0.0,0.0,0.0,0.0,0.0
SL1749,39.11588492470449,58.23932638851406,0.0026987639661035247,2.6420899228153507,0.0,0.0,0.0,0.0,0.0,0.0,0.0,0.0,0.0,0.0,0.0,0.0,0.0,0.0,0.0,0.0
SL1750,7.056005895357406,91.19380987472366,0.0,1.7501842299189387,0.0,0.0,0.0,0.0,0.0,0.0,0.0,0.0,0.0,0.0,0.0,0.0,0.0,0.0,0.0,0.0
SL1751,92.6829268292683,2.4390243902439024,2.4390243902439024,2.4390243902439024,0.0,0.0,0.0,0.0,0.0,0.0,0.0,0.0,0.0,0.0,0.0,0.0,0.0,0.0,0.0,0.0
SL1752,50.84075873694947,41.90477539629698,5.645195563173775,1.6092703035797764,0.0,0.0,0.0,0.0,0.0,0.0,0.0,0.0,0.0,0.0,0.0,0.0,0.0,0.0,0.0,0.0
SL1753,37.31076851744523,47.50202851512693,1.5741277384954213,13.613075228932422,0.0,0.0,0.0,0.0,0.0,0.0,0.0,0.0,0.0,0.0,0.0,0.0,0.0,0.0,0.0,0.0
SL1754,90.9341568324694,6.217602294033307,0.5266350501819786,2.3216058233153194,0.0,0.0,0.0,0.0,0.0,0.0,0.0,0.0,0.0,0.0,0.0,0.0,0.0,0.0,0.0,0.0
SL1755,23.208047476745655,72.40624605412685,1.6709457468748685,2.71476072225262,0.0,0.0,0.0,0.0,0.0,0.0,0.0,0.0,0.0,0.0,0.0,0.0,0.0,0.0,0.0,0.0
SL1756,21.71553478555815,72.97806587774177,0.0,5.212180598477425,0.0,0.09421873822265772,0.0,0.0,0.0,0.0,0.0,0.0,0.0,0.0,0.0,0.0,0.0,0.0,0.0,0.0
SL1757,7.901785714285714,81.24149659863946,0.49107142857142855,10.178571428571429,0.0021258503401360546,0.0,0.0,0.0,0.0,0.0,0.0,0.0,0.18494897959183673,0.0,0.0,0.0,0.0,0.0,0.0,0.0
SL1758,58.54108170963442,35.06055191582291,2.07606568535693,4.32230068918574,0.0,0.0,0.0,0.0,0.0,0.0,0.0,0.0,0.0,0.0,0.0,0.0,0.0,0.0,0.0,0.0
SL1759,88.90509311195872,7.706977787749607,0.4711689477226834,2.905541844289881,0.0,0.005609154139555755,0.0,0.0,0.0,0.0,0.0,0.005609154139555755,0.0,0.0,0.0,0.0,0.0,0.0,0.0,0.0
SL1760,27.03805445584552,63.09687323260887,0.0,9.865072311545608,0.0,0.0,0.0,0.0,0.0,0.0,0.0,0.0,0.0,0.0,0.0,0.0,0.0,0.0,0.0,0.0
SL1761,54.70875709945846,39.189010698718796,4.167217012283714,1.604807819310527,0.0,0.32360322282393345,0.0,0.0,0.0,0.0,0.0,0.0,0.0,0.0,0.0,0.0,0.0,0.0,0.0,0.00660414740457007
SL1762,45.50877548949985,26.628791721619155,13.965709647965912,13.87237496195597,0.0,0.02434817895911535,0.0,0.0,0.0,0.0,0.0,0.0,0.0,0.0,0.0,0.0,0.0,0.0,0.0,0.0
SL1763,42.36552814441708,45.85830361410346,9.09592264421486,2.6765689915070405,0.0,0.0,0.0,0.0,0.0,0.0,0.0,0.0,0.0,0.0,0.0,0.0036766057575646164,0.0,0.0,0.0,0.0
SL1764,55.78242404442992,43.25383861483176,0.5962103887618425,0.3675269519764783,0.0,0.0,0.0,0.0,0.0,0.0,0.0,0.0,0.0,0.0,0.0,0.0,0.0,0.0,0.0,0.0
SL1765,32.668549841745225,65.34730966885614,1.5519177755845217,0.3641561447095259,0.0,0.006806656910458429,0.0,0.061259912194125854,0.0,0.0,0.0,0.0,0.0,0.0,0.0,0.0,0.0,0.0,0.0,0.0
SL1766,82.75569723277265,8.440721649484535,1.1326641345632122,7.65735214324471,0.0,0.013564839934888768,0.0,0.0,0.0,0.0,0.0,0.0,0.0,0.0,0.0,0.0,0.0,0.0,0.0,0.0
SL1767,5.8478140125366975,92.43037372054273,0.3015155121796398,1.4202967547409346,0.0,0.0,0.0,0.0,0.0,0.0,0.0,0.0,0.0,0.0,0.0,0.0,0.0,0.0,0.0,0.0
SL1768,58.53958273792512,31.600457273506716,4.369819948556731,5.490140040011432,0.0,0.0,0.0,0.0,0.0,0.0,0.0,0.0,0.0,0.0,0.0,0.0,0.0,0.0,0.0,0.0
SL1769,29.76212372018883,48.50714241922629,3.721414996014959,14.836613328428667,0.0,1.661455459505855,0.0,0.0,1.5081846606584512,0.0030654159769480716,0.0,0.0,0.0,0.0,0.0,0.0,0.0,0.0,0.0,0.0
SL1770,60.962428400375394,19.688683214135466,17.85702728067053,1.4918611048186143,0.0,0.0,0.0,0.0,0.0,0.0,0.0,0.0,0.0,0.0,0.0,0.0,0.0,0.0,0.0,0.0
SL1771,18.793854343092185,31.339220904911688,11.571497701427534,38.29542705056859,0.0,0.0,0.0,0.0,0.0,0.0,0.0,0.0,0.0,0.0,0.0,0.0,0.0,0.0,0.0,0.0
SL1772,48.93873182912691,35.72638901275305,3.268527601890663,12.066351556229376,0.0,0.0,0.0,0.0,0.0,0.0,0.0,0.0,0.0,0.0,0.0,0.0,0.0,0.0,0.0,0.0
SL1773,83.22125930454169,10.956884461864863,0.003595958143047215,5.8110683591643,0.0,0.0,0.0,0.0,0.003595958143047215,0.0,0.0,0.003595958143047215,0.0,0.0,0.0,0.0,0.0,0.0,0.0,0.0
SL1774,24.524264920413653,56.741336272571075,0.0,13.599377573183778,3.9485201154083054,1.1832593120886958,0.0,0.0,0.0,0.0,0.0,0.0,0.0032418063344895774,0.0,0.0,0.0,0.0,0.0,0.0,0.0
SL1775,9.933106816733913,55.144404332129966,34.04650668931833,0.6742408154597579,0.0,0.0,0.0,0.2017413463580378,0.0,0.0,0.0,0.0,0.0,0.0,0.0,0.0,0.0,0.0,0.0,0.0
SL1776,15.233650636667079,2.178884905427123,0.0,82.5874644579058,0.0,0.0,0.0,0.0,0.0,0.0,0.0,0.0,0.0,0.0,0.0,0.0,0.0,0.0,0.0,0.0
SL1777,3.162199000454339,95.3566560654248,0.0,1.4811449341208542,0.0,0.0,0.0,0.0,0.0,0.0,0.0,0.0,0.0,0.0,0.0,0.0,0.0,0.0,0.0,0.0
SL1778,44.81186396860091,50.313755904956636,1.7250699193870596,3.109356271592752,0.0,0.03995393546264307,0.0,0.0,0.0,0.0,0.0,0.0,0.0,0.0,0.0,0.0,0.0,0.0,0.0,0.0
SL1779,34.15589502546024,20.698959829394614,0.08704356530443487,43.79596988292641,0.0,0.2828915872394133,0.0,0.0,0.6354180267223746,0.339469904687296,0.004352178265221744,0.0,0.0,0.0,0.0,0.0,0.0,0.0,0.0,0.0
SL1780,85.49280177187154,12.200601170700839,1.9174181300427147,0.38917892738490745,0.0,0.0,0.0,0.0,0.0,0.0,0.0,0.0,0.0,0.0,0.0,0.0,0.0,0.0,0.0,0.0
SL1781,22.016637445443354,64.09146864624911,0.0,13.884433170440557,0.0,0.0,0.0,0.0,0.0,0.007460737866975044,0.0,0.0,0.0,0.0,0.0,0.0,0.0,0.0,0.0,0.0
SL1782,72.05164187482458,19.152399663205163,4.911591355599215,3.8843671063710357,0.0,0.0,0.0,0.0,0.0,0.0,0.0,0.0,0.0,0.0,0.0,0.0,0.0,0.0,0.0,0.0
SL1783,16.589406230826913,69.3435135319381,2.133751448633172,11.42204649260345,0.1908787238393892,0.0,0.0,0.3204035721589747,0.0,0.0,0.0,0.0,0.0,0.0,0.0,0.0,0.0,0.0,0.0,0.0
SL1784,2.833326134842137,25.989432614923913,0.0,71.17724125023395,0.0,0.0,0.0,0.0,0.0,0.0,0.0,0.0,0.0,0.0,0.0,0.0,0.0,0.0,0.0,0.0
SL1785,57.170979634203086,36.04996599735137,3.6436522423851962,3.1354021260603457,0.0,0.0,0.0,0.0,0.0,0.0,0.0,0.0,0.0,0.0,0.0,0.0,0.0,0.0,0.0,0.0
SL1786,29.32521562658549,63.474222378331966,2.6772821293369238,4.363267376966007,0.0,0.16001248877961208,0.0,0.0,0.0,0.0,0.0,0.0,0.0,0.0,0.0,0.0,0.0,0.0,0.0,0.0
SL1787,32.78707668353445,55.44959128065395,2.70533281432464,9.05799922148696,0.0,0.0,0.0,0.0,0.0,0.0,0.0,0.0,0.0,0.0,0.0,0.0,0.0,0.0,0.0,0.0
SL1788,55.277656044575224,37.18149377073812,0.47580291742315156,7.065047267263507,0.0,0.0,0.0,0.0,0.0,0.0,0.0,0.0,0.0,0.0,0.0,0.0,0.0,0.0,0.0,0.0
SL1789,13.92636169996957,83.02059032356223,0.0012678770666396187,2.4381275991479865,0.0,0.6136525002535754,0.0,0.0,0.0,0.0,0.0,0.0,0.0,0.0,0.0,0.0,0.0,0.0,0.0,0.0
SL1790,43.44852411807055,42.377609791216706,1.2958963282937366,10.646148308135349,0.755939524838013,0.0,1.4758819294456444,0.0,0.0,0.0,0.0,0.0,0.0,0.0,0.0,0.0,0.0,0.0,0.0,0.0
SL1791,40.50132873662285,47.70523594053006,0.0,11.793435322847088,0.0,0.0,0.0,0.0,0.0,0.0,0.0,0.0,0.0,0.0,0.0,0.0,0.0,0.0,0.0,0.0
SL1792,84.57403485909758,11.329206711190748,0.0,2.3212249552044306,1.75109952761036,0.0,0.0,0.01628929793125916,0.0,0.00814464896562958,0.0,0.0,0.0,0.0,0.0,0.0,0.0,0.0,0.0,0.0
SL1793,18.41428053642624,67.47191011235955,0.001812250815512867,13.570134106560348,0.5110547299746285,0.0,0.0,0.0,0.030808263863718738,0.0,0.0,0.0,0.0,0.0,0.0,0.0,0.0,0.0,0.0,0.0
SL1794,81.45640318689561,12.327933991525938,3.1382407200924445,3.0429582176090175,0.0,0.0,0.0,0.03446388387698421,0.0,0.0,0.0,0.0,0.0,0.0,0.0,0.0,0.0,0.0,0.0,0.0
SL1795,65.32114975159688,12.843772178850248,0.0044357700496806245,21.185237757274663,0.2350958126330731,0.0,0.0,0.2550567778566359,0.0,0.0,0.15525195173882186,0.0,0.0,0.0,0.0,0.0,0.0,0.0,0.0,0.0
SL1796,93.2987012987013,5.922077922077922,0.24242424242424243,0.48484848484848486,0.0,0.0,0.0,0.0,0.0,0.017316017316017316,0.0,0.0,0.03463203463203463,0.0,0.0,0.0,0.0,0.0,0.0,0.0
SL1797,57.38895367327467,40.459026820735716,0.28622919537792857,1.8551892293013887,0.0,0.005300540655146825,0.0,0.0,0.0,0.0,0.0,0.0,0.0,0.0,0.005300540655146825,0.0,0.0,0.0,0.0,0.0
SL1798,8.535762483130904,88.71176338281602,0.9306117858749438,1.301731893837157,0.0,0.008434547908232119,0.0,0.0,0.5116959064327485,0.0,0.0,0.0,0.0,0.0,0.0,0.0,0.0,0.0,0.0,0.0
SL1799,75.23004227804029,23.19074857000746,1.088037801541905,0.4911713504103457,0.0,0.0,0.0,0.0,0.0,0.0,0.0,0.0,0.0,0.0,0.0,0.0,0.0,0.0,0.0,0.0
SL1800,39.500306560392396,52.682403433476395,1.8087063151440834,5.288166768853464,0.7204169221336604,0.0,0.0,0.0,0.0,0.0,0.0,0.0,0.0,0.0,0.0,0.0,0.0,0.0,0.0,0.0
SL1801,53.59128690169103,42.814560045858414,0.5445686443106907,3.049584408139868,0.0,0.0,0.0,0.0,0.0,0.0,0.0,0.0,0.0,0.0,0.0,0.0,0.0,0.0,0.0,0.0
SL1802,73.64938271604939,23.078189300411523,2.9563786008230455,0.3094650205761317,0.0,0.006584362139917695,0.0,0.0,0.0,0.0,0.0,0.0,0.0,0.0,0.0,0.0,0.0,0.0,0.0,0.0
SL1803,82.20615522426259,16.354213321389725,0.358308273082091,1.081323181265596,0.0,0.0,0.0,0.0,0.0,0.0,0.0,0.0,0.0,0.0,0.0,0.0,0.0,0.0,0.0,0.0
SL1804,58.86110208942297,39.94442640106817,0.6279094944245968,0.2129118400635127,0.0,0.0,0.028869402042510196,0.13352098444660965,0.0,0.0,0.19125978853163003,0.0,0.0,0.0,0.0,0.0,0.0,0.0,0.0,0.0
SL1805,8.14389634007729,91.36735621732213,0.0,0.48874744260059105,0.0,0.0,0.0,0.0,0.0,0.0,0.0,0.0,0.0,0.0,0.0,0.0,0.0,0.0,0.0,0.0
SL1806,75.2373438187133,9.817109449776238,0.33499754248907054,14.363504669270766,0.2470445197506273,0.0,0.0,0.0,0.0,0.0,0.0,0.0,0.0,0.0,0.0,0.0,0.0,0.0,0.0,0.0
SL1807,77.54088591670529,18.1487121763888,0.4767264781831424,3.8270542276368933,0.0,0.0,0.0,0.0,0.0,0.0066212010858769784,0.0,0.0,0.0,0.0,0.0,0.0,0.0,0.0,0.0,0.0
SL1808,4.540420819490587,87.50072856560004,0.0,6.4580054788133125,1.4221600512910182,0.0,0.0,0.07868508480503585,0.0,0.0,0.0,0.0,0.0,0.0,0.0,0.0,0.0,0.0,0.0,0.0
SL1809,9.023468740520117,89.49835911861229,0.0,1.2740961363448333,0.0,0.16546703069413418,0.0,0.0,0.038608973828631314,0.0,0.0,0.0,0.0,0.0,0.0,0.0,0.0,0.0,0.0,0.0
SL1810,92.49510222534786,2.1047872607625457,0.2963781584367308,5.1037323554528555,0.0,0.0,0.0,0.0,0.0,0.0,0.0,0.0,0.0,0.0,0.0,0.0,0.0,0.0,0.0,0.0
SL1811,62.3867654270008,12.246109376209771,0.0,25.367125196789427,0.0,0.0,0.0,0.0,0.0,0.0,0.0,0.0,0.0,0.0,0.0,0.0,0.0,0.0,0.0,0.0
SL1812,68.37963401915236,30.406750734806106,0.0,0.815397743434152,0.0,0.01896273821939888,0.1422205366454916,0.0,0.0474068455484972,0.00948136910969944,0.18014601308428937,0.0,0.0,0.0,0.0,0.0,0.0,0.0,0.0,0.0
SL1813,30.34530213937195,30.808207181283624,3.6344301263605656,35.212060552983864,0.0,0.0,0.0,0.0,0.0,0.0,0.0,0.0,0.0,0.0,0.0,0.0,0.0,0.0,0.0,0.0
SL1814,28.011814083631275,51.63998134618374,0.0,20.348204570184983,0.0,0.0,0.0,0.0,0.0,0.0,0.0,0.0,0.0,0.0,0.0,0.0,0.0,0.0,0.0,0.0
SL1815,72.65779249729317,10.661741290363672,15.0117826890007,1.4139226800840712,0.2547608432583912,0.0,0.0,0.0,0.0,0.0,0.0,0.0,0.0,0.0,0.0,0.0,0.0,0.0,0.0,0.0
SL1816,86.38610405205395,8.120863470077355,1.5247563461699574,1.7649194336619285,1.7984305621491803,0.0,0.0,0.404926135887626,0.0,0.0,0.0,0.0,0.0,0.0,0.0,0.0,0.0,0.0,0.0,0.0
SL1817,61.41231448228117,33.07083207130803,0.25528968889273507,5.252909869758989,0.0,0.0,0.0,0.0,0.008653887759075765,0.0,0.0,0.0,0.0,0.0,0.0,0.0,0.0,0.0,0.0,0.0
SL1818,52.8240348731458,2.7754257220810987,43.59770439364004,0.799698936870825,0.0,0.0,0.0,0.00313607426223853,0.0,0.0,0.0,0.0,0.0,0.0,0.0,0.0,0.0,0.0,0.0,0.0
SL1819,77.13217804960924,22.689432551817873,0.0,0.1783893985728848,0.0,0.0,0.0,0.0,0.0,0.0,0.0,0.0,0.0,0.0,0.0,0.0,0.0,0.0,0.0,0.0
SL1820,85.1215703769797,14.343073834485836,0.3479812625474013,0.13383894713361588,0.0,0.0,0.049074280615659154,0.004461298237787196,0.0,0.0,0.0,0.0,0.0,0.0,0.0,0.0,0.0,0.0,0.0,0.0
SL1821,50.88549247937894,48.47768073750606,0.0,0.6307617661329452,0.0,0.0,0.0,0.0,0.0,0.0060650169820475495,0.0,0.0,0.0,0.0,0.0,0.0,0.0,0.0,0.0,0.0
SL1822,9.351333552848205,85.72055756777522,3.336626056415322,1.5914828229612556,0.0,0.0,0.0,0.0,0.0,0.0,0.0,0.0,0.0,0.0,0.0,0.0,0.0,0.0,0.0,0.0
SL1823,58.58877086494689,40.25796661608498,0.3186646433990895,0.8042488619119879,0.0,0.0,0.030349013657056147,0.0,0.0,0.0,0.0,0.0,0.0,0.0,0.0,0.0,0.0,0.0,0.0,0.0
SL1824,66.08614315620684,32.27027749320743,0.004454144581533117,1.639125206004187,0.0,0.0,0.0,0.0,0.0,0.0,0.0,0.0,0.0,0.0,0.0,0.0,0.0,0.0,0.0,0.0
SL1825,15.522107243650048,71.18218877391031,8.28890979408383,5.001567889620571,0.0,0.0,0.0,0.005226298735235706,0.0,0.0,0.0,0.0,0.0,0.0,0.0,0.0,0.0,0.0,0.0,0.0
SL1826,38.72068080317896,57.78738966838977,0.9986988782220346,2.4932306502092345,0.0,0.0,0.0,0.0,0.0,0.0,0.0,0.0,0.0,0.0,0.0,0.0,0.0,0.0,0.0,0.0
SL1827,42.63938478439989,42.35786871738534,1.4350453172205437,13.51963746223565,0.0,0.048063718758582806,0.0,0.0,0.0,0.0,0.0,0.0,0.0,0.0,0.0,0.0,0.0,0.0,0.0,0.0
SL1828,96.49467190128996,3.393157599551318,0.0,0.08412787436904094,0.0,0.0,0.0,0.0,0.0,0.028042624789680313,0.0,0.0,0.0,0.0,0.0,0.0,0.0,0.0,0.0,0.0
SL1829,42.48480284038948,50.88762171176502,0.814998117166066,4.586045510785949,0.0,0.0,0.0,0.0,0.0,0.0,0.0,1.2265318198934854,0.0,0.0,0.0,0.0,0.0,0.0,0.0,0.0
SL1830,49.84606503752165,31.075620550317492,3.3288435635943814,15.605156821243025,0.0,0.14431402732345583,0.0,0.0,0.0,0.0,0.0,0.0,0.0,0.0,0.0,0.0,0.0,0.0,0.0,0.0
SL1831,26.25090645395214,67.73023930384336,2.046571589718798,3.843364757070341,0.0,0.06445894770767867,0.0,0.04028684231729917,0.0,0.024172105390379502,0.0,0.0,0.0,0.0,0.0,0.0,0.0,0.0,0.0,0.0
SL1832,25.85182596540276,61.77267167569457,0.5198322558098899,11.842565088240434,0.0,0.013105014852350166,0.0,0.0,0.0,0.0,0.0,0.0,0.0,0.0,0.0,0.0,0.0,0.0,0.0,0.0
SL1833,20.96679830334942,55.265467310223784,5.3166593535176245,18.01228609039052,0.292525961679099,0.007313149041977476,0.0,0.0,0.13894983179757203,0.0,0.0,0.0,0.0,0.0,0.0,0.0,0.0,0.0,0.0,0.0
SL1834,36.16732923744127,59.016985905312616,0.5149981929887966,3.6863028550777015,0.0,0.0,0.0,0.6143838091796169,0.0,0.0,0.0,0.0,0.0,0.0,0.0,0.0,0.0,0.0,0.0,0.0
SL1835,40.01012448514692,59.27195747716238,0.0,0.717918037690697,0.0,0.0,0.0,0.0,0.0,0.0,0.0,0.0,0.0,0.0,0.0,0.0,0.0,0.0,0.0,0.0
SL1836,64.71028971028971,33.29170829170829,0.0,1.998001998001998,0.0,0.0,0.0,0.0,0.0,0.0,0.0,0.0,0.0,0.0,0.0,0.0,0.0,0.0,0.0,0.0
SL1837,46.83872045435563,42.265931679612464,2.5014616219827945,6.969848826526351,1.4156852919067904,0.0,0.0,0.0,0.008352125615969264,0.0,0.0,0.0,0.0,0.0,0.0,0.0,0.0,0.0,0.0,0.0
SL1838,24.523198557458908,52.53138220403634,0.0,13.433663915666829,9.511755322837923,0.0,0.0,0.0,0.0,0.0,0.0,0.0,0.0,0.0,0.0,0.0,0.0,0.0,0.0,0.0
SL1839,6.469283944176341,88.36137559236555,0.0,5.16934046345811,0.0,0.0,0.0,0.0,0.0,0.0,0.0,0.0,0.0,0.0,0.0,0.0,0.0,0.0,0.0,0.0
SL1840,27.37046438703897,57.197252501119905,0.5599522174107809,13.326862774376586,1.5454681200537554,0.0,0.0,0.0,0.0,0.0,0.0,0.0,0.0,0.0,0.0,0.0,0.0,0.0,0.0,0.0
SL1841,13.249840459476706,79.51699106573069,0.0,5.641751754945756,0.8515475430759413,0.0,0.0,0.0,0.7398691767708998,0.0,0.0,0.0,0.0,0.0,0.0,0.0,0.0,0.0,0.0,0.0
SL1842,63.42547688328484,28.815066278693823,4.251535725832525,3.4513417394115744,0.0,0.02424830261881668,0.0,0.032331070158422244,0.0,0.0,0.0,0.0,0.0,0.0,0.0,0.0,0.0,0.0,0.0,0.0
SL1843,21.417450871851646,50.68675615831719,23.479449211181844,1.003321339606975,3.350747301411569,0.0,0.0,0.06227511763077775,0.0,0.0,0.0,0.0,0.0,0.0,0.0,0.0,0.0,0.0,0.0,0.0
SL1844,84.94594099321972,5.66703316840755,1.6034451163643026,7.774418178486348,0.0,0.00916254352208173,0.0,0.0,0.0,0.0,0.0,0.0,0.0,0.0,0.0,0.0,0.0,0.0,0.0,0.0
SL1845,87.34144297726024,9.8731543818082,0.5692160998584184,2.216186541073131,0.0,0.0,0.0,0.0,0.0,0.0,0.0,0.0,0.0,0.0,0.0,0.0,0.0,0.0,0.0,0.0
SL1846,24.979861446753667,60.46399226679555,1.3210890929595618,13.235057193491219,0.0,0.0,0.0,0.0,0.0,0.0,0.0,0.0,0.0,0.0,0.0,0.0,0.0,0.0,0.0,0.0
SL1847,56.66012255339402,32.565887322267834,8.42405854006782,2.0286751145219823,0.19632339817954667,0.0,0.0,0.12493307156880243,0.0,0.0,0.0,0.0,0.0,0.0,0.0,0.0,0.0,0.0,0.0,0.0
SL1848,13.75053214133674,84.43309209592735,0.0,0.6243791684404711,1.1872664490799867,0.004730145215458115,0.0,0.0,0.0,0.0,0.0,0.0,0.0,0.0,0.0,0.0,0.0,0.0,0.0,0.0
SL1849,15.519585626416315,60.49854321786986,0.0,15.57138232437682,7.879572677241826,0.24603431531239883,0.0,0.0,0.24603431531239883,0.006474587245063127,0.0,0.019423761735189383,0.0,0.0,0.0,0.0,0.012949174490126255,0.0,0.0,0.0
SL1850,70.73170731707317,13.452221850985634,8.152355496157702,7.663715335783495,0.0,0.0,0.0,0.0,0.0,0.0,0.0,0.0,0.0,0.0,0.0,0.0,0.0,0.0,0.0,0.0
SL1851,86.11037410453702,6.115680551870523,0.7473246661360219,7.022198638011851,0.0,0.0,0.0,0.0,0.0,0.0,0.0,0.004422039444591846,0.0,0.0,0.0,0.0,0.0,0.0,0.0,0.0
SL1852,92.6547488751064,7.193238477441323,0.0,0.12769062385990515,0.0,0.012161011796181443,0.0,0.0,0.0,0.0,0.0,0.0,0.0,0.0,0.0,0.0,0.0,0.012161011796181443,0.0,0.0
SL1853,73.14604248710411,19.121970159187974,0.5352487658771978,6.633756725275944,0.5602085528870153,0.0,0.0,0.0,0.0,0.0,0.0,0.0,0.002773309667757502,0.0,0.0,0.0,0.0,0.0,0.0,0.0
SL1854,90.88491456685061,4.49438202247191,1.5358021408151055,3.0849012698623763,0.0,0.0,0.0,0.0,0.0,0.0,0.0,0.0,0.0,0.0,0.0,0.0,0.0,0.0,0.0,0.0
SL1855,9.714097388151933,90.17879212325946,0.0,0.10711048858861333,0.0,0.0,0.0,0.0,0.0,0.0,0.0,0.0,0.0,0.0,0.0,0.0,0.0,0.0,0.0,0.0
SL1856,89.0909090909091,9.090909090909092,1.8181818181818181,0.0,0.0,0.0,0.0,0.0,0.0,0.0,0.0,0.0,0.0,0.0,0.0,0.0,0.0,0.0,0.0,0.0
SL1857,94.53347969264544,4.873765093304061,0.0,0.570801317233809,0.0,0.0,0.0,0.0,0.0,0.0,0.0,0.021953896816684963,0.0,0.0,0.0,0.0,0.0,0.0,0.0,0.0
SL1858,67.75237498695063,28.39544837665727,0.0,3.852176636392108,0.0,0.0,0.0,0.0,0.0,0.0,0.0,0.0,0.0,0.0,0.0,0.0,0.0,0.0,0.0,0.0
SL1859,19.069375976914753,72.42996272694481,0.4088012504508837,8.091860045689552,0.0,0.0,0.0,0.0,0.0,0.0,0.0,0.0,0.0,0.0,0.0,0.0,0.0,0.0,0.0,0.0
SL1860,94.30147058823529,5.5437306501547985,0.0,0.14512383900928794,0.0,0.009674922600619196,0.0,0.0,0.0,0.0,0.0,0.0,0.0,0.0,0.0,0.0,0.0,0.0,0.0,0.0
SL1861,40.09922480620155,58.306976744186045,0.0,1.5937984496124031,0.0,0.0,0.0,0.0,0.0,0.0,0.0,0.0,0.0,0.0,0.0,0.0,0.0,0.0,0.0,0.0
SL1862,82.11009174311927,7.568807339449541,0.0,10.321100917431192,0.0,0.0,0.0,0.0,0.0,0.0,0.0,0.0,0.0,0.0,0.0,0.0,0.0,0.0,0.0,0.0
SL1863,3.17135116830342,93.36776159837453,0.34541144598713175,0.7991872671859126,1.3528614967829327,0.0,0.0,0.0,0.0,0.9634270233660684,0.0,0.0,0.0,0.0,0.0,0.0,0.0,0.0,0.0,0.0
SL1864,89.26832435239888,7.128481464649743,1.240018178276959,2.363176004674414,0.0,0.0,0.0,0.0,0.0,0.0,0.0,0.0,0.0,0.0,0.0,0.0,0.0,0.0,0.0,0.0
SL1865,9.818059550939589,81.84705047259685,1.3299958904621363,6.44823850263384,0.0,0.4296335039414204,0.0,0.0,0.1270220794261591,0.0,0.0,0.0,0.0,0.0,0.0,0.0,0.0,0.0,0.0,0.0
SL1866,74.8428241892442,24.718440454113708,0.0,0.4342123117282555,0.0,0.0,0.0,0.004523044913835994,0.0,0.0,0.0,0.0,0.0,0.0,0.0,0.0,0.0,0.0,0.0,0.0
SL1867,70.7064664712568,24.122151103666926,4.342884488843692,0.8284979362325776,0.0,0.0,0.0,0.0,0.0,0.0,0.0,0.0,0.0,0.0,0.0,0.0,0.0,0.0,0.0,0.0
SL1868,19.409480136633757,79.99625660942398,0.0,0.5427916335220626,0.03275466754012447,0.014037714660053343,0.0,0.004679238220017781,0.0,0.0,0.0,0.0,0.0,0.0,0.0,0.0,0.0,0.0,0.0,0.0
SL1869,53.35870693490188,37.71934160446839,8.758835450546192,0.1433443724976521,0.0,0.0,0.0,0.0,0.0,0.0,0.0,0.0,0.019771637585883052,0.0,0.0,0.0,0.0,0.0,0.0,0.0
SL1870,8.446315789473685,77.91157894736843,0.6147368421052631,13.027368421052632,0.0,0.0,0.0,0.0,0.0,0.0,0.0,0.0,0.0,0.0,0.0,0.0,0.0,0.0,0.0,0.0
SL1871,23.573200992555833,70.43010752688173,1.1540430895269604,3.6787585174681947,1.163889873567293,0.0,0.0,0.0,0.0,0.0,0.0,0.0,0.0,0.0,0.0,0.0,0.0,0.0,0.0,0.0
SL1872,100.0,0.0,0.0,0.0,0.0,0.0,0.0,0.0,0.0,0.0,0.0,0.0,0.0,0.0,0.0,0.0,0.0,0.0,0.0,0.0
SL1873,32.0838371624345,62.531237404272474,0.0,4.5304312777106,0.2015316404675534,0.45949214026602175,0.0,0.0,0.19347037484885127,0.0,0.0,0.0,0.0,0.0,0.0,0.0,0.0,0.0,0.0,0.0
SL1874,58.727970857536675,31.53490203800335,0.6005710347543566,9.136556069705621,0.0,0.0,0.0,0.0,0.0,0.0,0.0,0.0,0.0,0.0,0.0,0.0,0.0,0.0,0.0,0.0
SL1875,58.655948336752886,41.340688170596344,0.0,0.003363492650768558,0.0,0.0,0.0,0.0,0.0,0.0,0.0,0.0,0.0,0.0,0.0,0.0,0.0,0.0,0.0,0.0
SL1876,91.21732472930111,7.612381056545991,0.0,1.1156075686317402,0.0,0.010937329104232747,0.0,0.032811987312698236,0.010937329104232747,0.0,0.0,0.0,0.0,0.0,0.0,0.0,0.0,0.0,0.0,0.0
SL1877,25.636305058222487,44.700142679615226,1.5740783357113268,28.084871358217885,0.0,0.0,0.0,0.004602568233074055,0.0,0.0,0.0,0.0,0.0,0.0,0.0,0.0,0.0,0.0,0.0,0.0
SL1878,47.507498928724466,50.16426224825025,2.185402085416369,0.14283673760891302,0.0,0.0,0.0,0.0,0.0,0.0,0.0,0.0,0.0,0.0,0.0,0.0,0.0,0.0,0.0,0.0
SL1879,40.51724137931034,59.17686318131257,0.0,0.29662588060808304,0.0,0.009269558769002595,0.0,0.0,0.0,0.0,0.0,0.0,0.0,0.0,0.0,0.0,0.0,0.0,0.0,0.0
SL1880,19.510049625732353,77.46759389885645,0.0,1.4837928001195,1.0273688403511976,0.0,0.0,0.0,0.0,0.0,0.0,0.0,0.5111948349404989,0.0,0.0,0.0,0.0,0.0,0.0,0.0
SL1881,79.52117738817864,18.227135542066534,2.22794940486283,0.023737664891993623,0.0,0.0,0.0,0.0,0.0,0.0,0.0,0.0,0.0,0.0,0.0,0.0,0.0,0.0,0.0,0.0
SL1882,9.481241641444358,90.47652565636658,0.0,0.04223270218906173,0.0,0.0,0.0,0.0,0.0,0.0,0.0,0.0,0.0,0.0,0.0,0.0,0.0,0.0,0.0,0.0
SL1883,11.77126295842158,84.966373128228,2.5526697135213468,0.7096941998290789,0.0,0.0,0.0,0.0,0.0,0.0,0.0,0.0,0.0,0.0,0.0,0.0,0.0,0.0,0.0,0.0
SL1884,84.41078684891023,13.10491318803103,2.3180642777983005,0.16623568526043592,0.0,0.0,0.0,0.0,0.0,0.0,0.0,0.0,0.0,0.0,0.0,0.0,0.0,0.0,0.0,0.0
SL1885,53.086919771782775,15.878354581953934,2.5744875677960133,28.46023807846728,0.0,0.0,0.0,0.0,0.0,0.0,0.0,0.0,0.0,0.0,0.0,0.0,0.0,0.0,0.0,0.0
SL1886,36.52849162011173,48.9340782122905,0.0,14.537430167597766,0.0,0.0,0.0,0.0,0.0,0.0,0.0,0.0,0.0,0.0,0.0,0.0,0.0,0.0,0.0,0.0
SL1887,15.579299157183456,79.72849354165905,0.36225255223389075,2.367448497932599,0.0,0.0,0.0,0.010977350067693658,0.0,0.0,1.566101942990962,0.0,0.0,0.38542695793235515,0.0,0.0,0.0,0.0,0.0,0.0
SL1888,78.74790370927914,20.074211992763672,0.9164256757648985,0.26145862219229093,0.0,0.0,0.0,0.0,0.0,0.0,0.0,0.0,0.0,0.0,0.0,0.0,0.0,0.0,0.0,0.0
SL1889,28.642998027613412,29.765285996055226,11.084812623274162,30.471400394477318,0.0,0.0,0.0,0.03550295857988166,0.0,0.0,0.0,0.0,0.0,0.0,0.0,0.0,0.0,0.0,0.0,0.0
SL1890,3.1049778215869885,45.87107629034177,0.0,51.023945888071246,0.0,0.0,0.0,0.0,0.0,0.0,0.0,0.0,0.0,0.0,0.0,0.0,0.0,0.0,0.0,0.0
SL1891,72.06226499434672,27.787857274328836,0.0,0.14987773132444585,0.0,0.0,0.0,0.0,0.0,0.0,0.0,0.0,0.0,0.0,0.0,0.0,0.0,0.0,0.0,0.0
SL1892,14.822491141271646,73.45390118339239,1.032961155311894,10.63047402553988,0.0,0.060172494484188,0.0,0.0,0.0,0.0,0.0,0.0,0.0,0.0,0.0,0.0,0.0,0.0,0.0,0.0
SL1893,7.734925058123237,83.32811186043827,0.0,8.936963081438488,0.0,0.0,0.0,0.0,0.0,0.0,0.0,0.0,0.0,0.0,0.0,0.0,0.0,0.0,0.0,0.0
SL1894,30.731337627889353,54.57117595048629,0.0,14.694960212201591,0.0,0.0,0.0,0.0,0.0,0.0,0.002526209422761147,0.0,0.0,0.0,0.0,0.0,0.0,0.0,0.0,0.0
SL1895,39.49536974902698,60.016105220775735,0.2925781774258489,0.19594685277144008,0.0,0.0,0.0,0.0,0.0,0.0,0.0,0.0,0.0,0.0,0.0,0.0,0.0,0.0,0.0,0.0
SL1896,53.40664642849963,29.104762670633882,0.0,17.488590900866487,0.0,0.0,0.0,0.0,0.0,0.0,0.0,0.0,0.0,0.0,0.0,0.0,0.0,0.0,0.0,0.0
SL1897,11.395866238684805,65.47103479900137,1.5285066490039232,21.604592313309897,0.0,0.0,0.0,0.0,0.0,0.0,0.0,0.0,0.0,0.0,0.0,0.0,0.0,0.0,0.0,0.0
SL1898,33.19831667543398,46.70699631772751,1.5228826933193056,18.527091004734352,0.0,0.0,0.0,0.0,0.0,0.0,0.0,0.04471330878485008,0.0,0.0,0.0,0.0,0.0,0.0,0.0,0.0
SL1899,90.47821045784904,7.895704307004892,0.3902604564350556,1.2358247787110093,0.0,0.0,0.0,0.0,0.0,0.0,0.0,0.0,0.0,0.0,0.0,0.0,0.0,0.0,0.0,0.0
SL1900,65.69543132085028,29.51393543966275,2.517465850352296,2.265719265317067,0.0,0.0,0.0,0.007448123817610344,0.0,0.0,0.0,0.0,0.0,0.0,0.0,0.0,0.0,0.0,0.0,0.0
SL1901,49.815872157843174,41.46423865671137,0.9898983073752492,7.729990878070205,0.0,0.0,0.0,0.0,0.0,0.0,0.0,0.0,0.0,0.0,0.0,0.0,0.0,0.0,0.0,0.0
SL1902,30.789771299321437,49.41882382508168,0.0,16.665619502387536,0.0,2.3624026137220406,0.0,0.0,0.5026388539834129,0.15707464186981654,0.0,0.0,0.0,0.0,0.0816788137723046,0.0,0.018848957024377985,0.0,0.0,0.0031414928373963307
SL1903,21.46015970496773,39.80122825934087,0.6797618489522291,37.716625255887365,0.0,0.0,0.0,0.0,0.34222493085181194,0.0,0.0,0.0,0.0,0.0,0.0,0.0,0.0,0.0,0.0,0.0
SL1904,24.065968611708946,33.61787536575339,2.9332817449761808,38.925833675912266,0.0,0.4570406016492153,0.0,0.0,0.0,0.0,0.0,0.0,0.0,0.0,0.0,0.0,0.0,0.0,0.0,0.0
SL1905,56.65811757042827,29.246051131737502,5.133528741247354,8.201025891548607,0.0,0.39285132714541604,0.0,0.3684253378928513,0.0,0.0,0.0,0.0,0.0,0.0,0.0,0.0,0.0,0.0,0.0,0.0
SL1906,75.98108981102187,13.441332623788721,1.3143076370926823,9.262032350284024,0.0,0.0,0.0,0.0,0.0,0.0,0.0,0.0,0.0,0.0,0.0,0.0,0.0,0.0,0.0,0.0012375778127049738
SL1907,67.76822642121482,28.975752169329333,2.9052793771794665,0.3487146216851837,0.0,0.0,0.0,0.0,0.0,0.0,0.0,0.0020274105911929283,0.0,0.0,0.0,0.0,0.0,0.0,0.0,0.0
SL1908,75.86047073996453,4.572384330162825,19.35152345639207,0.21562147348057392,0.0,0.0,0.0,0.0,0.0,0.0,0.0,0.0,0.0,0.0,0.0,0.0,0.0,0.0,0.0,0.0
SL1909,24.37574790586358,32.6286398085361,1.936577582768249,40.68807339449541,0.22536896689270045,0.0,0.0,0.0,0.0,0.0,0.0,0.0,0.0,0.0,0.0,0.0,0.1455923414439569,0.0,0.0,0.0
SL1910,34.658909786420146,61.37073637233025,1.9493146318138348,0.9547338221230475,0.0,0.0,0.0,1.0503665922856231,0.0,0.0,0.0015938795027095952,0.014344915524386357,0.0,0.0,0.0,0.0,0.0,0.0,0.0,0.0
SL1911,8.360514198004605,84.1327705295472,0.0,7.506715272448196,0.0,0.0,0.0,0.0,0.0,0.0,0.0,0.0,0.0,0.0,0.0,0.0,0.0,0.0,0.0,0.0
SL1912,67.20464061001567,27.326737304984444,3.8055808949079597,1.6630411900919233,0.0,0.0,0.0,0.0,0.0,0.0,0.0,0.0,0.0,0.0,0.0,0.0,0.0,0.0,0.0,0.0
SL1913,13.65652939582769,81.55648875643458,0.0,4.431387157951774,0.0,0.28786236792197234,0.0,0.0,0.0,0.0,0.0,0.0677323218639935,0.0,0.0,0.0,0.0,0.0,0.0,0.0,0.0
SL1914,24.038382678586075,70.2834959949698,4.365892998715109,1.2274802482298586,0.0,0.0,0.0,0.08474807949916618,0.0,0.0,0.0,0.0,0.0,0.0,0.0,0.0,0.0,0.0,0.0,0.0
SL1915,83.33333333333333,16.666666666666668,0.0,0.0,0.0,0.0,0.0,0.0,0.0,0.0,0.0,0.0,0.0,0.0,0.0,0.0,0.0,0.0,0.0,0.0
SL1916,100.0,0.0,0.0,0.0,0.0,0.0,0.0,0.0,0.0,0.0,0.0,0.0,0.0,0.0,0.0,0.0,0.0,0.0,0.0,0.0
SL1917,61.850514031675466,9.883697852578097,2.246655817092049,26.019132298654387,0.0,0.0,0.0,0.0,0.0,0.0,0.0,0.0,0.0,0.0,0.0,0.0,0.0,0.0,0.0,0.0
SL1918,5.291764501260979,87.19453865553527,0.004348204191668841,7.509348639012088,0.0,0.0,0.0,0.0,0.0,0.0,0.0,0.0,0.0,0.0,0.0,0.0,0.0,0.0,0.0,0.0
SL1919,16.856640043319345,46.365236225802086,6.543928523081088,30.234195207797484,0.0,0.0,0.0,0.0,0.0,0.0,0.0,0.0,0.0,0.0,0.0,0.0,0.0,0.0,0.0,0.0
SL1920,74.68673555988218,11.170186211372373,1.767260745843942,12.13618890719385,0.14477559782337376,0.054914881933003847,0.0,0.02246517897259248,0.0,0.0,0.0,0.007488392990864161,0.0,0.0,0.0,0.009984523987818881,0.0,0.0,0.0,0.0
SL1921,72.84504474246096,21.375620756663388,1.0795768058920903,4.699757694983567,0.0,0.0,0.0,0.0,0.0,0.0,0.0,0.0,0.0,0.0,0.0,0.0,0.0,0.0,0.0,0.0
SL1922,30.88546304541407,45.75077916295637,0.0,12.842275155832592,10.518699910952805,0.0027827248441674086,0.0,0.0,0.0,0.0,0.0,0.0,0.0,0.0,0.0,0.0,0.0,0.0,0.0,0.0
SL1923,78.23694849709966,18.089295130954472,0.7540868342415187,2.919669537704342,0.0,0.0,0.0,0.0,0.0,0.0,0.0,0.0,0.0,0.0,0.0,0.0,0.0,0.0,0.0,0.0
SL1924,57.65265662172879,20.152073517749685,0.0,8.657927881699864,0.0,0.0,12.669683257918551,0.0,0.004664831832812427,0.0,0.0,0.8629938890702991,0.0,0.0,0.0,0.0,0.0,0.0,0.0,0.0
SL1925,50.14773586202158,40.17957351290685,3.002817288531574,6.669873336540003,0.0,0.0,0.0,0.0,0.0,0.0,0.0,0.0,0.0,0.0,0.0,0.0,0.0,0.0,0.0,0.0
SL1926,13.990726899592085,81.49687096202082,2.3284096379437025,2.1839925004433858,0.0,0.0,0.0,0.0,0.0,0.0,0.0,0.0,0.0,0.0,0.0,0.0,0.0,0.0,0.0,0.0
SL1927,64.46394296682205,35.532401060232154,0.0,0.003655972945800201,0.0,0.0,0.0,0.0,0.0,0.0,0.0,0.0,0.0,0.0,0.0,0.0,0.0,0.0,0.0,0.0
SL1928,85.06027270930768,10.484596974288035,1.5194431636036274,2.93568715280065,0.0,0.0,0.0,0.0,0.0,0.0,0.0,0.0,0.0,0.0,0.0,0.0,0.0,0.0,0.0,0.0
SL1929,94.1088067327923,3.8272718164512574,0.0,1.953712052900511,0.11020939785592626,0.0,0.0,0.0,0.0,0.0,0.0,0.0,0.0,0.0,0.0,0.0,0.0,0.0,0.0,0.0
SL1930,17.815454841865016,80.21302032387784,1.1129225084229974,0.8586023258341484,0.0,0.0,0.0,0.0,0.0,0.0,0.0,0.0,0.0,0.0,0.0,0.0,0.0,0.0,0.0,0.0
SL1931,84.26352981001142,5.265941691702281,6.12702576905175,4.343502729234545,0.0,0.0,0.0,0.0,0.0,0.0,0.0,0.0,0.0,0.0,0.0,0.0,0.0,0.0,0.0,0.0
SL1932,80.65300662734845,11.679941630692527,1.3680306438864231,6.299021098072597,0.0,0.0,0.0,0.0,0.0,0.0,0.0,0.0,0.0,0.0,0.0,0.0,0.0,0.0,0.0,0.0
SL1933,57.92343995804929,40.783579294329165,0.0,1.2914825080530377,0.0,0.0,0.0,0.0,0.0,0.0,0.0,0.0,0.0,0.0,0.0,0.0,0.0,0.0,0.0,0.0014982395685070042
SL1934,52.46766462255309,43.038856010497284,1.5317462442760357,2.9617331226735932,0.0,0.0,0.0,0.0,0.0,0.0,0.0,0.0,0.0,0.0,0.0,0.0,0.0,0.0,0.0,0.0
SL1935,59.08341929347462,25.418302142082066,1.4267150722735007,14.070223853604297,0.0,0.0,0.0,0.0013396385655150241,0.0,0.0,0.0,0.0,0.0,0.0,0.0,0.0,0.0,0.0,0.0,0.0
SL1936,83.33333333333333,16.666666666666668,0.0,0.0,0.0,0.0,0.0,0.0,0.0,0.0,0.0,0.0,0.0,0.0,0.0,0.0,0.0,0.0,0.0,0.0
SL1937,91.10722340492802,6.884050334085113,0.6850325653942626,1.235166410218578,0.0,0.08852728537402778,0.0,0.0,0.0,0.0,0.0,0.0,0.0,0.0,0.0,0.0,0.0,0.0,0.0,0.0
SL1938,95.83333333333333,3.6458333333333335,0.0,0.5208333333333334,0.0,0.0,0.0,0.0,0.0,0.0,0.0,0.0,0.0,0.0,0.0,0.0,0.0,0.0,0.0,0.0
SL1939,68.35938785584993,6.779661016949152,1.609346717130163,23.251604410070758,0.0,0.0,0.0,0.0,0.0,0.0,0.0,0.0,0.0,0.0,0.0,0.0,0.0,0.0,0.0,0.0
SL1940,95.73170731707317,1.752515776906021,0.0,2.5157769060208084,0.0,0.0,0.0,0.0,0.0,0.0,0.0,0.0,0.0,0.0,0.0,0.0,0.0,0.0,0.0,0.0
SL1941,10.251700485032861,85.82929139281921,0.9313204947909193,2.6705507562494617,0.0,0.0817954825933473,0.0,0.0,0.0,0.0,0.0,0.0,0.0,0.0,0.23534138851419223,0.0,0.0,0.0,0.0,0.0
SL1942,68.3407893866937,29.38052317253234,0.0,2.2742799215461575,0.0,0.0022037596139013156,0.0,0.0,0.0022037596139013156,0.0,0.0,0.0,0.0,0.0,0.0,0.0,0.0,0.0,0.0,0.0
SL1943,5.401246441486497,69.8776640763253,0.0,17.92721397245518,0.0,6.793875509733016,0.0,0.0,0.0,0.0,0.0,0.0,0.0,0.0,0.0,0.0,0.0,0.0,0.0,0.0
SL1944,47.565093628777944,26.0486144057154,1.7023414171294617,18.549939999441854,0.0,6.134010548935339,0.0,0.0,0.0,0.0,0.0,0.0,0.0,0.0,0.0,0.0,0.0,0.0,0.0,0.0
SL1945,29.012393195289047,52.16175300849306,14.86413671003002,3.8770430811074332,0.0,0.08210812613860878,0.0,0.0,0.0,0.0,0.0025658789418315244,0.0,0.0,0.0,0.0,0.0,0.0,0.0,0.0,0.0
SL1946,21.863614617451148,71.08342840319435,6.925992713355169,0.06256210208663011,0.0,0.06440216391270746,0.0,0.0,0.0,0.0,0.0,0.0,0.0,0.0,0.0,0.0,0.0,0.0,0.0,0.0
SL1947,39.7216782386802,43.94694676873776,0.0,16.33137499258204,0.0,0.0,0.0,0.0,0.0,0.0,0.0,0.0,0.0,0.0,0.0,0.0,0.0,0.0,0.0,0.0
SL1948,50.267859647154516,26.090371076767735,4.689647434998458,18.952121841079293,0.0,0.0,0.0,0.0,0.0,0.0,0.0,0.0,0.0,0.0,0.0,0.0,0.0,0.0,0.0,0.0
SL1949,18.442798730449205,68.51571212077889,0.0028593486403797213,13.03291110285077,0.0,0.0,0.0,0.0,0.0,0.0,0.0,0.0,0.0,0.0,0.0,0.0,0.005718697280759443,0.0,0.0,0.0
SL1950,84.27204122952328,9.331860850358918,1.1825878888275354,4.974231547947727,0.0,0.0,0.0,0.22547395545739002,0.0,0.0,0.0,0.013804527885146328,0.0,0.0,0.0,0.0,0.0,0.0,0.0,0.0
SL1951,58.717353453279166,13.20661636680209,0.4410911201392919,27.634939059779455,0.0,0.0,0.0,0.0,0.0,0.0,0.0,0.0,0.0,0.0,0.0,0.0,0.0,0.0,0.0,0.0
SL1952,20.53849276146665,27.952915708293872,3.389257204708429,48.11933432553105,0.0,0.0,0.0,0.0,0.0,0.0,0.0,0.0,0.0,0.0,0.0,0.0,0.0,0.0,0.0,0.0
SL1953,97.75290761465877,0.05047180162387536,2.1922317314022384,0.004388852315119597,0.0,0.0,0.0,0.0,0.0,0.0,0.0,0.0,0.0,0.0,0.0,0.0,0.0,0.0,0.0,0.0
SL1954,6.67856471914334,79.64024046590269,0.0,13.681194814953974,0.0,0.0,0.0,0.0,0.0,0.0,0.0,0.0,0.0,0.0,0.0,0.0,0.0,0.0,0.0,0.0
SL1955,81.35364551127101,14.070493001292935,0.0028107257293833268,4.573050761706672,0.0,0.0,0.0,0.0,0.0,0.0,0.0,0.0,0.0,0.0,0.0,0.0,0.0,0.0,0.0,0.0
SL1956,96.03858498464973,2.38277979346916,0.0,0.9402037398827798,0.0,0.0,0.0,0.6384314819983254,0.0,0.0,0.0,0.0,0.0,0.0,0.0,0.0,0.0,0.0,0.0,0.0
SL1957,83.96786796364216,8.870196140966353,4.967309838941158,2.194626056450327,0.0,0.0,0.0,0.0,0.0,0.0,0.0,0.0,0.0,0.0,0.0,0.0,0.0,0.0,0.0,0.0
SL1958,61.153259626382,33.09187952725886,4.367136866183759,1.3724742661075104,0.0,0.013343499809378575,0.0,0.0,0.0,0.0,0.0019062142584826535,0.0,0.0,0.0,0.0,0.0,0.0,0.0,0.0,0.0
SL1959,11.33057214810498,86.36439319832664,1.657751784710804,0.6472828688575769,0.0,0.0,0.0,0.0,0.0,0.0,0.0,0.0,0.0,0.0,0.0,0.0,0.0,0.0,0.0,0.0
SL1960,27.320549285867205,32.23231489127443,0.47710799155885864,39.734532220081356,0.0,0.14680245894118726,0.0,0.0,0.08869315227696731,0.0,0.0,0.0,0.0,0.0,0.0,0.0,0.0,0.0,0.0,0.0
SL1961,30.662472842828887,45.21060994195661,0.5204448912091831,22.68069652063945,0.29832355134731997,0.6274522520185479,0.0,0.0,0.0,0.0,0.0,0.0,0.0,0.0,0.0,0.0,0.0,0.0,0.0,0.0
SL1962,97.7680737506065,2.1348859776807374,0.0,0.09704027171276079,0.0,0.0,0.0,0.0,0.0,0.0,0.0,0.0,0.0,0.0,0.0,0.0,0.0,0.0,0.0,0.0
SL1963,57.82140951096879,38.47644729080644,3.483048228982332,0.21909496924243702,0.0,0.0,0.0,0.0,0.0,0.0,0.0,0.0,0.0,0.0,0.0,0.0,0.0,0.0,0.0,0.0
SL1964,25.373314793543315,60.04776011123874,3.179977026781936,11.395925276585455,0.0,0.0,0.0,0.0,0.0,0.0,0.003022791850553171,0.0,0.0,0.0,0.0,0.0,0.0,0.0,0.0,0.0
SL1965,92.86179214580169,6.48730744196138,0.0,0.640052072032979,0.0,0.010848340203948795,0.0,0.0,0.0,0.0,0.0,0.0,0.0,0.0,0.0,0.0,0.0,0.0,0.0,0.0
SL1966,5.220592336438173,83.92548385297563,0.3011880194098946,10.552735791176307,0.0,0.0,0.0,0.0,0.0,0.0,0.0,0.0,0.0,0.0,0.0,0.0,0.0,0.0,0.0,0.0
SL1967,14.3002268002268,63.496975996976,1.6206766206766208,20.06945756945757,0.0,0.5126630126630126,0.0,0.0,0.0,0.0,0.0,0.0,0.0,0.0,0.0,0.0,0.0,0.0,0.0,0.0
SL1968,52.070684942938804,38.13815693392585,5.89806179716676,3.89309632596858,0.0,0.0,0.0,0.0,0.0,0.0,0.0,0.0,0.0,0.0,0.0,0.0,0.0,0.0,0.0,0.0
SL1969,78.78625472887768,14.769861286254729,0.0,6.4438839848675915,0.0,0.0,0.0,0.0,0.0,0.0,0.0,0.0,0.0,0.0,0.0,0.0,0.0,0.0,0.0,0.0
SL1970,7.019204227296029,75.40518159233409,16.562167277889507,1.0095035293189794,0.0,0.003943373161402263,0.0,0.0,0.0,0.0,0.0,0.0,0.0,0.0,0.0,0.0,0.0,0.0,0.0,0.0
SL1971,66.43711843711844,2.4615384615384617,2.559218559218559,28.542124542124544,0.0,0.0,0.0,0.0,0.0,0.0,0.0,0.0,0.0,0.0,0.0,0.0,0.0,0.0,0.0,0.0
SL1972,73.53315588473556,1.9673648883231107,19.922462677930795,4.577016549010531,0.0,0.0,0.0,0.0,0.0,0.0,0.0,0.0,0.0,0.0,0.0,0.0,0.0,0.0,0.0,0.0
SL1973,22.434315967657703,3.7960778664169563,0.0,73.76960616592534,0.0,0.0,0.0,0.0,0.0,0.0,0.0,0.0,0.0,0.0,0.0,0.0,0.0,0.0,0.0,0.0
SL1974,5.983955598794277,93.00808599543866,0.0,1.0079584057670532,0.0,0.0,0.0,0.0,0.0,0.0,0.0,0.0,0.0,0.0,0.0,0.0,0.0,0.0,0.0,0.0
SL1975,40.84344914190038,54.94279335844845,0.8615878331240407,3.1777591739919075,0.0,0.17441049253523092,0.0,0.0,0.0,0.0,0.0,0.0,0.0,0.0,0.0,0.0,0.0,0.0,0.0,0.0
SL1976,87.67213114754098,11.278688524590164,0.39344262295081966,0.6557377049180327,0.0,0.0,0.0,0.0,0.0,0.0,0.0,0.0,0.0,0.0,0.0,0.0,0.0,0.0,0.0,0.0
SL1977,68.03595075085228,11.593835404164201,1.566506071619756,18.185275969909558,0.0,0.6170230749725298,0.0,0.0014087284816724425,0.0,0.0,0.0,0.0,0.0,0.0,0.0,0.0,0.0,0.0,0.0,0.0
SL1978,13.637298485975098,69.84764827793511,1.6516635289278425,14.863389707161955,0.0,0.0,0.0,0.0,0.0,0.0,0.0,0.0,0.0,0.0,0.0,0.0,0.0,0.0,0.0,0.0
SL1979,87.0998147365684,9.701953391620892,0.6727987779113985,2.3791724900055256,0.0,0.0,0.0,0.11375824747294179,0.0,0.0,0.0,0.03250235642084051,0.0,0.0,0.0,0.0,0.0,0.0,0.0,0.0
SL1980,71.61626956685735,19.427505710274303,1.114813184970977,7.841411537897362,0.0,0.0,0.0,0.0,0.0,0.0,0.0,0.0,0.0,0.0,0.0,0.0,0.0,0.0,0.0,0.0
SL1981,51.50807789176239,20.316563261461596,2.762249933452096,25.413108913323914,0.0,0.0,0.0,0.0,0.0,0.0,0.0,0.0,0.0,0.0,0.0,0.0,0.0,0.0,0.0,0.0
SL1982,84.6749019503215,6.307195645793869,3.1322536751954324,5.885648728689203,0.0,0.0,0.0,0.0,0.0,0.0,0.0,0.0,0.0,0.0,0.0,0.0,0.0,0.0,0.0,0.0
SL1983,4.456310679611651,93.5631067961165,0.0,1.912621359223301,0.0,0.0,0.0,0.04854368932038835,0.0,0.0,0.0,0.019417475728155338,0.0,0.0,0.0,0.0,0.0,0.0,0.0,0.0
SL1984,18.39629416834243,81.36311404768745,0.23700086182131572,0.003590922148807814,0.0,0.0,0.0,0.0,0.0,0.0,0.0,0.0,0.0,0.0,0.0,0.0,0.0,0.0,0.0,0.0
SL1985,97.05117085862966,2.6973113616652213,0.0,0.2515177797051171,0.0,0.0,0.0,0.0,0.0,0.0,0.0,0.0,0.0,0.0,0.0,0.0,0.0,0.0,0.0,0.0
SL1986,15.74642126789366,81.25019076397156,0.4914079907212404,2.121295363672435,0.0,0.3906846137411104,0.0,0.0,0.0,0.0,0.0,0.0,0.0,0.0,0.0,0.0,0.0,0.0,0.0,0.0
SL1987,14.61662823672842,84.99377169966341,0.368397339058069,0.02120272455010469,0.0,0.0,0.0,0.0,0.0,0.0,0.0,0.0,0.0,0.0,0.0,0.0,0.0,0.0,0.0,0.0
SL1988,45.03263234227701,54.33889291757312,0.0,0.628474740149867,0.0,0.0,0.0,0.0,0.0,0.0,0.0,0.0,0.0,0.0,0.0,0.0,0.0,0.0,0.0,0.0
SL1989,31.54803646563815,59.256661991584856,0.6399018232819075,8.55539971949509,0.0,0.0,0.0,0.0,0.0,0.0,0.0,0.0,0.0,0.0,0.0,0.0,0.0,0.0,0.0,0.0
SL1990,53.73602667189645,37.45048048636988,5.510884487154344,3.302608354579329,0.0,0.0,0.0,0.0,0.0,0.0,0.0,0.0,0.0,0.0,0.0,0.0,0.0,0.0,0.0,0.0
SL1991,44.86544415336985,53.03405572755418,1.478923553226959,0.6215765658490117,0.0,0.0,0.0,0.0,0.0,0.0,0.0,0.0,0.0,0.0,0.0,0.0,0.0,0.0,0.0,0.0
SL1992,40.389466696171716,43.28391236999336,12.219517592387696,4.093826067714096,0.0,0.013277273733126798,0.0,0.0,0.0,0.0,0.0,0.0,0.0,0.0,0.0,0.0,0.0,0.0,0.0,0.0
SL1993,98.57142857142857,1.4285714285714286,0.0,0.0,0.0,0.0,0.0,0.0,0.0,0.0,0.0,0.0,0.0,0.0,0.0,0.0,0.0,0.0,0.0,0.0
SL1994,49.58949775463537,48.965479240708596,0.0,1.4450230046560322,0.0,0.0,0.0,0.0,0.0,0.0,0.0,0.0,0.0,0.0,0.0,0.0,0.0,0.0,0.0,0.0
SL1995,71.66825159625051,24.235837522075805,0.0,4.08911832631436,0.0,0.0,0.0,0.0,0.0,0.0,0.0,0.006792555359326179,0.0,0.0,0.0,0.0,0.0,0.0,0.0,0.0
SL1996,28.636554495831085,70.63163577469858,0.2999220202747286,0.41989082838462,0.0,0.011996880810989144,0.0,0.0,0.0,0.0,0.0,0.0,0.0,0.0,0.0,0.0,0.0,0.0,0.0,0.0
SL1997,37.16333715061288,57.55185138058277,1.1791152394282562,4.105696229376087,0.0,0.0,0.0,0.0,0.0,0.0,0.0,0.0,0.0,0.0,0.0,0.0,0.0,0.0,0.0,0.0
SL1998,84.60648891744299,5.258592997108898,5.913909412142628,4.214584002569868,0.0,0.0032123353678123997,0.0,0.0032123353678123997,0.0,0.0,0.0,0.0,0.0,0.0,0.0,0.0,0.0,0.0,0.0,0.0
SL1999,38.458574181117534,60.09633911368015,0.0,1.2909441233140655,0.0,0.0,0.0,0.0,0.15414258188824662,0.0,0.0,0.0,0.0,0.0,0.0,0.0,0.0,0.0,0.0,0.0
SL2000,55.38415185296776,38.867128653208795,0.40373606507984333,5.194335643266044,0.0,0.15064778547755348,0.0,0.0,0.0,0.0,0.0,0.0,0.0,0.0,0.0,0.0,0.0,0.0,0.0,0.0
SL2001,38.834644006966805,56.16720325117433,0.84446086451681,4.15369187734206,0.0,0.0,0.0,0.0,0.0,0.0,0.0,0.0,0.0,0.0,0.0,0.0,0.0,0.0,0.0,0.0
SL2002,73.99761178187607,24.630489584715406,1.2259519702799522,0.14594666312856575,0.0,0.0,0.0,0.0,0.0,0.0,0.0,0.0,0.0,0.0,0.0,0.0,0.0,0.0,0.0,0.0
SL2003,81.76311696815912,9.437668822133093,3.413276581812229,5.3777523123516415,0.0,0.008185315543914218,0.0,0.0,0.0,0.0,0.0,0.0,0.0,0.0,0.0,0.0,0.0,0.0,0.0,0.0
SL2004,54.25083240843507,22.93007769145394,0.0,22.81908990011099,0.0,0.0,0.0,0.0,0.0,0.0,0.0,0.0,0.0,0.0,0.0,0.0,0.0,0.0,0.0,0.0
SL2005,68.3302472874522,23.489712219011196,2.422690224444944,5.682939069340855,0.0,0.0,0.005191479052382024,0.06921972069842698,0.0,0.0,0.0,0.0,0.0,0.0,0.0,0.0,0.0,0.0,0.0,0.0
SL2006,62.93172349290026,25.547147351415695,0.0,11.254145055692543,0.0,0.0,0.0,0.1972621375733356,0.0,0.0,0.06972196241816173,0.0,0.0,0.0,0.0,0.0,0.0,0.0,0.0,0.0
SL2007,84.0,4.0,8.0,4.0,0.0,0.0,0.0,0.0,0.0,0.0,0.0,0.0,0.0,0.0,0.0,0.0,0.0,0.0,0.0,0.0
SL2008,3.914130143711506,33.25894849593859,0.0,62.82692136034991,0.0,0.0,0.0,0.0,0.0,0.0,0.0,0.0,0.0,0.0,0.0,0.0,0.0,0.0,0.0,0.0
SL2009,79.1,18.366666666666667,1.6,0.9333333333333333,0.0,0.0,0.0,0.0,0.0,0.0,0.0,0.0,0.0,0.0,0.0,0.0,0.0,0.0,0.0,0.0
SL2010,83.78378378378379,12.162162162162161,4.054054054054054,0.0,0.0,0.0,0.0,0.0,0.0,0.0,0.0,0.0,0.0,0.0,0.0,0.0,0.0,0.0,0.0,0.0
SL2011,70.77922077922078,2.75974025974026,0.0,26.461038961038962,0.0,0.0,0.0,0.0,0.0,0.0,0.0,0.0,0.0,0.0,0.0,0.0,0.0,0.0,0.0,0.0
SL2012,86.83785529715762,1.5073212747631353,10.357450473729543,1.2919896640826873,0.0,0.0,0.0,0.0,0.0,0.0,0.0,0.005383290267011198,0.0,0.0,0.0,0.0,0.0,0.0,0.0,0.0
SL2013,23.962463653185303,61.34020618556701,0.0,14.65767909066878,0.0,0.0,0.0,0.0,0.0,0.0,0.03965107057890563,0.0,0.0,0.0,0.0,0.0,0.0,0.0,0.0,0.0
SL2014,65.63526314360936,33.8653204136471,0.40170453003284207,0.09771191271069131,0.0,0.0,0.0,0.0,0.0,0.0,0.0,0.0,0.0,0.0,0.0,0.0,0.0,0.0,0.0,0.0
SL2015,14.444681564586446,44.72424621200573,6.938812841071918,33.8922593823359,0.0,0.0,0.0,0.0,0.0,0.0,0.0,0.0,0.0,0.0,0.0,0.0,0.0,0.0,0.0,0.0
SL2016,45.20943113196662,41.12850494249779,4.657871456594484,9.004192468941113,0.0,0.0,0.0,0.0,0.0,0.0,0.0,0.0,0.0,0.0,0.0,0.0,0.0,0.0,0.0,0.0
SL2017,57.67957391679862,42.31862674535771,0.0,0.0017993378436735282,0.0,0.0,0.0,0.0,0.0,0.0,0.0,0.0,0.0,0.0,0.0,0.0,0.0,0.0,0.0,0.0
SL2018,34.891356476186964,53.967609842476115,0.0,10.713099937285572,0.4242446600509094,0.0,0.0,0.0,0.0,0.0,0.0,0.00368908400044269,0.0,0.0,0.0,0.0,0.0,0.0,0.0,0.0
SL2019,3.189017305693145,47.495872317006054,0.0,49.315110377300805,0.0,0.0,0.0,0.0,0.0,0.0,0.0,0.0,0.0,0.0,0.0,0.0,0.0,0.0,0.0,0.0
SL2020,50.7297655904467,38.489606368863335,0.0,10.769570986289253,0.0,0.0,0.0,0.0,0.0,0.011057054400707651,0.0,0.0,0.0,0.0,0.0,0.0,0.0,0.0,0.0,0.0
SL2021,57.0290199809705,22.752140818268316,2.2597526165556614,17.95908658420552,0.0,0.0,0.0,0.0,0.0,0.0,0.0,0.0,0.0,0.0,0.0,0.0,0.0,0.0,0.0,0.0
SL2022,52.34375,42.7734375,0.0,4.8828125,0.0,0.0,0.0,0.0,0.0,0.0,0.0,0.0,0.0,0.0,0.0,0.0,0.0,0.0,0.0,0.0
SL2023,63.93604205453948,4.052130106231519,0.0,31.98992443324937,0.0,0.0,0.010951702989814916,0.0,0.0,0.0,0.0,0.010951702989814916,0.0,0.0,0.0,0.0,0.0,0.0,0.0,0.0
SL2024,17.75997637417402,54.79715013474104,11.702166931226698,15.740706559858245,0.0,0.0,0.0,0.0,0.0,0.0,0.0,0.0,0.0,0.0,0.0,0.0,0.0,0.0,0.0,0.0
SL2025,19.05384933204793,22.765459303126292,2.1828949180553643,55.997796446770415,0.0,0.0,0.0,0.0,0.0,0.0,0.0,0.0,0.0,0.0,0.0,0.0,0.0,0.0,0.0,0.0
SLP2W,21.154485049833887,57.76578073089701,0.0,18.704318936877076,2.3588039867109636,0.008305647840531562,0.0,0.0,0.0,0.008305647840531562,0.0,0.0,0.0,0.0,0.0,0.0,0.0,0.0,0.0,0.0
SLPW1B,89.77398015435502,9.709206174200661,0.0,0.38588754134509373,0.0,0.0,0.048235942668136716,0.0689084895259096,0.0,0.0,0.0,0.0,0.013781697905181918,0.0,0.0,0.0,0.0,0.0,0.0,0.0
SLPW3A,88.09655020390169,10.31632315661854,0.0,0.7825416069657225,0.0,0.8045850325140527,0.0,0.0,0.0,0.0,0.0,0.0,0.0,0.0,0.0,0.0,0.0,0.0,0.0,0.0
SLPW4A,83.09803921568627,16.352941176470587,0.0,0.5490196078431373,0.0,0.0,0.0,0.0,0.0,0.0,0.0,0.0,0.0,0.0,0.0,0.0,0.0,0.0,0.0,0.0
SLPW5X,50.869061413673236,43.87261757302114,0.0,5.25832101330563,0.0,0.0,0.0,0.0,0.0,0.0,0.0,0.0,0.0,0.0,0.0,0.0,0.0,0.0,0.0,0.0
SLPW6A,88.37064676616916,8.83084577114428,0.0,2.798507462686567,0.0,0.0,0.0,0.0,0.0,0.0,0.0,0.0,0.0,0.0,0.0,0.0,0.0,0.0,0.0,0.0
SLPW7,88.88888888888889,10.68917018284107,0.0,0.4219409282700422,0.0,0.0,0.0,0.0,0.0,0.0,0.0,0.0,0.0,0.0,0.0,0.0,0.0,0.0,0.0,0.0
SLPW8,71.08433734939759,28.91566265060241,0.0,0.0,0.0,0.0,0.0,0.0,0.0,0.0,0.0,0.0,0.0,0.0,0.0,0.0,0.0,0.0,0.0,0.0
